gender,SeniorCitizen,Dependents,tenure,PhoneService,MultipleLines,InternetService,Contract,MonthlyCharges,Churn,Cluster
Female,0,No,1,No,No,DSL,Month-to-month,25,Yes,1
Male,0,No,41,Yes,No,DSL,One year,25,No,1
Female,0,Yes,52,Yes,No,DSL,Month-to-month,19,No,1
Female,0,No,1,Yes,No,DSL,One year,76,Yes,0
Male,0,No,67,Yes,No,Fiber optic,Month-to-month,51,No,2
Female,1,No,68,Yes,Yes,Fiber optic,Month-to-month,90,Yes,3
Female,0,Yes,23,Yes,Yes,Fiber optic,Month-to-month,77,No,0
Male,0,Yes,72,Yes,No,DSL,Month-to-month,72,No,2
Male,0,No,70,Yes,Yes,Fiber optic,Month-to-month,104,Yes,2
Male,0,No,1,Yes,No,DSL,One year,19,Yes,1
Male,0,No,1,Yes,No,DSL,Month-to-month,20,No,1
Male,0,Yes,34,Yes,No,DSL,Two year,84,No,2
Male,1,Yes,28,Yes,Yes,Fiber optic,One year,51,No,3
Female,1,No,18,Yes,Yes,Fiber optic,Month-to-month,85,Yes,3
Female,0,No,15,Yes,No,Fiber optic,Month-to-month,20,No,1
Female,1,No,11,Yes,Yes,Fiber optic,Two year,95,Yes,3
Male,0,No,11,Yes,No,DSL,One year,54,Yes,0
Male,0,Yes,1,Yes,Yes,Fiber optic,Two year,70,Yes,0
Female,0,Yes,37,Yes,No,DSL,Month-to-month,89,No,2
Male,0,Yes,22,Yes,No,Fiber optic,Month-to-month,89,Yes,0
Female,0,No,1,Yes,No,DSL,Month-to-month,70,No,0
Female,0,Yes,1,Yes,No,DSL,One year,19,No,1
Male,0,Yes,46,Yes,No,DSL,Month-to-month,80,No,2
Female,0,No,51,Yes,Yes,DSL,Two year,107,No,2
Female,0,No,41,Yes,No,DSL,Month-to-month,104,No,2
Female,0,No,5,Yes,No,DSL,Month-to-month,68,Yes,0
Female,0,No,45,Yes,Yes,Fiber optic,Month-to-month,89,Yes,2
Male,0,Yes,29,Yes,No,DSL,Month-to-month,60,No,1
Female,1,No,15,Yes,Yes,DSL,Two year,92,No,3
Male,0,No,72,No,No,DSL,Month-to-month,64,No,2
Male,0,No,50,Yes,Yes,Fiber optic,Two year,104,No,2
Male,0,Yes,27,Yes,No,Fiber optic,Month-to-month,21,No,1
Male,0,No,72,Yes,No,DSL,One year,85,No,2
Female,0,Yes,51,Yes,No,DSL,Month-to-month,70,No,2
Female,0,No,60,Yes,No,DSL,Month-to-month,94,No,2
Male,0,No,17,Yes,Yes,Fiber optic,Two year,19,No,1
Female,0,No,72,Yes,No,Fiber optic,Month-to-month,21,No,1
Female,0,No,33,Yes,No,Fiber optic,Month-to-month,104,Yes,2
Female,1,Yes,66,Yes,Yes,Fiber optic,Month-to-month,105,No,3
Female,0,Yes,69,Yes,Yes,Fiber optic,Month-to-month,104,Yes,2
Male,0,No,5,Yes,No,DSL,One year,70,Yes,0
Female,0,No,57,Yes,Yes,DSL,Two year,101,No,2
Female,1,No,8,Yes,No,DSL,One year,76,Yes,3
Female,0,No,14,Yes,Yes,DSL,Two year,51,No,0
Male,0,No,25,Yes,Yes,DSL,Month-to-month,95,Yes,0
Female,0,Yes,52,Yes,Yes,Fiber optic,Month-to-month,20,No,1
Female,1,No,7,Yes,No,DSL,Month-to-month,76,Yes,3
Male,0,No,13,Yes,No,Fiber optic,Month-to-month,80,Yes,0
Female,1,No,15,Yes,Yes,DSL,Two year,90,Yes,3
Male,0,No,22,Yes,Yes,DSL,Two year,55,Yes,0
Female,0,No,19,Yes,Yes,Fiber optic,Month-to-month,20,No,1
Male,0,Yes,23,No,No,Fiber optic,Month-to-month,30,No,1
Female,0,No,72,Yes,Yes,DSL,Month-to-month,114,No,2
Male,1,No,72,Yes,Yes,Fiber optic,Month-to-month,98,No,3
Female,0,Yes,59,Yes,No,DSL,One year,97,No,2
Female,0,Yes,70,Yes,Yes,Fiber optic,Month-to-month,75,No,2
Male,0,Yes,70,Yes,Yes,Fiber optic,One year,101,No,2
Male,0,Yes,9,Yes,Yes,Fiber optic,One year,103,No,0
Female,0,No,3,Yes,Yes,DSL,Two year,25,No,1
Male,1,No,17,Yes,Yes,Fiber optic,Two year,102,No,3
Female,0,Yes,28,Yes,Yes,Fiber optic,Month-to-month,70,No,0
Female,0,No,10,Yes,Yes,Fiber optic,Month-to-month,54,No,0
Male,0,Yes,11,Yes,No,DSL,Two year,21,No,1
Male,1,No,72,Yes,No,DSL,One year,103,No,3
Male,0,No,8,Yes,Yes,Fiber optic,Month-to-month,70,Yes,0
Male,1,No,69,Yes,No,DSL,Month-to-month,20,No,3
Female,0,Yes,39,Yes,Yes,Fiber optic,One year,20,No,1
Male,0,Yes,67,No,No,DSL,Two year,51,No,2
Male,0,No,39,Yes,No,DSL,Two year,20,No,1
Male,0,Yes,54,Yes,No,Fiber optic,Month-to-month,66,No,2
Female,0,No,1,Yes,No,DSL,Month-to-month,74,Yes,0
Female,0,Yes,72,No,No,DSL,One year,60,No,2
Male,0,No,10,Yes,Yes,Fiber optic,Two year,99,Yes,0
Male,0,Yes,13,Yes,Yes,DSL,Two year,97,Yes,0
Female,0,No,35,Yes,No,DSL,Month-to-month,99,No,2
Male,0,Yes,12,No,Yes,Fiber optic,One year,36,No,1
Male,0,No,31,Yes,No,DSL,One year,91,No,0
Female,0,Yes,53,Yes,No,DSL,Month-to-month,108,No,2
Male,0,No,1,Yes,No,DSL,Month-to-month,20,No,1
Male,0,No,30,Yes,Yes,DSL,One year,20,No,1
Female,0,No,46,Yes,No,Fiber optic,Month-to-month,75,No,2
Female,0,No,19,Yes,No,DSL,Month-to-month,90,Yes,0
Female,0,No,23,Yes,No,Fiber optic,Month-to-month,54,No,0
Female,1,No,15,Yes,No,Fiber optic,Month-to-month,55,Yes,3
Male,0,No,48,Yes,No,DSL,Two year,20,No,1
Male,0,Yes,25,Yes,Yes,Fiber optic,Month-to-month,96,Yes,0
Male,0,No,52,Yes,No,DSL,One year,105,Yes,2
Male,0,No,12,Yes,No,DSL,Two year,82,Yes,0
Female,0,No,48,Yes,No,DSL,Two year,25,No,1
Female,0,No,38,Yes,No,DSL,Month-to-month,20,No,1
Female,0,No,18,No,No,Fiber optic,Month-to-month,35,No,1
Female,0,No,45,Yes,No,Fiber optic,Month-to-month,50,No,1
Male,0,No,12,Yes,Yes,DSL,Two year,90,No,0
Female,1,No,66,Yes,Yes,Fiber optic,Month-to-month,102,No,3
Female,0,No,72,Yes,Yes,Fiber optic,Two year,20,No,1
Female,0,No,70,No,Yes,Fiber optic,Month-to-month,45,No,2
Female,0,No,27,Yes,Yes,DSL,One year,90,No,0
Male,0,No,1,Yes,No,DSL,Month-to-month,20,No,1
Male,1,No,13,Yes,No,DSL,Two year,95,Yes,3
Female,0,Yes,65,Yes,No,Fiber optic,Month-to-month,90,No,2
Female,0,Yes,14,Yes,No,DSL,Month-to-month,70,No,0
Female,0,Yes,17,Yes,No,DSL,Month-to-month,85,Yes,0
Female,0,No,31,Yes,Yes,Fiber optic,One year,21,No,1
Male,0,Yes,24,Yes,No,DSL,One year,24,No,1
Female,0,No,3,Yes,Yes,Fiber optic,Two year,20,No,1
Male,0,No,17,Yes,No,DSL,Month-to-month,77,Yes,0
Male,0,No,66,Yes,Yes,Fiber optic,One year,69,No,2
Male,0,No,45,Yes,No,DSL,One year,53,No,1
Male,0,No,35,Yes,Yes,Fiber optic,One year,92,No,2
Male,0,Yes,40,No,No,DSL,Two year,40,No,1
Female,0,No,10,Yes,Yes,Fiber optic,Month-to-month,85,Yes,0
Female,0,No,52,Yes,No,DSL,One year,64,No,2
Female,0,No,13,Yes,No,Fiber optic,Month-to-month,19,No,1
Female,1,No,43,Yes,Yes,Fiber optic,Month-to-month,90,No,3
Female,0,No,41,Yes,No,DSL,Two year,20,No,1
Female,1,No,52,No,No,Fiber optic,Month-to-month,50,No,3
Female,0,No,71,Yes,No,DSL,Two year,93,No,2
Male,0,No,61,Yes,Yes,Fiber optic,Month-to-month,106,No,2
Female,0,No,26,No,No,DSL,Two year,44,No,1
Male,0,Yes,72,Yes,Yes,Fiber optic,Month-to-month,68,No,2
Female,0,No,42,Yes,Yes,Fiber optic,One year,78,No,2
Female,0,Yes,57,Yes,No,DSL,Month-to-month,65,No,2
Male,0,Yes,9,Yes,Yes,Fiber optic,Month-to-month,20,No,1
Female,0,No,9,Yes,No,DSL,Month-to-month,71,Yes,0
Male,0,No,33,Yes,No,DSL,Month-to-month,45,No,1
Male,0,No,1,Yes,No,Fiber optic,Two year,19,No,1
Female,0,No,7,Yes,Yes,Fiber optic,Month-to-month,79,Yes,0
Male,0,No,1,Yes,Yes,DSL,Two year,72,Yes,0
Male,0,Yes,65,Yes,No,DSL,Month-to-month,20,No,1
Male,0,No,10,Yes,No,DSL,One year,86,Yes,0
Male,0,No,70,Yes,Yes,Fiber optic,Month-to-month,95,No,2
Female,0,No,29,Yes,No,DSL,Month-to-month,99,Yes,0
Male,0,Yes,21,Yes,No,DSL,Two year,104,Yes,0
Male,0,No,1,Yes,No,DSL,Month-to-month,91,Yes,0
Male,0,No,5,Yes,No,DSL,Month-to-month,20,No,1
Male,0,No,56,Yes,Yes,DSL,Two year,90,No,2
Male,0,Yes,35,Yes,No,Fiber optic,Month-to-month,85,Yes,2
Male,0,Yes,10,Yes,No,DSL,Two year,20,No,1
Female,0,No,31,No,No,DSL,Two year,50,No,1
Male,1,No,37,Yes,No,Fiber optic,Month-to-month,86,Yes,3
Male,1,No,57,Yes,Yes,DSL,Two year,95,Yes,3
Female,0,Yes,34,Yes,Yes,DSL,Month-to-month,26,No,1
Female,0,No,3,Yes,Yes,Fiber optic,Two year,99,Yes,0
Female,0,No,4,Yes,Yes,Fiber optic,One year,83,No,0
Female,0,No,54,Yes,Yes,DSL,Two year,20,No,1
Male,0,Yes,6,Yes,Yes,Fiber optic,Two year,20,No,1
Male,0,No,22,Yes,No,DSL,One year,60,No,0
Male,0,No,23,Yes,No,DSL,Month-to-month,97,No,0
Female,0,No,68,Yes,No,DSL,One year,58,No,2
Female,0,Yes,48,Yes,No,DSL,Month-to-month,20,No,1
Male,0,Yes,34,Yes,No,DSL,Month-to-month,21,No,1
Female,0,No,41,Yes,Yes,Fiber optic,Month-to-month,80,No,2
Male,0,No,9,Yes,Yes,Fiber optic,One year,76,No,0
Female,1,No,18,Yes,No,DSL,Two year,104,No,3
Male,0,No,35,Yes,No,DSL,Month-to-month,96,No,2
Male,0,Yes,55,Yes,No,Fiber optic,Month-to-month,79,No,2
Male,0,No,54,Yes,Yes,Fiber optic,Month-to-month,108,No,2
Female,1,No,2,Yes,No,DSL,One year,79,Yes,3
Male,0,No,52,Yes,No,DSL,Two year,106,No,2
Male,0,No,72,Yes,Yes,DSL,Two year,70,No,2
Male,0,No,9,Yes,No,DSL,Month-to-month,70,No,0
Female,0,Yes,3,Yes,Yes,Fiber optic,Month-to-month,70,No,0
Male,1,No,4,Yes,No,Fiber optic,Month-to-month,75,No,3
Male,0,Yes,69,Yes,Yes,DSL,Two year,76,No,2
Female,0,Yes,67,No,No,DSL,One year,36,No,1
Male,0,No,4,Yes,No,DSL,Two year,80,Yes,0
Male,0,No,13,No,No,Fiber optic,Month-to-month,46,Yes,1
Female,0,Yes,45,Yes,Yes,DSL,Two year,81,No,2
Male,0,No,68,Yes,No,DSL,Month-to-month,101,No,2
Female,0,Yes,69,Yes,No,DSL,Month-to-month,74,No,2
Female,0,No,70,No,No,Fiber optic,One year,58,No,2
Female,0,No,1,Yes,Yes,Fiber optic,Month-to-month,20,Yes,1
Female,0,Yes,45,Yes,No,DSL,Two year,26,No,1
Female,0,Yes,37,Yes,No,Fiber optic,One year,20,No,1
Female,0,Yes,10,No,No,DSL,One year,40,No,1
Female,0,Yes,1,Yes,Yes,DSL,Month-to-month,89,No,0
Male,0,Yes,29,Yes,Yes,Fiber optic,Month-to-month,69,No,0
Male,1,Yes,72,Yes,No,Fiber optic,Month-to-month,104,No,3
Female,0,No,2,Yes,Yes,Fiber optic,Month-to-month,76,Yes,0
Male,0,No,24,Yes,No,DSL,One year,54,No,0
Female,0,No,4,Yes,No,DSL,Month-to-month,79,Yes,0
Male,0,No,72,Yes,No,DSL,Month-to-month,19,No,1
Female,0,No,11,Yes,Yes,Fiber optic,Month-to-month,79,No,0
Female,0,Yes,44,Yes,No,DSL,One year,20,No,1
Male,0,Yes,62,Yes,No,Fiber optic,Month-to-month,20,No,1
Male,0,Yes,70,Yes,No,DSL,Month-to-month,25,No,1
Female,1,No,1,No,No,DSL,Month-to-month,25,Yes,3
Female,0,No,4,Yes,No,DSL,Month-to-month,106,Yes,0
Female,1,No,2,Yes,No,DSL,One year,86,Yes,3
Female,0,No,41,Yes,Yes,DSL,Month-to-month,56,No,0
Female,1,No,1,Yes,Yes,DSL,One year,19,Yes,3
Male,1,No,72,Yes,No,Fiber optic,Month-to-month,84,No,3
Female,0,No,63,Yes,No,DSL,Two year,109,No,2
Male,0,No,68,Yes,Yes,Fiber optic,Two year,80,No,2
Female,1,No,59,Yes,No,DSL,Two year,100,No,3
Male,1,No,52,No,No,Fiber optic,Month-to-month,49,No,3
Male,1,Yes,26,Yes,Yes,DSL,Two year,106,Yes,3
Male,0,No,66,No,Yes,Fiber optic,Month-to-month,57,No,2
Female,1,No,56,Yes,Yes,Fiber optic,Two year,96,No,3
Female,0,No,72,Yes,No,DSL,Month-to-month,79,No,2
Male,1,No,2,Yes,No,Fiber optic,One year,70,No,3
Male,0,No,68,Yes,No,Fiber optic,Month-to-month,117,No,2
Male,0,Yes,61,Yes,Yes,Fiber optic,Two year,85,No,2
Male,0,No,1,Yes,No,Fiber optic,Month-to-month,20,No,1
Male,0,No,2,Yes,No,Fiber optic,Month-to-month,20,No,1
Female,0,No,2,Yes,No,Fiber optic,One year,20,Yes,1
Male,1,Yes,68,Yes,No,DSL,Two year,85,No,3
Male,0,No,9,Yes,No,Fiber optic,Month-to-month,68,No,0
Male,0,No,13,Yes,No,Fiber optic,Month-to-month,83,Yes,0
Female,0,No,22,Yes,No,Fiber optic,One year,20,No,1
Male,0,Yes,66,Yes,No,DSL,Month-to-month,25,No,1
Male,0,Yes,8,Yes,No,DSL,Month-to-month,20,No,1
Male,0,Yes,2,Yes,No,DSL,Two year,70,No,0
Male,0,No,3,Yes,No,DSL,One year,56,No,0
Male,0,No,5,Yes,Yes,Fiber optic,Month-to-month,92,Yes,0
Male,0,No,13,Yes,No,DSL,Month-to-month,20,No,1
Male,0,Yes,53,Yes,No,DSL,Two year,65,No,2
Male,0,No,3,Yes,No,DSL,Two year,20,No,1
Male,0,No,46,Yes,Yes,DSL,Two year,95,No,2
Female,0,No,39,No,No,Fiber optic,Month-to-month,40,No,1
Female,0,Yes,30,Yes,No,Fiber optic,Month-to-month,108,No,2
Female,0,No,23,Yes,Yes,DSL,Two year,99,No,0
Male,0,Yes,40,Yes,No,DSL,One year,20,No,1
Female,0,No,45,Yes,No,DSL,Month-to-month,63,No,2
Male,0,No,53,Yes,No,DSL,One year,20,No,1
Female,1,No,72,Yes,No,DSL,One year,112,No,3
Male,0,Yes,28,Yes,No,DSL,One year,20,No,1
Female,0,No,49,Yes,No,DSL,Month-to-month,67,No,2
Male,0,No,1,Yes,Yes,Fiber optic,Month-to-month,75,Yes,0
Female,0,No,20,Yes,Yes,DSL,Two year,81,No,0
Female,0,Yes,53,Yes,Yes,Fiber optic,Two year,61,No,2
Male,0,No,67,Yes,No,Fiber optic,Month-to-month,69,No,2
Male,0,No,11,Yes,No,Fiber optic,Month-to-month,74,Yes,0
Female,0,Yes,52,Yes,No,DSL,Two year,86,No,2
Female,0,No,1,Yes,Yes,DSL,Month-to-month,91,Yes,0
Female,0,No,48,Yes,Yes,DSL,Month-to-month,56,No,2
Female,0,No,7,Yes,No,DSL,Two year,75,Yes,0
Male,0,Yes,7,Yes,Yes,Fiber optic,Month-to-month,71,No,0
Female,0,Yes,12,Yes,No,Fiber optic,Month-to-month,84,No,0
Male,0,No,40,Yes,No,DSL,Two year,25,No,1
Male,0,No,55,Yes,Yes,DSL,Two year,78,No,2
Female,0,No,20,Yes,Yes,Fiber optic,Two year,20,No,1
Male,0,No,1,No,No,DSL,One year,36,Yes,1
Female,0,Yes,72,Yes,No,Fiber optic,Month-to-month,84,No,2
Male,0,No,63,Yes,No,DSL,Month-to-month,110,No,2
Female,0,No,70,No,No,Fiber optic,Month-to-month,65,No,2
Female,0,No,8,Yes,Yes,DSL,One year,64,No,0
Female,0,No,1,Yes,No,Fiber optic,Month-to-month,46,Yes,0
Male,0,No,16,Yes,No,DSL,Month-to-month,20,No,1
Female,0,Yes,11,No,Yes,Fiber optic,One year,25,No,1
Male,0,No,11,Yes,No,Fiber optic,One year,75,Yes,0
Female,0,Yes,41,Yes,No,Fiber optic,Month-to-month,88,No,2
Male,0,Yes,14,Yes,No,DSL,Month-to-month,76,No,0
Female,0,No,61,Yes,Yes,DSL,One year,89,No,2
Female,0,No,20,Yes,No,DSL,Month-to-month,89,No,0
Female,0,No,47,Yes,No,DSL,Two year,106,Yes,2
Male,0,Yes,2,Yes,Yes,Fiber optic,Two year,60,No,0
Male,0,Yes,41,Yes,Yes,Fiber optic,One year,60,No,2
Female,0,No,72,Yes,No,DSL,Month-to-month,25,No,1
Female,0,Yes,72,Yes,No,DSL,Month-to-month,80,No,2
Female,0,No,46,Yes,No,DSL,Month-to-month,96,No,2
Male,0,No,1,Yes,Yes,Fiber optic,Month-to-month,20,Yes,1
Male,0,Yes,29,No,Yes,Fiber optic,Month-to-month,45,No,1
Female,0,No,37,Yes,No,DSL,Two year,100,No,2
Male,0,No,19,Yes,Yes,Fiber optic,One year,62,No,0
Female,0,Yes,49,Yes,Yes,DSL,Two year,78,No,2
Male,0,Yes,13,Yes,Yes,DSL,Two year,44,No,1
Female,0,No,22,Yes,No,Fiber optic,Month-to-month,50,No,0
Female,1,No,53,Yes,No,DSL,Two year,97,No,3
Male,0,No,24,Yes,Yes,DSL,Two year,50,Yes,0
Female,0,No,37,Yes,No,Fiber optic,Month-to-month,20,No,1
Male,0,Yes,6,Yes,No,DSL,Two year,55,Yes,0
Female,0,No,7,Yes,No,DSL,Month-to-month,80,Yes,0
Female,0,Yes,12,Yes,Yes,Fiber optic,Month-to-month,20,Yes,1
Female,0,No,71,Yes,No,Fiber optic,Month-to-month,25,No,1
Male,0,Yes,26,Yes,Yes,Fiber optic,Month-to-month,82,No,0
Female,0,No,6,Yes,Yes,Fiber optic,Month-to-month,46,No,0
Male,0,No,32,Yes,No,DSL,Month-to-month,88,No,0
Female,0,No,47,Yes,No,DSL,Month-to-month,59,No,2
Female,0,Yes,31,Yes,No,DSL,Month-to-month,21,No,1
Female,0,Yes,52,Yes,No,DSL,Month-to-month,84,No,2
Female,0,No,60,No,No,DSL,Month-to-month,61,No,2
Female,0,No,48,Yes,Yes,DSL,Month-to-month,66,No,2
Male,0,No,45,Yes,Yes,DSL,Month-to-month,19,No,1
Female,0,No,39,Yes,No,Fiber optic,Month-to-month,80,Yes,2
Female,1,No,1,Yes,Yes,Fiber optic,One year,86,Yes,3
Male,0,No,1,Yes,No,DSL,Month-to-month,70,Yes,0
Female,0,No,6,Yes,No,Fiber optic,Month-to-month,79,Yes,0
Male,0,No,9,Yes,No,Fiber optic,Month-to-month,76,No,0
Male,0,Yes,72,Yes,No,DSL,Month-to-month,114,No,2
Male,1,No,71,No,Yes,Fiber optic,Month-to-month,52,No,3
Male,0,Yes,71,Yes,No,DSL,One year,20,No,1
Female,0,No,64,Yes,No,Fiber optic,One year,95,No,2
Female,0,Yes,28,Yes,No,Fiber optic,Month-to-month,20,No,1
Female,0,Yes,70,Yes,No,DSL,Month-to-month,115,No,2
Male,1,No,39,Yes,No,DSL,Month-to-month,96,Yes,3
Female,0,Yes,16,Yes,No,Fiber optic,Two year,20,No,1
Male,1,No,66,Yes,Yes,Fiber optic,Month-to-month,111,Yes,3
Female,1,No,21,Yes,Yes,DSL,Month-to-month,95,No,3
Female,0,No,44,Yes,No,Fiber optic,Month-to-month,85,Yes,2
Female,1,No,54,Yes,No,DSL,One year,99,No,3
Male,0,No,4,Yes,Yes,Fiber optic,Month-to-month,57,No,0
Female,1,No,60,Yes,No,Fiber optic,Month-to-month,110,No,3
Male,0,No,26,Yes,No,DSL,Two year,92,No,0
Female,0,Yes,24,Yes,Yes,Fiber optic,Month-to-month,79,No,0
Male,0,Yes,53,Yes,Yes,DSL,Two year,19,No,1
Female,0,Yes,46,Yes,Yes,Fiber optic,Month-to-month,19,No,1
Female,0,Yes,56,Yes,No,DSL,Two year,89,No,2
Female,0,No,7,Yes,Yes,Fiber optic,Month-to-month,59,No,0
Female,0,No,1,Yes,Yes,DSL,One year,86,Yes,0
Male,0,No,1,Yes,No,DSL,Month-to-month,46,No,0
Male,0,No,60,Yes,No,Fiber optic,Month-to-month,20,No,1
Male,0,No,61,Yes,Yes,Fiber optic,Two year,21,No,1
Female,0,No,42,No,No,Fiber optic,Month-to-month,34,Yes,1
Male,0,No,27,Yes,No,Fiber optic,Month-to-month,20,No,1
Female,0,Yes,9,Yes,Yes,Fiber optic,One year,85,Yes,0
Female,0,No,72,Yes,No,DSL,Two year,20,No,1
Female,0,No,23,Yes,No,DSL,One year,20,No,1
Female,1,No,47,Yes,No,Fiber optic,Month-to-month,95,Yes,3
Female,1,No,54,Yes,Yes,Fiber optic,Month-to-month,19,No,3
Male,1,No,2,Yes,Yes,DSL,One year,96,No,3
Male,0,No,38,No,No,DSL,Two year,60,No,1
Female,1,No,47,Yes,No,DSL,Month-to-month,100,No,3
Male,0,No,22,Yes,No,DSL,One year,56,No,0
Male,0,No,2,Yes,No,DSL,Two year,91,No,0
Female,0,Yes,72,Yes,Yes,Fiber optic,Month-to-month,79,No,2
Male,1,No,58,No,No,Fiber optic,Month-to-month,45,Yes,3
Male,0,Yes,69,Yes,No,Fiber optic,Month-to-month,79,No,2
Male,0,No,18,Yes,No,DSL,Month-to-month,70,No,0
Female,0,Yes,55,Yes,Yes,Fiber optic,Month-to-month,20,No,1
Female,0,No,46,Yes,No,DSL,Two year,101,No,2
Male,0,No,5,Yes,No,DSL,One year,19,No,1
Female,0,No,4,No,Yes,Fiber optic,One year,34,Yes,1
Male,1,No,5,Yes,Yes,Fiber optic,Month-to-month,90,Yes,3
Female,0,Yes,65,Yes,Yes,Fiber optic,Month-to-month,61,No,2
Male,0,No,35,Yes,Yes,DSL,One year,21,No,1
Female,1,No,45,Yes,Yes,Fiber optic,Two year,97,No,3
Female,0,No,2,Yes,Yes,DSL,Two year,20,No,1
Female,0,Yes,22,Yes,No,Fiber optic,Month-to-month,80,No,0
Male,0,Yes,70,Yes,Yes,Fiber optic,Month-to-month,69,No,2
Female,0,Yes,30,Yes,No,DSL,Month-to-month,66,No,0
Male,0,No,61,Yes,Yes,DSL,Two year,108,No,2
Female,0,No,29,Yes,Yes,DSL,Month-to-month,20,No,1
Male,0,No,61,Yes,No,DSL,One year,106,Yes,2
Male,0,Yes,25,Yes,No,DSL,One year,90,Yes,0
Male,0,No,71,Yes,Yes,Fiber optic,Month-to-month,113,No,2
Female,0,No,1,No,No,Fiber optic,Month-to-month,35,No,1
Female,0,Yes,62,Yes,No,DSL,Two year,70,No,2
Male,0,No,64,Yes,No,DSL,Month-to-month,74,No,2
Female,0,Yes,64,Yes,No,Fiber optic,One year,91,No,2
Male,1,No,29,Yes,Yes,DSL,Two year,84,No,3
Female,0,No,2,Yes,No,DSL,One year,71,Yes,0
Male,0,No,1,Yes,No,Fiber optic,Month-to-month,20,No,1
Male,0,No,1,Yes,Yes,Fiber optic,Month-to-month,51,Yes,0
Female,0,Yes,45,Yes,No,DSL,Month-to-month,25,No,1
Male,0,No,66,Yes,No,Fiber optic,Month-to-month,114,No,2
Female,0,No,54,Yes,Yes,DSL,Month-to-month,107,Yes,2
Female,0,Yes,70,Yes,Yes,Fiber optic,Two year,80,No,2
Male,1,No,37,Yes,No,DSL,Month-to-month,92,Yes,3
Male,1,No,3,Yes,Yes,Fiber optic,One year,80,Yes,3
Male,0,Yes,23,Yes,No,DSL,Month-to-month,55,No,1
Female,1,No,60,Yes,No,Fiber optic,Two year,100,No,3
Female,0,No,35,No,No,DSL,One year,33,No,1
Female,0,Yes,27,Yes,No,DSL,Two year,74,No,0
Female,0,Yes,24,No,No,Fiber optic,Month-to-month,52,No,1
Female,1,No,2,Yes,No,Fiber optic,Month-to-month,94,Yes,3
Male,0,No,67,Yes,No,DSL,Month-to-month,91,Yes,2
Male,0,No,2,Yes,No,DSL,Month-to-month,48,Yes,0
Female,0,No,1,Yes,Yes,Fiber optic,One year,20,Yes,1
Female,0,Yes,1,Yes,Yes,Fiber optic,Two year,79,Yes,0
Female,0,No,14,Yes,No,DSL,One year,54,No,0
Male,1,No,38,Yes,Yes,Fiber optic,Month-to-month,95,No,3
Female,0,No,1,Yes,No,DSL,Two year,70,Yes,0
Female,0,No,2,Yes,Yes,Fiber optic,One year,70,No,0
Female,0,No,12,Yes,No,Fiber optic,Month-to-month,79,Yes,0
Male,0,Yes,31,Yes,Yes,DSL,One year,98,No,2
Male,0,Yes,35,Yes,No,DSL,Month-to-month,72,No,2
Male,1,No,72,Yes,Yes,Fiber optic,Month-to-month,110,No,3
Female,0,Yes,8,Yes,Yes,DSL,Two year,94,Yes,0
Male,0,No,10,Yes,Yes,Fiber optic,One year,98,Yes,0
Female,1,No,5,Yes,No,Fiber optic,One year,69,Yes,3
Male,0,Yes,63,Yes,No,DSL,Month-to-month,84,No,2
Female,0,No,71,Yes,No,DSL,Two year,26,No,1
Female,1,No,46,Yes,Yes,Fiber optic,Month-to-month,104,No,3
Female,0,Yes,52,Yes,Yes,Fiber optic,Two year,23,No,1
Male,0,No,1,Yes,No,DSL,Month-to-month,46,Yes,0
Male,0,No,1,Yes,Yes,Fiber optic,Month-to-month,80,Yes,0
Female,0,No,72,Yes,No,DSL,One year,113,No,2
Female,0,No,3,Yes,Yes,Fiber optic,Month-to-month,84,Yes,0
Male,0,No,28,Yes,No,DSL,Month-to-month,61,No,0
Female,0,Yes,39,Yes,Yes,Fiber optic,Month-to-month,51,No,1
Female,0,No,33,Yes,Yes,DSL,Month-to-month,26,No,1
Female,0,No,12,No,No,DSL,Month-to-month,61,No,0
Male,0,Yes,1,Yes,No,DSL,Month-to-month,74,Yes,0
Male,0,No,6,Yes,Yes,Fiber optic,Month-to-month,79,No,0
Male,0,No,3,Yes,Yes,DSL,Two year,86,No,0
Male,0,No,4,Yes,Yes,Fiber optic,Month-to-month,88,Yes,0
Male,0,Yes,34,Yes,No,Fiber optic,Month-to-month,90,No,2
Male,0,No,1,Yes,No,DSL,Month-to-month,20,No,1
Female,1,No,15,Yes,No,DSL,One year,96,Yes,3
Male,0,Yes,1,No,No,DSL,One year,25,Yes,1
Female,0,No,3,Yes,No,DSL,One year,51,Yes,0
Male,0,No,1,Yes,Yes,Fiber optic,Month-to-month,20,Yes,1
Female,0,No,3,Yes,No,DSL,One year,20,No,1
Female,0,Yes,30,Yes,No,DSL,Two year,81,No,0
Female,0,No,5,Yes,No,DSL,Two year,54,Yes,0
Male,1,No,68,Yes,Yes,Fiber optic,One year,20,No,3
Female,0,No,1,Yes,No,Fiber optic,Month-to-month,20,No,1
Female,0,No,5,Yes,No,DSL,Month-to-month,80,Yes,0
Female,0,No,1,Yes,No,DSL,Month-to-month,71,Yes,0
Male,0,Yes,13,Yes,Yes,Fiber optic,Month-to-month,20,No,1
Female,0,No,35,Yes,Yes,DSL,One year,80,No,0
Male,0,Yes,4,Yes,Yes,Fiber optic,Month-to-month,70,No,0
Male,0,No,9,No,Yes,Fiber optic,Month-to-month,25,No,1
Female,1,No,45,Yes,No,Fiber optic,Month-to-month,86,No,3
Female,0,No,21,No,No,Fiber optic,Month-to-month,28,No,1
Female,0,No,26,Yes,Yes,Fiber optic,Two year,89,Yes,0
Female,0,No,1,Yes,Yes,DSL,Two year,85,Yes,0
Female,1,No,2,Yes,No,Fiber optic,Month-to-month,89,Yes,3
Female,0,No,11,Yes,No,Fiber optic,Month-to-month,70,No,0
Female,0,No,59,Yes,Yes,DSL,Month-to-month,109,No,2
Female,0,No,31,Yes,No,Fiber optic,Month-to-month,84,No,0
Female,0,Yes,54,Yes,Yes,Fiber optic,One year,25,No,1
Female,0,Yes,16,Yes,Yes,DSL,One year,19,No,1
Male,1,No,9,Yes,No,DSL,Month-to-month,55,Yes,3
Female,0,No,21,Yes,Yes,DSL,Month-to-month,97,Yes,0
Male,0,No,1,Yes,Yes,Fiber optic,One year,21,No,1
Female,0,No,23,Yes,Yes,Fiber optic,Month-to-month,54,No,0
Male,1,No,7,Yes,Yes,Fiber optic,Month-to-month,74,Yes,3
Male,0,No,21,Yes,Yes,DSL,One year,104,No,0
Female,0,No,65,Yes,No,DSL,Month-to-month,108,No,2
Male,0,No,4,No,No,DSL,Two year,45,Yes,1
Male,0,Yes,72,Yes,No,DSL,Month-to-month,112,No,2
Male,1,No,68,No,No,DSL,Month-to-month,42,No,3
Female,0,Yes,67,Yes,No,DSL,Two year,85,No,2
Male,0,No,1,Yes,No,DSL,Month-to-month,79,Yes,0
Female,0,No,69,Yes,No,DSL,One year,96,No,2
Male,0,No,60,Yes,Yes,Fiber optic,Two year,90,No,2
Male,0,No,3,Yes,Yes,Fiber optic,Month-to-month,88,Yes,0
Male,0,Yes,63,No,No,DSL,Month-to-month,59,No,2
Male,0,Yes,71,Yes,Yes,Fiber optic,Month-to-month,91,No,2
Female,0,No,35,Yes,Yes,Fiber optic,Month-to-month,86,Yes,0
Female,0,No,34,Yes,Yes,Fiber optic,One year,70,Yes,0
Male,0,Yes,53,Yes,Yes,DSL,Month-to-month,70,No,2
Male,0,No,17,No,No,Fiber optic,Month-to-month,34,No,1
Female,0,Yes,1,Yes,Yes,Fiber optic,Month-to-month,60,Yes,0
Male,0,No,56,Yes,No,Fiber optic,Month-to-month,81,No,2
Male,0,Yes,7,Yes,Yes,DSL,Two year,50,Yes,0
Male,0,No,67,Yes,No,Fiber optic,Month-to-month,111,No,2
Male,0,No,11,Yes,No,Fiber optic,Two year,61,No,0
Male,0,Yes,1,Yes,Yes,DSL,One year,20,No,1
Male,0,No,2,Yes,No,DSL,Month-to-month,25,No,1
Female,0,No,69,Yes,No,DSL,Month-to-month,105,No,2
Male,0,No,1,Yes,No,Fiber optic,Month-to-month,80,Yes,0
Female,0,No,21,Yes,Yes,DSL,Two year,90,No,0
Male,1,No,72,Yes,Yes,Fiber optic,Month-to-month,97,No,3
Female,1,No,2,Yes,No,Fiber optic,One year,84,No,3
Male,0,No,57,Yes,No,DSL,Two year,21,No,1
Male,0,No,1,Yes,No,DSL,Month-to-month,90,Yes,0
Male,0,No,4,Yes,Yes,Fiber optic,Month-to-month,81,Yes,0
Female,0,No,2,Yes,No,DSL,Month-to-month,19,No,1
Female,0,No,9,Yes,No,DSL,Month-to-month,77,No,0
Female,0,No,71,Yes,Yes,Fiber optic,Month-to-month,111,No,2
Female,0,Yes,13,Yes,Yes,Fiber optic,Month-to-month,19,No,1
Male,0,Yes,50,Yes,Yes,Fiber optic,Two year,45,No,1
Male,1,No,10,Yes,No,DSL,Two year,90,Yes,3
Male,1,No,64,Yes,Yes,Fiber optic,Two year,94,No,3
Female,0,Yes,1,Yes,Yes,Fiber optic,One year,70,Yes,0
Male,0,No,2,No,No,DSL,Two year,25,No,1
Female,0,No,30,Yes,No,DSL,Month-to-month,110,No,0
Male,0,No,7,Yes,No,DSL,One year,90,Yes,0
Male,0,No,26,Yes,No,DSL,Month-to-month,19,No,1
Male,0,No,20,Yes,No,DSL,Month-to-month,50,No,0
Female,0,No,72,Yes,No,DSL,Month-to-month,26,No,1
Female,0,Yes,13,Yes,No,Fiber optic,Month-to-month,56,Yes,0
Male,0,No,70,Yes,Yes,Fiber optic,Month-to-month,85,No,2
Male,0,No,3,No,No,DSL,Month-to-month,30,No,1
Male,0,No,2,Yes,No,DSL,Month-to-month,76,Yes,0
Female,1,No,72,Yes,No,Fiber optic,Month-to-month,116,No,3
Male,1,No,33,Yes,No,Fiber optic,Month-to-month,84,Yes,3
Male,1,No,15,Yes,No,DSL,Two year,74,Yes,3
Male,0,No,1,No,No,DSL,Month-to-month,29,No,1
Male,1,No,55,Yes,No,Fiber optic,Month-to-month,99,Yes,3
Male,0,Yes,5,Yes,Yes,Fiber optic,One year,64,No,0
Male,0,No,3,Yes,No,Fiber optic,Month-to-month,80,Yes,0
Female,0,No,65,Yes,Yes,Fiber optic,Two year,90,No,2
Male,0,Yes,39,Yes,Yes,Fiber optic,Month-to-month,60,No,2
Male,0,No,70,Yes,Yes,DSL,Two year,25,No,1
Male,0,No,34,Yes,No,DSL,Two year,116,No,2
Male,0,No,30,Yes,Yes,Fiber optic,Month-to-month,50,No,1
Female,0,No,12,No,Yes,Fiber optic,Two year,50,No,0
Male,0,Yes,9,Yes,No,DSL,Month-to-month,20,No,1
Female,0,No,49,No,No,Fiber optic,Month-to-month,56,No,1
Female,0,No,7,Yes,Yes,DSL,One year,44,No,0
Female,1,No,38,Yes,No,DSL,Month-to-month,83,No,3
Male,0,No,63,Yes,No,DSL,One year,109,No,2
Male,1,No,1,Yes,No,DSL,Month-to-month,72,Yes,3
Male,0,No,30,Yes,No,DSL,Two year,90,No,0
Female,0,No,23,Yes,No,DSL,Month-to-month,74,No,0
Female,0,No,57,Yes,Yes,Fiber optic,Month-to-month,70,No,2
Female,1,No,70,Yes,Yes,Fiber optic,One year,76,No,3
Male,0,Yes,71,Yes,Yes,Fiber optic,Two year,107,No,2
Male,0,Yes,20,Yes,Yes,DSL,One year,50,No,1
Female,0,Yes,72,Yes,No,Fiber optic,Month-to-month,25,No,1
Male,0,No,22,Yes,Yes,DSL,Two year,70,No,0
Male,0,No,15,Yes,Yes,Fiber optic,Month-to-month,26,No,1
Female,0,No,9,No,Yes,Fiber optic,Month-to-month,49,Yes,0
Female,0,No,38,Yes,No,Fiber optic,Month-to-month,105,Yes,2
Male,1,No,7,No,Yes,Fiber optic,Month-to-month,30,No,3
Female,0,No,26,Yes,No,DSL,Month-to-month,73,No,0
Female,0,No,56,Yes,No,Fiber optic,One year,60,No,2
Female,0,No,49,Yes,Yes,Fiber optic,Month-to-month,20,No,1
Female,0,No,3,Yes,Yes,Fiber optic,Month-to-month,70,No,0
Male,1,No,1,Yes,Yes,Fiber optic,Month-to-month,74,Yes,3
Female,1,No,70,Yes,Yes,Fiber optic,Month-to-month,20,No,3
Female,0,No,23,Yes,Yes,Fiber optic,Month-to-month,56,No,0
Female,0,No,65,Yes,No,DSL,One year,60,No,2
Male,1,No,69,Yes,No,Fiber optic,Month-to-month,108,Yes,3
Female,0,No,1,Yes,No,Fiber optic,Month-to-month,55,Yes,0
Male,0,No,24,Yes,No,DSL,Month-to-month,90,Yes,0
Female,0,No,25,Yes,Yes,Fiber optic,One year,95,No,0
Female,0,No,17,Yes,Yes,DSL,Month-to-month,20,No,1
Male,0,No,32,Yes,Yes,Fiber optic,Month-to-month,70,No,0
Male,0,Yes,68,Yes,Yes,Fiber optic,Month-to-month,20,No,1
Female,0,Yes,70,Yes,Yes,Fiber optic,Month-to-month,20,No,1
Male,0,Yes,54,Yes,No,Fiber optic,One year,105,No,2
Female,0,No,15,Yes,Yes,Fiber optic,Two year,19,Yes,1
Male,0,Yes,71,Yes,Yes,Fiber optic,One year,67,No,2
Male,0,No,70,Yes,No,DSL,Two year,20,No,1
Female,1,No,53,Yes,Yes,Fiber optic,Two year,96,No,3
Female,0,No,2,Yes,No,DSL,Two year,80,No,0
Female,1,No,59,Yes,No,DSL,Two year,79,No,3
Female,0,No,22,Yes,No,Fiber optic,Month-to-month,84,No,0
Female,0,Yes,22,Yes,Yes,Fiber optic,One year,76,No,0
Female,0,No,57,No,Yes,Fiber optic,Month-to-month,50,No,1
Female,0,No,1,Yes,Yes,Fiber optic,Month-to-month,71,Yes,0
Female,0,Yes,10,Yes,Yes,Fiber optic,Month-to-month,102,Yes,0
Female,1,No,55,Yes,No,DSL,One year,52,No,3
Female,0,Yes,43,Yes,No,Fiber optic,One year,24,No,1
Female,1,No,18,No,No,DSL,Two year,48,Yes,3
Female,0,Yes,2,Yes,Yes,Fiber optic,Two year,81,No,0
Female,0,Yes,52,Yes,Yes,DSL,Month-to-month,25,No,1
Male,0,No,60,Yes,No,DSL,Month-to-month,61,No,2
Female,0,No,59,Yes,Yes,Fiber optic,Month-to-month,83,No,2
Female,0,No,69,Yes,No,DSL,Month-to-month,104,No,2
Male,0,No,14,Yes,No,Fiber optic,One year,101,Yes,0
Female,0,Yes,43,No,No,Fiber optic,Month-to-month,60,No,1
Female,0,Yes,12,Yes,Yes,Fiber optic,One year,19,No,1
Female,0,Yes,8,Yes,Yes,Fiber optic,One year,20,No,1
Female,0,Yes,3,Yes,No,DSL,Month-to-month,69,No,0
Male,0,Yes,58,Yes,Yes,Fiber optic,Two year,105,No,2
Female,0,Yes,13,Yes,Yes,Fiber optic,Two year,63,No,0
Male,0,No,23,Yes,No,DSL,Two year,20,No,1
Female,0,No,17,Yes,Yes,DSL,Two year,79,No,0
Male,0,No,52,Yes,Yes,Fiber optic,Month-to-month,109,No,2
Male,0,No,32,Yes,Yes,DSL,One year,79,Yes,0
Female,0,No,36,No,No,DSL,Month-to-month,35,No,1
Male,1,No,67,Yes,No,DSL,One year,25,No,3
Male,1,Yes,29,Yes,No,Fiber optic,Month-to-month,104,No,3
Female,0,No,65,Yes,No,DSL,Month-to-month,111,No,2
Male,1,No,41,Yes,Yes,Fiber optic,One year,84,Yes,3
Male,0,Yes,60,Yes,Yes,DSL,Month-to-month,66,No,2
Female,0,No,53,Yes,No,DSL,Month-to-month,20,No,1
Female,0,No,68,Yes,Yes,Fiber optic,Two year,25,No,1
Male,1,No,2,Yes,No,DSL,Month-to-month,75,Yes,3
Male,0,Yes,61,No,No,DSL,Two year,34,No,1
Male,0,Yes,41,Yes,No,Fiber optic,One year,20,No,1
Male,1,No,69,Yes,Yes,DSL,Two year,74,No,3
Male,1,Yes,35,Yes,Yes,Fiber optic,Month-to-month,76,No,3
Male,0,No,7,Yes,No,DSL,One year,51,Yes,0
Female,1,No,50,Yes,No,DSL,Two year,25,No,3
Male,0,Yes,36,Yes,Yes,DSL,Two year,64,No,2
Female,0,No,48,Yes,No,DSL,One year,100,No,2
Female,0,No,71,Yes,Yes,Fiber optic,One year,82,No,2
Male,1,No,65,Yes,Yes,Fiber optic,Month-to-month,109,No,3
Female,0,No,23,Yes,No,DSL,Two year,94,No,0
Female,1,No,66,Yes,Yes,Fiber optic,One year,64,No,3
Female,0,Yes,5,No,No,Fiber optic,Month-to-month,25,No,1
Male,1,No,72,Yes,Yes,Fiber optic,Month-to-month,113,No,3
Female,0,No,2,Yes,No,DSL,Month-to-month,20,No,1
Female,0,No,12,Yes,No,DSL,Month-to-month,19,No,1
Male,0,Yes,3,Yes,No,Fiber optic,Month-to-month,92,Yes,0
Male,0,No,72,Yes,Yes,Fiber optic,Month-to-month,89,No,2
Male,1,No,18,Yes,No,DSL,Month-to-month,59,No,3
Male,0,No,39,Yes,No,DSL,Month-to-month,54,No,1
Female,1,No,26,Yes,Yes,Fiber optic,Month-to-month,86,No,3
Female,0,No,72,Yes,No,DSL,Two year,65,No,2
Male,0,No,3,Yes,No,DSL,One year,24,No,1
Male,0,No,1,Yes,Yes,Fiber optic,Two year,60,Yes,0
Female,0,Yes,34,Yes,Yes,DSL,Two year,87,Yes,2
Female,0,No,11,Yes,Yes,Fiber optic,Two year,76,No,0
Male,0,No,66,Yes,Yes,DSL,One year,20,No,1
Female,0,No,2,Yes,Yes,DSL,Two year,81,Yes,0
Female,0,No,8,Yes,No,Fiber optic,Month-to-month,66,No,0
Female,0,No,33,Yes,No,DSL,Month-to-month,70,No,0
Female,0,No,72,Yes,Yes,DSL,Month-to-month,26,No,1
Female,0,No,58,Yes,No,DSL,Two year,60,No,2
Male,0,Yes,30,Yes,Yes,DSL,Month-to-month,84,No,0
Male,0,No,5,No,Yes,Fiber optic,One year,25,Yes,1
Female,1,Yes,46,Yes,No,DSL,Two year,110,No,3
Male,0,No,4,Yes,No,Fiber optic,Month-to-month,70,No,0
Female,0,No,40,Yes,No,DSL,One year,65,No,0
Male,0,No,72,Yes,Yes,Fiber optic,One year,84,No,2
Male,0,Yes,49,Yes,Yes,Fiber optic,Two year,100,Yes,2
Female,0,No,1,Yes,Yes,Fiber optic,One year,55,Yes,0
Male,0,No,52,Yes,Yes,DSL,Two year,85,Yes,2
Female,0,Yes,72,Yes,No,DSL,Two year,20,No,1
Female,1,Yes,28,No,No,DSL,One year,39,No,3
Male,0,No,33,Yes,Yes,Fiber optic,Two year,91,No,0
Female,0,Yes,10,Yes,Yes,Fiber optic,Month-to-month,74,No,0
Female,0,No,16,Yes,No,DSL,Month-to-month,93,Yes,0
Female,0,Yes,22,Yes,No,DSL,Month-to-month,70,Yes,0
Female,0,No,58,Yes,No,DSL,Two year,25,No,1
Male,0,No,72,Yes,Yes,Fiber optic,One year,110,No,2
Male,0,No,10,Yes,Yes,DSL,Two year,54,No,0
Female,0,No,5,Yes,Yes,DSL,Month-to-month,20,No,1
Female,0,No,2,Yes,No,DSL,Month-to-month,71,Yes,0
Female,0,No,2,Yes,Yes,Fiber optic,One year,71,Yes,0
Female,0,No,2,Yes,Yes,Fiber optic,Month-to-month,54,No,0
Female,0,Yes,53,Yes,Yes,Fiber optic,Month-to-month,104,No,2
Male,1,No,25,Yes,No,DSL,Month-to-month,89,Yes,3
Female,0,Yes,64,Yes,Yes,Fiber optic,One year,113,No,2
Female,0,No,2,Yes,No,Fiber optic,One year,46,No,0
Male,0,Yes,16,Yes,No,DSL,Two year,69,No,0
Female,0,No,39,Yes,No,DSL,Month-to-month,48,No,1
Male,0,No,35,Yes,No,Fiber optic,Month-to-month,26,No,1
Female,0,No,31,Yes,Yes,Fiber optic,Month-to-month,76,No,0
Female,0,No,5,Yes,Yes,Fiber optic,One year,54,Yes,0
Male,1,No,72,Yes,Yes,Fiber optic,Two year,112,No,3
Male,0,No,2,Yes,Yes,Fiber optic,Month-to-month,91,No,0
Female,0,No,61,Yes,Yes,Fiber optic,Month-to-month,90,No,2
Female,0,No,31,Yes,Yes,DSL,Month-to-month,65,Yes,0
Male,0,No,2,No,Yes,DSL,Two year,40,Yes,1
Male,0,Yes,1,Yes,No,DSL,One year,21,No,1
Female,0,Yes,1,Yes,No,DSL,One year,20,No,1
Male,0,No,59,Yes,Yes,Fiber optic,Month-to-month,20,No,1
Female,0,No,1,Yes,No,Fiber optic,Two year,96,Yes,0
Female,0,No,9,Yes,Yes,DSL,Two year,45,Yes,0
Female,0,Yes,14,Yes,Yes,Fiber optic,One year,92,Yes,0
Female,0,No,12,Yes,Yes,Fiber optic,Month-to-month,87,No,0
Female,0,No,47,Yes,Yes,DSL,Two year,74,No,2
Female,0,Yes,7,Yes,No,DSL,Month-to-month,49,No,0
Female,0,Yes,28,Yes,No,Fiber optic,Month-to-month,90,No,0
Female,0,Yes,70,Yes,No,Fiber optic,One year,20,No,1
Female,0,Yes,26,Yes,Yes,DSL,Month-to-month,20,No,1
Female,0,Yes,61,Yes,Yes,Fiber optic,Month-to-month,99,Yes,2
Female,0,No,70,Yes,No,DSL,Month-to-month,102,No,2
Female,0,No,1,Yes,Yes,DSL,One year,20,No,1
Female,1,No,37,Yes,Yes,Fiber optic,Month-to-month,97,Yes,3
Male,0,Yes,60,Yes,No,Fiber optic,Month-to-month,91,Yes,2
Male,1,Yes,71,Yes,No,Fiber optic,Month-to-month,105,Yes,3
Male,0,No,31,Yes,No,Fiber optic,Month-to-month,101,No,0
Male,0,Yes,14,Yes,No,DSL,Two year,20,No,1
Male,0,Yes,50,Yes,Yes,DSL,Month-to-month,103,No,2
Male,0,Yes,1,Yes,No,DSL,Month-to-month,20,No,1
Male,1,No,41,Yes,No,Fiber optic,Month-to-month,100,Yes,3
Male,1,No,30,Yes,Yes,DSL,Two year,50,Yes,3
Male,1,Yes,64,Yes,No,DSL,One year,24,No,3
Male,1,No,7,Yes,No,DSL,One year,64,No,3
Male,0,Yes,1,Yes,No,DSL,Month-to-month,75,No,0
Male,0,No,51,Yes,No,DSL,Month-to-month,84,No,2
Female,0,Yes,50,Yes,No,DSL,Month-to-month,80,No,2
Male,0,Yes,44,Yes,No,DSL,Month-to-month,20,No,1
Female,0,No,65,Yes,Yes,DSL,Two year,105,No,2
Female,1,No,1,No,No,DSL,Two year,26,Yes,3
Male,0,No,2,Yes,No,Fiber optic,Month-to-month,45,Yes,0
Female,0,No,48,Yes,No,Fiber optic,Month-to-month,102,No,2
Female,0,No,6,Yes,No,DSL,Month-to-month,110,Yes,0
Female,0,No,35,Yes,No,DSL,Month-to-month,62,No,0
Female,0,No,22,No,No,DSL,Two year,50,No,1
Male,0,Yes,72,No,No,DSL,One year,61,No,2
Female,1,Yes,55,Yes,Yes,DSL,Two year,76,No,3
Male,0,Yes,69,Yes,Yes,Fiber optic,Month-to-month,106,No,2
Male,1,No,72,Yes,Yes,DSL,Month-to-month,73,No,3
Female,1,No,1,Yes,No,DSL,Month-to-month,91,Yes,3
Female,0,Yes,26,Yes,Yes,Fiber optic,Two year,105,No,0
Male,0,Yes,23,Yes,Yes,DSL,One year,21,No,1
Female,0,No,2,Yes,No,DSL,Month-to-month,20,No,1
Male,0,No,2,Yes,Yes,Fiber optic,Month-to-month,76,Yes,0
Female,1,No,40,Yes,Yes,Fiber optic,Month-to-month,104,No,3
Female,0,No,1,Yes,No,Fiber optic,Month-to-month,95,Yes,0
Female,1,No,27,Yes,No,DSL,Two year,75,Yes,3
Female,0,Yes,9,Yes,No,DSL,Month-to-month,65,Yes,0
Female,1,No,50,Yes,Yes,Fiber optic,One year,88,Yes,3
Male,0,Yes,46,Yes,No,Fiber optic,Month-to-month,20,No,1
Female,0,No,15,Yes,No,DSL,Month-to-month,25,No,1
Female,0,No,23,Yes,Yes,DSL,One year,79,No,0
Female,0,No,2,Yes,No,DSL,Month-to-month,59,No,0
Male,0,No,18,Yes,No,DSL,One year,91,Yes,0
Female,1,No,70,Yes,Yes,Fiber optic,Month-to-month,76,No,3
Female,0,Yes,9,Yes,No,DSL,Month-to-month,49,No,0
Male,0,Yes,30,Yes,Yes,DSL,One year,68,No,0
Male,0,Yes,15,Yes,No,DSL,One year,75,No,0
Male,1,No,39,Yes,Yes,Fiber optic,Month-to-month,91,No,3
Female,0,No,12,Yes,No,DSL,One year,49,No,0
Male,0,No,19,Yes,No,DSL,Month-to-month,90,No,0
Male,1,No,24,Yes,Yes,DSL,Two year,55,No,3
Female,0,No,67,Yes,No,DSL,Month-to-month,103,Yes,2
Male,0,No,69,No,No,Fiber optic,One year,60,No,2
Female,0,Yes,55,Yes,Yes,DSL,Two year,85,No,2
Male,0,No,52,Yes,Yes,DSL,Two year,63,No,2
Female,0,No,17,Yes,Yes,Fiber optic,Month-to-month,94,Yes,0
Female,0,Yes,19,Yes,Yes,Fiber optic,Month-to-month,49,No,1
Male,0,No,39,Yes,No,DSL,Month-to-month,75,Yes,2
Male,0,No,40,Yes,No,DSL,Month-to-month,62,No,0
Male,0,No,26,Yes,No,Fiber optic,Month-to-month,21,No,1
Female,0,No,1,Yes,No,DSL,Two year,20,No,1
Male,1,No,18,Yes,Yes,Fiber optic,One year,79,Yes,3
Female,1,No,15,Yes,No,Fiber optic,Month-to-month,75,Yes,3
Female,0,No,2,Yes,Yes,DSL,Month-to-month,20,No,1
Female,0,No,1,Yes,No,DSL,Month-to-month,79,Yes,0
Male,0,No,23,Yes,No,Fiber optic,Month-to-month,95,No,0
Female,0,Yes,72,Yes,Yes,DSL,Two year,67,No,2
Female,0,No,2,Yes,Yes,Fiber optic,Month-to-month,20,No,1
Male,1,No,70,Yes,Yes,DSL,Two year,89,No,3
Female,0,Yes,46,Yes,Yes,Fiber optic,Month-to-month,20,No,1
Female,0,No,36,Yes,No,DSL,Two year,20,No,1
Female,0,No,72,Yes,Yes,Fiber optic,Month-to-month,110,No,2
Female,0,Yes,6,Yes,No,DSL,Month-to-month,49,No,0
Female,0,Yes,4,Yes,Yes,Fiber optic,Month-to-month,20,No,1
Female,0,No,1,Yes,No,DSL,One year,85,Yes,0
Female,0,No,1,Yes,No,DSL,Two year,83,No,0
Female,0,No,13,Yes,Yes,Fiber optic,Month-to-month,100,Yes,0
Female,0,No,64,No,No,DSL,Month-to-month,48,Yes,2
Male,0,Yes,8,No,Yes,Fiber optic,Month-to-month,45,No,1
Male,0,Yes,72,Yes,No,DSL,Month-to-month,112,No,2
Male,0,No,1,Yes,Yes,DSL,Two year,75,Yes,0
Female,0,No,4,Yes,No,Fiber optic,Month-to-month,101,No,0
Male,0,Yes,1,Yes,Yes,Fiber optic,Month-to-month,50,No,0
Male,0,Yes,62,Yes,Yes,DSL,Two year,24,No,1
Female,1,No,34,Yes,Yes,Fiber optic,Month-to-month,96,No,3
Male,0,Yes,1,Yes,No,DSL,Month-to-month,44,Yes,1
Male,0,No,24,Yes,No,Fiber optic,Month-to-month,101,Yes,0
Male,0,Yes,72,Yes,Yes,Fiber optic,Two year,105,No,2
Female,0,No,1,Yes,Yes,Fiber optic,Month-to-month,20,No,1
Female,1,No,63,Yes,No,DSL,Month-to-month,104,No,3
Female,0,Yes,66,Yes,Yes,Fiber optic,One year,109,No,2
Male,0,No,61,Yes,No,Fiber optic,Two year,80,No,2
Male,0,No,67,Yes,Yes,Fiber optic,Month-to-month,20,No,1
Female,0,No,12,Yes,Yes,DSL,Two year,96,Yes,0
Male,0,Yes,19,No,Yes,DSL,Two year,35,No,1
Male,0,No,67,Yes,No,Fiber optic,Month-to-month,20,No,1
Female,0,No,13,Yes,Yes,Fiber optic,Month-to-month,80,No,0
Female,0,No,1,Yes,Yes,DSL,Two year,45,No,0
Female,0,Yes,3,Yes,No,DSL,Month-to-month,85,Yes,0
Male,0,Yes,3,Yes,Yes,Fiber optic,Two year,20,No,1
Female,0,Yes,17,Yes,Yes,Fiber optic,Two year,104,Yes,0
Male,0,No,52,Yes,No,Fiber optic,Month-to-month,54,No,2
Male,0,Yes,51,Yes,No,DSL,Two year,19,No,1
Female,1,No,5,Yes,No,Fiber optic,One year,85,Yes,3
Female,1,Yes,29,No,No,DSL,Month-to-month,36,No,3
Female,0,Yes,1,Yes,No,DSL,Two year,20,Yes,1
Female,0,No,1,Yes,No,DSL,Month-to-month,20,Yes,1
Female,0,Yes,42,Yes,No,DSL,Two year,94,No,2
Male,0,No,1,Yes,No,Fiber optic,Month-to-month,20,No,1
Female,0,No,16,Yes,Yes,Fiber optic,Month-to-month,88,Yes,0
Male,0,No,11,Yes,No,DSL,Two year,45,No,0
Female,1,No,26,Yes,No,DSL,Month-to-month,94,Yes,3
Male,0,Yes,54,Yes,No,Fiber optic,Month-to-month,61,No,2
Male,0,No,30,Yes,Yes,Fiber optic,Two year,94,Yes,0
Male,1,Yes,66,Yes,No,DSL,Month-to-month,79,Yes,3
Female,0,Yes,72,Yes,No,Fiber optic,Month-to-month,109,No,2
Male,0,Yes,12,Yes,No,Fiber optic,Month-to-month,24,No,1
Female,0,No,19,Yes,Yes,DSL,Two year,107,Yes,0
Male,0,No,9,Yes,No,DSL,Two year,69,No,0
Female,0,Yes,0,Yes,No,DSL,Month-to-month,73,No,0
Male,0,No,66,Yes,Yes,Fiber optic,Month-to-month,25,No,1
Male,1,Yes,10,No,No,DSL,One year,35,No,3
Female,0,Yes,56,Yes,No,Fiber optic,Month-to-month,24,No,1
Female,0,Yes,67,Yes,No,DSL,One year,19,No,1
Male,0,Yes,64,No,No,DSL,Month-to-month,60,No,2
Female,0,No,64,Yes,Yes,Fiber optic,Month-to-month,81,No,2
Male,1,No,13,Yes,No,DSL,Month-to-month,70,No,3
Male,0,No,5,Yes,No,Fiber optic,Month-to-month,96,Yes,0
Female,0,No,4,No,No,Fiber optic,One year,35,No,1
Female,0,Yes,45,Yes,Yes,Fiber optic,Two year,20,No,1
Male,0,No,18,Yes,No,DSL,Month-to-month,95,No,0
Female,0,No,3,Yes,Yes,Fiber optic,Month-to-month,58,No,0
Male,0,No,1,Yes,Yes,Fiber optic,One year,21,Yes,1
Male,0,No,29,No,No,DSL,Month-to-month,46,No,1
Female,0,No,69,Yes,No,DSL,Two year,25,No,1
Female,0,No,21,Yes,No,DSL,Month-to-month,100,No,0
Female,0,No,20,Yes,No,DSL,Month-to-month,44,No,1
Male,0,Yes,72,Yes,No,DSL,Month-to-month,110,No,2
Male,0,No,7,No,No,DSL,One year,24,No,1
Male,0,No,5,Yes,Yes,Fiber optic,One year,20,No,1
Female,0,No,6,Yes,Yes,DSL,Two year,50,No,0
Male,0,Yes,13,Yes,Yes,DSL,Month-to-month,66,No,0
Female,0,Yes,1,Yes,Yes,DSL,One year,20,No,1
Female,0,No,3,Yes,Yes,DSL,Two year,79,Yes,0
Male,0,No,7,Yes,No,DSL,Two year,96,No,0
Male,0,No,6,Yes,Yes,DSL,One year,85,Yes,0
Male,0,No,1,Yes,No,DSL,Two year,20,Yes,1
Female,0,No,11,Yes,No,DSL,Two year,20,No,1
Female,0,No,63,Yes,No,DSL,Month-to-month,100,Yes,2
Female,1,No,3,Yes,No,DSL,Month-to-month,75,No,3
Male,0,No,6,Yes,Yes,Fiber optic,One year,19,No,1
Female,0,Yes,70,Yes,Yes,DSL,Month-to-month,69,No,2
Male,0,No,37,Yes,No,DSL,Month-to-month,90,No,2
Female,1,No,38,Yes,Yes,Fiber optic,One year,20,No,3
Female,1,No,29,Yes,Yes,Fiber optic,Two year,59,No,3
Male,0,No,9,Yes,Yes,Fiber optic,Month-to-month,20,No,1
Male,1,No,23,Yes,Yes,DSL,Two year,21,No,3
Female,1,No,20,Yes,No,DSL,Two year,91,Yes,3
Female,0,Yes,70,Yes,No,Fiber optic,Month-to-month,24,No,1
Male,0,No,70,Yes,Yes,DSL,Two year,101,No,2
Female,1,No,5,Yes,No,DSL,Month-to-month,85,No,3
Male,0,Yes,72,Yes,Yes,Fiber optic,Two year,81,No,2
Female,0,Yes,72,No,Yes,Fiber optic,Month-to-month,56,No,2
Male,0,No,4,Yes,No,Fiber optic,Month-to-month,95,No,0
Female,0,No,7,Yes,Yes,Fiber optic,One year,20,Yes,1
Female,0,Yes,23,Yes,Yes,Fiber optic,Two year,82,No,0
Female,0,No,11,Yes,Yes,DSL,Two year,65,No,0
Male,0,Yes,23,Yes,No,DSL,One year,20,No,1
Female,0,No,12,Yes,No,DSL,Month-to-month,54,No,0
Male,0,Yes,49,Yes,Yes,Fiber optic,Month-to-month,94,No,2
Male,0,No,14,Yes,No,Fiber optic,Month-to-month,85,Yes,0
Male,0,Yes,56,No,No,Fiber optic,One year,36,No,1
Female,0,No,3,Yes,Yes,Fiber optic,Month-to-month,20,No,1
Female,0,No,69,Yes,Yes,Fiber optic,Two year,110,No,2
Male,1,No,6,Yes,Yes,Fiber optic,Month-to-month,81,No,3
Female,0,No,49,Yes,No,DSL,Two year,21,No,1
Male,0,No,18,Yes,Yes,Fiber optic,One year,95,Yes,0
Male,1,No,1,Yes,No,DSL,Month-to-month,70,Yes,3
Female,0,No,3,No,Yes,DSL,Two year,35,Yes,1
Male,0,No,2,Yes,No,Fiber optic,Month-to-month,86,Yes,0
Male,0,No,54,Yes,Yes,Fiber optic,Month-to-month,20,No,1
Male,0,No,24,Yes,Yes,DSL,Month-to-month,51,No,0
Female,0,Yes,54,Yes,No,Fiber optic,One year,60,No,2
Male,0,No,15,Yes,No,DSL,Month-to-month,20,No,1
Female,0,No,45,Yes,Yes,Fiber optic,One year,82,No,2
Male,0,No,46,No,Yes,DSL,Two year,38,No,1
Female,0,No,12,Yes,No,DSL,One year,54,No,0
Female,0,Yes,71,Yes,Yes,Fiber optic,Month-to-month,76,No,2
Female,0,No,13,No,No,Fiber optic,Month-to-month,32,No,1
Female,1,No,1,Yes,Yes,Fiber optic,Month-to-month,73,Yes,3
Female,0,Yes,58,Yes,No,DSL,One year,92,No,2
Female,0,No,7,Yes,No,DSL,Month-to-month,75,Yes,0
Male,0,Yes,48,Yes,No,DSL,Month-to-month,24,No,1
Male,0,No,71,Yes,No,DSL,Two year,98,No,2
Male,0,Yes,9,Yes,Yes,Fiber optic,One year,20,No,1
Female,0,Yes,18,Yes,Yes,Fiber optic,Two year,56,No,0
Male,0,No,1,Yes,No,DSL,One year,20,No,1
Female,1,No,67,Yes,No,DSL,Month-to-month,20,No,3
Male,0,No,1,Yes,No,Fiber optic,Month-to-month,85,No,0
Female,0,No,56,Yes,No,DSL,One year,98,No,2
Male,0,No,54,No,No,DSL,Two year,46,No,1
Female,0,Yes,14,Yes,No,DSL,One year,20,No,1
Female,1,No,14,No,Yes,DSL,Two year,46,No,3
Male,0,No,54,Yes,Yes,DSL,Two year,70,No,2
Male,0,No,72,Yes,Yes,Fiber optic,Two year,68,No,2
Male,0,No,17,Yes,Yes,DSL,Two year,56,No,0
Female,0,Yes,1,Yes,Yes,DSL,Month-to-month,20,No,1
Female,0,No,30,Yes,No,DSL,Month-to-month,85,Yes,0
Female,0,Yes,50,Yes,No,DSL,Two year,20,No,1
Male,0,Yes,3,Yes,Yes,Fiber optic,One year,20,No,1
Male,0,No,12,Yes,Yes,DSL,Two year,74,No,0
Female,0,No,13,Yes,No,DSL,Month-to-month,81,Yes,0
Female,1,No,25,Yes,Yes,Fiber optic,One year,69,No,3
Female,0,No,2,Yes,No,DSL,Two year,90,Yes,0
Female,0,No,36,Yes,No,DSL,One year,71,No,0
Male,0,No,3,Yes,Yes,Fiber optic,Two year,50,No,0
Male,0,No,66,Yes,No,Fiber optic,Month-to-month,64,No,2
Male,0,No,15,Yes,No,Fiber optic,Month-to-month,101,Yes,0
Female,0,Yes,61,Yes,Yes,Fiber optic,Month-to-month,74,No,2
Male,0,No,70,Yes,No,Fiber optic,Month-to-month,115,No,2
Female,1,No,35,No,No,DSL,Two year,40,No,3
Female,0,No,1,Yes,No,DSL,Month-to-month,49,Yes,0
Female,0,Yes,48,Yes,Yes,Fiber optic,One year,21,No,1
Male,0,No,70,No,Yes,DSL,Two year,40,No,1
Female,0,Yes,12,Yes,Yes,Fiber optic,Two year,105,No,0
Male,0,No,61,Yes,No,Fiber optic,One year,114,No,2
Female,0,No,38,Yes,No,DSL,Two year,84,Yes,2
Male,0,No,1,Yes,No,DSL,Month-to-month,71,Yes,0
Female,0,Yes,56,Yes,Yes,Fiber optic,Two year,65,No,2
Female,0,No,5,Yes,No,DSL,Month-to-month,85,Yes,0
Male,0,No,11,Yes,No,Fiber optic,Month-to-month,46,No,0
Female,0,Yes,59,Yes,No,DSL,One year,106,No,2
Female,0,No,1,Yes,Yes,DSL,One year,45,No,0
Male,1,No,72,Yes,Yes,DSL,Month-to-month,104,Yes,3
Male,0,Yes,22,Yes,No,Fiber optic,Month-to-month,20,No,1
Male,0,Yes,17,Yes,No,DSL,One year,45,No,1
Male,0,No,50,No,No,Fiber optic,Month-to-month,44,No,1
Male,0,No,8,Yes,Yes,Fiber optic,One year,67,No,0
Male,0,Yes,56,Yes,No,DSL,One year,60,No,2
Female,0,Yes,3,Yes,No,DSL,Month-to-month,80,Yes,0
Male,0,Yes,40,Yes,No,Fiber optic,Month-to-month,20,No,1
Male,1,No,67,Yes,Yes,Fiber optic,One year,101,No,3
Female,0,No,4,Yes,No,Fiber optic,One year,92,Yes,0
Female,0,No,67,Yes,Yes,Fiber optic,Month-to-month,21,No,1
Female,0,Yes,4,Yes,Yes,Fiber optic,Month-to-month,50,No,0
Female,0,Yes,61,Yes,Yes,Fiber optic,Month-to-month,24,No,1
Female,0,No,69,Yes,Yes,Fiber optic,Month-to-month,26,No,1
Female,0,No,49,Yes,No,DSL,Month-to-month,20,No,1
Male,0,No,49,Yes,Yes,Fiber optic,One year,85,No,2
Female,0,No,35,Yes,Yes,Fiber optic,Month-to-month,113,No,2
Male,0,Yes,69,Yes,Yes,Fiber optic,Two year,24,No,1
Female,0,No,60,Yes,Yes,Fiber optic,Two year,60,No,2
Female,0,Yes,1,No,No,Fiber optic,Month-to-month,40,Yes,1
Female,0,Yes,17,Yes,Yes,Fiber optic,Month-to-month,56,Yes,0
Female,0,No,1,Yes,No,DSL,Month-to-month,45,No,0
Male,0,Yes,5,Yes,Yes,Fiber optic,Month-to-month,21,No,1
Female,0,No,13,Yes,No,Fiber optic,Month-to-month,20,No,1
Male,0,No,4,Yes,No,Fiber optic,One year,74,Yes,0
Male,0,Yes,53,Yes,No,DSL,Two year,79,No,2
Female,0,Yes,72,No,Yes,Fiber optic,Month-to-month,64,No,2
Male,0,No,24,Yes,No,DSL,Month-to-month,21,No,1
Female,0,No,19,Yes,No,DSL,One year,25,No,1
Male,0,Yes,1,Yes,No,DSL,Month-to-month,20,No,1
Female,0,No,5,Yes,Yes,Fiber optic,Two year,76,No,0
Male,1,Yes,71,Yes,No,Fiber optic,Month-to-month,87,No,3
Male,0,No,72,Yes,Yes,Fiber optic,Month-to-month,89,No,2
Female,0,No,42,Yes,Yes,Fiber optic,One year,60,No,2
Male,0,No,14,Yes,No,DSL,One year,56,No,0
Male,0,No,1,Yes,Yes,DSL,Two year,51,No,0
Female,1,No,2,Yes,Yes,Fiber optic,Month-to-month,71,Yes,3
Female,1,Yes,72,Yes,No,Fiber optic,Month-to-month,92,Yes,3
Female,0,Yes,13,Yes,No,DSL,Two year,88,Yes,0
Female,0,No,18,Yes,Yes,Fiber optic,Month-to-month,78,No,0
Female,0,No,45,Yes,No,Fiber optic,One year,97,No,2
Female,1,No,55,Yes,Yes,DSL,One year,100,No,3
Male,0,Yes,1,Yes,No,DSL,Month-to-month,50,No,0
Male,0,No,1,Yes,Yes,Fiber optic,Month-to-month,21,No,1
Male,0,No,65,Yes,Yes,DSL,One year,25,No,1
Female,0,No,46,Yes,No,Fiber optic,Month-to-month,69,No,2
Female,0,Yes,21,Yes,No,DSL,Month-to-month,21,No,1
Male,1,No,24,Yes,Yes,Fiber optic,Month-to-month,101,Yes,3
Female,0,Yes,34,No,No,Fiber optic,Month-to-month,61,No,1
Female,0,No,13,Yes,Yes,Fiber optic,Two year,75,No,0
Female,0,Yes,48,Yes,No,Fiber optic,One year,70,No,2
Female,0,No,56,Yes,No,Fiber optic,Month-to-month,107,No,2
Female,0,Yes,42,Yes,No,Fiber optic,Two year,100,No,2
Female,0,No,4,Yes,No,DSL,Two year,55,No,0
Female,0,No,65,Yes,Yes,Fiber optic,Month-to-month,55,No,2
Male,0,No,3,No,No,DSL,One year,25,No,1
Female,0,Yes,70,Yes,Yes,Fiber optic,Month-to-month,81,No,2
Male,1,No,1,Yes,No,DSL,Two year,89,Yes,3
Male,0,No,66,Yes,Yes,Fiber optic,Month-to-month,55,No,2
Male,0,No,19,Yes,Yes,Fiber optic,One year,55,Yes,0
Male,0,No,70,Yes,No,DSL,Month-to-month,24,No,1
Male,0,No,41,Yes,No,DSL,One year,100,No,2
Male,0,Yes,45,Yes,No,DSL,Month-to-month,110,No,2
Female,0,No,49,Yes,No,Fiber optic,Month-to-month,20,No,1
Male,1,No,22,Yes,No,DSL,Two year,90,Yes,3
Female,0,Yes,56,Yes,Yes,Fiber optic,Month-to-month,100,No,2
Female,0,No,15,Yes,Yes,Fiber optic,Month-to-month,56,Yes,0
Female,0,Yes,67,Yes,No,DSL,Month-to-month,100,No,2
Male,0,Yes,1,Yes,Yes,Fiber optic,Month-to-month,20,No,1
Male,1,Yes,38,Yes,Yes,Fiber optic,Month-to-month,101,No,3
Female,0,No,52,Yes,No,DSL,Two year,74,No,2
Female,0,Yes,34,Yes,No,DSL,Month-to-month,20,No,1
Male,0,Yes,69,Yes,No,Fiber optic,Month-to-month,20,No,1
Male,0,Yes,4,Yes,No,DSL,Month-to-month,102,Yes,0
Female,0,No,63,Yes,No,DSL,Month-to-month,59,No,2
Male,0,No,24,Yes,Yes,Fiber optic,Month-to-month,20,No,1
Male,0,No,62,Yes,No,DSL,Month-to-month,91,No,2
Female,0,No,36,Yes,Yes,DSL,Two year,19,No,1
Female,0,No,38,Yes,No,DSL,Month-to-month,68,No,0
Female,1,No,47,Yes,Yes,DSL,Month-to-month,80,Yes,3
Male,0,No,38,Yes,No,Fiber optic,Month-to-month,79,Yes,2
Female,0,Yes,42,Yes,No,DSL,Month-to-month,92,No,2
Female,0,No,42,Yes,No,DSL,One year,25,No,1
Female,0,No,3,Yes,No,DSL,Month-to-month,75,No,0
Male,1,No,8,Yes,Yes,DSL,Two year,100,Yes,3
Male,1,No,9,Yes,No,DSL,Month-to-month,84,Yes,3
Female,0,No,58,Yes,No,Fiber optic,Month-to-month,68,No,2
Male,1,No,21,Yes,No,DSL,Month-to-month,60,Yes,3
Female,0,No,10,Yes,No,DSL,Month-to-month,21,No,1
Female,0,No,70,Yes,No,DSL,Two year,99,No,2
Male,0,No,26,Yes,Yes,Fiber optic,Month-to-month,75,No,0
Male,1,No,36,Yes,No,Fiber optic,Month-to-month,96,Yes,3
Male,0,No,72,Yes,Yes,Fiber optic,Month-to-month,68,No,2
Female,0,No,9,Yes,No,DSL,Two year,74,Yes,0
Female,0,No,15,Yes,No,DSL,Month-to-month,100,No,0
Female,1,No,63,Yes,No,DSL,Two year,83,No,3
Male,0,No,4,Yes,Yes,Fiber optic,Two year,64,No,0
Male,0,No,25,Yes,No,Fiber optic,Month-to-month,21,No,1
Male,0,No,46,Yes,Yes,Fiber optic,Month-to-month,20,No,1
Female,1,No,44,Yes,Yes,Fiber optic,One year,104,No,3
Male,0,No,12,Yes,No,DSL,One year,20,No,1
Male,0,No,1,Yes,No,DSL,Month-to-month,45,No,0
Male,0,No,1,Yes,No,DSL,Two year,49,Yes,0
Female,1,No,20,Yes,No,DSL,One year,62,Yes,3
Female,0,Yes,72,Yes,Yes,Fiber optic,Month-to-month,118,No,2
Male,0,No,53,No,Yes,DSL,Two year,60,Yes,2
Male,0,Yes,52,Yes,Yes,Fiber optic,Month-to-month,19,No,1
Male,1,No,2,Yes,No,DSL,Month-to-month,74,No,3
Male,0,No,50,Yes,No,DSL,Month-to-month,94,No,2
Male,0,Yes,17,Yes,No,DSL,Month-to-month,69,Yes,0
Male,1,No,51,No,No,DSL,One year,29,No,3
Male,1,No,16,Yes,No,Fiber optic,Two year,79,No,3
Female,0,No,18,Yes,Yes,DSL,Two year,95,No,0
Male,0,Yes,71,Yes,Yes,DSL,Two year,85,No,2
Male,0,Yes,68,No,Yes,DSL,Two year,45,No,2
Male,1,No,1,Yes,No,DSL,Two year,75,No,3
Female,0,Yes,25,Yes,Yes,Fiber optic,Month-to-month,19,No,1
Male,1,No,24,Yes,No,Fiber optic,Month-to-month,93,Yes,3
Male,0,No,14,No,Yes,Fiber optic,Month-to-month,51,Yes,0
Male,0,No,55,Yes,No,DSL,Two year,59,No,2
Female,0,No,25,No,No,DSL,Month-to-month,61,No,0
Male,0,Yes,10,Yes,No,Fiber optic,Month-to-month,60,No,0
Male,0,Yes,61,Yes,Yes,Fiber optic,Month-to-month,104,No,2
Male,0,No,6,Yes,No,Fiber optic,Month-to-month,59,No,0
Male,0,No,13,Yes,No,DSL,Two year,20,No,1
Female,0,No,2,Yes,No,DSL,Month-to-month,19,No,1
Female,0,No,1,Yes,Yes,Fiber optic,One year,45,No,0
Female,0,No,2,Yes,Yes,Fiber optic,Month-to-month,70,No,0
Male,1,No,49,Yes,No,Fiber optic,Month-to-month,96,Yes,3
Female,0,No,1,Yes,Yes,Fiber optic,Month-to-month,45,Yes,0
Male,0,No,37,Yes,No,DSL,One year,94,No,2
Female,0,Yes,40,Yes,No,DSL,Month-to-month,20,No,1
Female,1,No,23,Yes,No,DSL,Two year,95,Yes,3
Female,1,No,66,Yes,No,Fiber optic,Month-to-month,108,No,3
Male,0,Yes,17,Yes,No,DSL,Month-to-month,93,Yes,0
Male,1,No,9,Yes,No,DSL,Month-to-month,85,Yes,3
Female,1,No,39,Yes,No,DSL,One year,101,No,3
Male,0,Yes,23,No,Yes,DSL,Two year,40,No,1
Male,0,No,50,Yes,Yes,DSL,One year,20,No,1
Female,0,No,3,Yes,No,DSL,Month-to-month,98,Yes,0
Female,0,No,61,Yes,No,DSL,Month-to-month,19,No,1
Female,0,No,24,Yes,No,DSL,Month-to-month,89,No,0
Female,0,Yes,14,Yes,No,DSL,One year,85,No,0
Male,0,Yes,52,Yes,No,Fiber optic,Month-to-month,26,No,1
Female,0,No,15,Yes,No,Fiber optic,Month-to-month,84,Yes,0
Female,0,No,33,Yes,No,Fiber optic,Month-to-month,59,No,0
Male,1,No,69,Yes,No,Fiber optic,Two year,95,No,3
Female,0,Yes,61,Yes,Yes,Fiber optic,Month-to-month,88,No,2
Male,0,Yes,71,Yes,Yes,Fiber optic,One year,116,No,2
Female,0,No,53,Yes,Yes,Fiber optic,Month-to-month,91,No,2
Female,1,No,42,Yes,No,Fiber optic,Month-to-month,56,No,3
Male,0,No,36,Yes,No,Fiber optic,Month-to-month,79,No,0
Male,0,No,25,Yes,Yes,DSL,Month-to-month,106,No,0
Female,0,No,8,Yes,No,Fiber optic,Month-to-month,21,No,1
Female,0,No,16,Yes,Yes,DSL,Two year,96,Yes,0
Female,0,No,12,Yes,No,DSL,Two year,90,Yes,0
Female,0,No,28,Yes,Yes,DSL,Two year,105,Yes,0
Male,0,No,7,Yes,Yes,Fiber optic,Two year,94,No,0
Male,1,No,32,Yes,No,DSL,Month-to-month,105,Yes,3
Female,0,Yes,1,Yes,No,Fiber optic,One year,79,Yes,0
Male,0,No,8,No,No,Fiber optic,Month-to-month,30,Yes,1
Male,0,No,63,Yes,No,Fiber optic,Month-to-month,103,Yes,2
Female,0,No,1,No,No,DSL,One year,35,Yes,1
Male,0,No,60,Yes,No,Fiber optic,Month-to-month,102,No,2
Female,0,No,16,Yes,No,Fiber optic,Month-to-month,86,No,0
Male,1,No,71,Yes,No,DSL,One year,92,No,3
Male,0,Yes,40,Yes,Yes,Fiber optic,Month-to-month,85,No,2
Female,1,No,18,Yes,Yes,DSL,One year,100,Yes,3
Male,0,No,5,Yes,No,DSL,Month-to-month,79,No,0
Male,0,No,33,Yes,No,DSL,One year,79,No,0
Female,0,Yes,13,Yes,No,DSL,Month-to-month,20,No,1
Female,0,No,40,Yes,No,DSL,Month-to-month,50,No,1
Male,1,No,67,Yes,No,DSL,Month-to-month,116,No,3
Female,0,No,16,Yes,Yes,DSL,One year,50,Yes,0
Male,0,No,59,Yes,No,DSL,Month-to-month,66,No,2
Male,1,No,8,Yes,Yes,Fiber optic,Month-to-month,70,No,3
Male,0,Yes,24,Yes,No,DSL,One year,24,No,1
Male,0,Yes,7,Yes,No,Fiber optic,Month-to-month,20,No,1
Male,0,Yes,72,Yes,No,Fiber optic,Month-to-month,24,No,1
Female,0,No,44,Yes,No,Fiber optic,Month-to-month,88,No,2
Female,1,No,38,Yes,Yes,Fiber optic,Month-to-month,75,Yes,3
Male,0,No,4,Yes,No,DSL,One year,56,No,0
Male,0,No,2,Yes,Yes,Fiber optic,Two year,53,No,0
Female,0,No,70,No,No,DSL,Month-to-month,50,No,2
Female,0,No,33,Yes,No,DSL,Month-to-month,91,No,0
Female,0,No,1,No,No,DSL,One year,25,No,1
Male,0,No,39,No,Yes,Fiber optic,Month-to-month,36,No,1
Male,1,No,55,Yes,No,DSL,Two year,116,No,3
Male,0,Yes,52,Yes,No,Fiber optic,Month-to-month,69,No,2
Female,0,Yes,30,No,Yes,Fiber optic,Month-to-month,51,Yes,1
Male,1,No,60,Yes,No,DSL,One year,99,No,3
Male,0,Yes,50,Yes,No,Fiber optic,Month-to-month,55,No,2
Female,0,No,32,Yes,No,DSL,Month-to-month,110,No,2
Male,0,No,51,Yes,No,DSL,Two year,107,No,2
Male,0,No,1,Yes,Yes,Fiber optic,Month-to-month,74,No,0
Female,0,Yes,69,Yes,No,DSL,Month-to-month,26,No,1
Female,0,Yes,42,Yes,Yes,Fiber optic,Month-to-month,94,Yes,2
Male,0,No,14,No,Yes,DSL,One year,46,Yes,1
Male,0,Yes,52,Yes,Yes,Fiber optic,Month-to-month,26,No,1
Male,0,No,62,Yes,Yes,Fiber optic,Two year,108,No,2
Female,0,Yes,72,Yes,No,Fiber optic,Month-to-month,20,No,1
Male,0,No,32,Yes,No,DSL,Two year,96,Yes,0
Female,1,No,1,Yes,Yes,Fiber optic,Month-to-month,70,Yes,3
Female,1,No,72,Yes,Yes,DSL,Two year,78,No,3
Female,1,No,1,Yes,No,Fiber optic,Month-to-month,45,Yes,3
Female,0,No,1,Yes,No,DSL,One year,26,No,1
Male,0,No,5,Yes,No,Fiber optic,Month-to-month,104,Yes,0
Male,0,No,63,Yes,No,Fiber optic,Month-to-month,105,No,2
Male,0,Yes,67,Yes,Yes,Fiber optic,Month-to-month,81,No,2
Female,0,Yes,40,Yes,Yes,Fiber optic,Month-to-month,96,No,2
Male,0,No,65,Yes,Yes,Fiber optic,Month-to-month,94,No,2
Female,0,Yes,16,Yes,Yes,Fiber optic,One year,20,No,1
Female,1,No,46,Yes,No,DSL,One year,69,No,3
Male,0,No,11,No,No,DSL,Two year,36,No,1
Female,0,No,49,Yes,Yes,Fiber optic,Two year,99,No,2
Female,0,No,68,No,Yes,DSL,One year,54,No,2
Female,0,No,10,Yes,No,Fiber optic,Month-to-month,19,No,1
Female,1,No,2,Yes,No,DSL,Month-to-month,84,No,3
Female,0,No,5,Yes,No,Fiber optic,One year,69,No,0
Male,0,Yes,53,Yes,Yes,Fiber optic,One year,63,No,2
Male,1,No,54,Yes,Yes,DSL,Month-to-month,110,No,3
Female,0,No,4,Yes,Yes,DSL,Month-to-month,45,Yes,0
Male,1,No,15,Yes,No,DSL,Month-to-month,76,Yes,3
Male,0,No,10,Yes,No,DSL,Month-to-month,20,No,1
Female,0,No,3,Yes,Yes,Fiber optic,One year,55,Yes,0
Female,0,No,71,Yes,No,DSL,One year,25,No,1
Male,0,No,8,Yes,No,Fiber optic,Month-to-month,55,No,0
Male,1,No,1,Yes,Yes,Fiber optic,Two year,94,Yes,3
Female,0,Yes,64,Yes,Yes,DSL,Two year,110,No,2
Male,0,No,57,Yes,Yes,DSL,Two year,19,No,1
Female,1,No,1,Yes,No,DSL,Month-to-month,101,Yes,3
Female,1,No,20,Yes,No,DSL,Two year,60,No,3
Female,1,No,26,Yes,No,Fiber optic,Month-to-month,66,No,3
Female,1,No,2,Yes,Yes,DSL,Two year,80,Yes,3
Male,0,Yes,32,Yes,Yes,Fiber optic,Month-to-month,95,No,2
Female,0,No,5,Yes,Yes,Fiber optic,Month-to-month,25,No,1
Female,0,No,70,Yes,Yes,DSL,Two year,111,No,2
Male,0,No,31,Yes,Yes,DSL,One year,55,Yes,0
Female,0,No,7,Yes,Yes,Fiber optic,Two year,60,Yes,0
Male,0,No,1,No,Yes,Fiber optic,Month-to-month,25,No,1
Male,1,No,20,Yes,No,DSL,Two year,99,Yes,3
Male,0,No,35,Yes,No,Fiber optic,Month-to-month,61,No,0
Male,0,No,6,Yes,Yes,DSL,One year,61,No,0
Female,0,Yes,72,Yes,No,DSL,One year,75,No,2
Female,0,No,13,Yes,No,DSL,One year,20,No,1
Female,1,No,4,Yes,No,DSL,Month-to-month,49,No,3
Male,0,Yes,63,Yes,Yes,Fiber optic,Month-to-month,19,No,1
Male,0,No,69,Yes,No,Fiber optic,Month-to-month,85,No,2
Female,0,No,3,No,No,DSL,One year,34,Yes,1
Female,1,No,71,Yes,No,DSL,Month-to-month,81,No,3
Male,0,No,15,Yes,Yes,Fiber optic,Month-to-month,19,No,1
Female,0,Yes,30,Yes,No,DSL,Two year,20,No,1
Female,0,No,23,Yes,Yes,DSL,Month-to-month,83,No,0
Male,1,No,9,Yes,Yes,Fiber optic,Month-to-month,20,No,3
Male,0,No,35,Yes,No,DSL,Month-to-month,19,No,1
Female,0,Yes,6,Yes,No,Fiber optic,Month-to-month,55,No,0
Female,0,No,1,Yes,Yes,Fiber optic,Two year,75,Yes,0
Female,0,Yes,72,Yes,No,DSL,Two year,25,No,1
Male,0,Yes,45,Yes,No,DSL,Two year,84,No,2
Male,0,Yes,7,Yes,Yes,DSL,Month-to-month,90,Yes,0
Male,0,No,70,No,No,DSL,One year,48,No,2
Male,0,No,53,Yes,Yes,DSL,Two year,20,No,1
Male,0,No,4,Yes,No,DSL,Month-to-month,52,Yes,0
Female,0,No,72,Yes,Yes,Fiber optic,Month-to-month,92,No,2
Male,0,Yes,72,No,Yes,DSL,Month-to-month,45,No,2
Male,1,No,17,Yes,No,DSL,Month-to-month,95,No,3
Female,0,No,7,Yes,No,Fiber optic,Month-to-month,70,No,0
Female,0,Yes,11,Yes,No,DSL,One year,20,Yes,1
Female,0,No,2,Yes,Yes,DSL,Month-to-month,75,Yes,0
Female,0,No,72,Yes,Yes,Fiber optic,Month-to-month,110,No,2
Male,0,Yes,11,Yes,No,Fiber optic,Month-to-month,78,No,0
Male,1,No,5,Yes,No,DSL,Month-to-month,91,Yes,3
Male,1,No,4,Yes,No,DSL,Month-to-month,75,Yes,3
Male,0,No,30,Yes,No,DSL,Month-to-month,50,No,1
Female,0,Yes,11,Yes,No,DSL,One year,21,No,1
Male,0,No,17,No,Yes,DSL,Two year,50,No,1
Female,1,No,34,No,Yes,DSL,Two year,56,No,3
Female,1,No,2,No,No,DSL,Two year,30,Yes,3
Male,0,Yes,55,Yes,Yes,Fiber optic,One year,19,No,1
Female,1,No,5,Yes,Yes,Fiber optic,Month-to-month,60,No,3
Female,0,Yes,11,Yes,No,Fiber optic,Month-to-month,20,No,1
Female,0,Yes,1,Yes,No,Fiber optic,Month-to-month,80,Yes,0
Female,0,No,70,Yes,No,DSL,Month-to-month,19,No,1
Male,1,No,2,Yes,No,DSL,One year,75,Yes,3
Female,0,No,7,Yes,Yes,Fiber optic,Month-to-month,74,Yes,0
Male,0,No,35,Yes,Yes,DSL,Two year,20,No,1
Female,0,No,58,Yes,No,DSL,One year,71,No,2
Female,0,Yes,72,Yes,Yes,DSL,Month-to-month,109,No,2
Male,0,Yes,68,Yes,Yes,DSL,One year,63,No,2
Male,0,No,26,Yes,No,DSL,One year,59,No,0
Female,0,No,12,Yes,No,DSL,One year,45,No,0
Male,0,Yes,25,Yes,Yes,Fiber optic,Two year,60,No,0
Male,1,Yes,72,Yes,No,Fiber optic,One year,115,No,3
Male,0,Yes,70,Yes,Yes,Fiber optic,Month-to-month,115,No,2
Male,1,Yes,1,Yes,No,DSL,Month-to-month,50,Yes,3
Male,0,No,26,Yes,Yes,DSL,One year,87,No,0
Female,0,Yes,2,Yes,Yes,Fiber optic,Month-to-month,66,Yes,0
Female,0,Yes,28,Yes,Yes,Fiber optic,Month-to-month,20,No,1
Female,0,Yes,6,Yes,Yes,DSL,Two year,20,No,1
Female,0,Yes,58,No,No,Fiber optic,Month-to-month,60,No,2
Female,1,No,29,No,Yes,Fiber optic,Month-to-month,45,No,3
Male,0,No,16,Yes,No,DSL,Two year,71,No,0
Male,1,No,43,Yes,No,DSL,Month-to-month,101,Yes,3
Male,0,No,52,Yes,No,DSL,Month-to-month,75,No,2
Female,0,Yes,72,Yes,No,Fiber optic,One year,119,No,2
Male,0,Yes,71,Yes,No,Fiber optic,Month-to-month,19,No,1
Male,0,No,65,Yes,Yes,DSL,Month-to-month,20,No,1
Female,0,No,49,Yes,Yes,DSL,One year,84,No,2
Male,0,No,52,Yes,Yes,Fiber optic,Two year,84,No,2
Male,0,No,2,Yes,No,Fiber optic,One year,20,Yes,1
Male,0,Yes,71,Yes,No,Fiber optic,Month-to-month,109,No,2
Male,0,No,54,Yes,Yes,Fiber optic,One year,89,No,2
Female,0,Yes,15,Yes,Yes,DSL,Two year,76,No,0
Male,0,No,9,No,Yes,Fiber optic,Month-to-month,25,No,1
Male,1,No,50,Yes,No,DSL,Two year,105,No,3
Male,0,Yes,19,Yes,No,DSL,Month-to-month,84,Yes,0
Female,1,No,70,Yes,No,DSL,Month-to-month,104,No,3
Female,1,No,72,Yes,Yes,DSL,Two year,107,No,3
Male,1,No,52,Yes,No,DSL,Month-to-month,105,No,3
Female,0,Yes,15,Yes,No,DSL,Two year,46,No,1
Female,0,Yes,72,Yes,Yes,Fiber optic,Month-to-month,77,No,2
Male,1,No,3,Yes,Yes,Fiber optic,One year,81,Yes,3
Male,0,No,58,Yes,No,DSL,Month-to-month,99,No,2
Female,0,No,1,Yes,No,Fiber optic,One year,20,No,1
Male,0,No,35,Yes,Yes,DSL,Two year,90,No,0
Female,0,Yes,50,Yes,No,DSL,Month-to-month,84,Yes,2
Male,0,No,41,Yes,Yes,Fiber optic,Month-to-month,20,No,1
Male,0,Yes,72,Yes,No,Fiber optic,Month-to-month,64,No,2
Female,0,No,30,Yes,No,DSL,Month-to-month,69,No,0
Female,0,Yes,2,No,No,Fiber optic,Month-to-month,24,Yes,1
Male,0,No,15,No,Yes,Fiber optic,One year,30,Yes,1
Male,0,Yes,37,Yes,No,Fiber optic,Month-to-month,59,No,1
Male,0,Yes,72,Yes,Yes,DSL,Month-to-month,75,No,2
Male,0,Yes,72,Yes,No,Fiber optic,Month-to-month,25,No,1
Male,0,No,70,Yes,No,DSL,Two year,114,No,2
Female,0,No,1,Yes,Yes,Fiber optic,Month-to-month,20,Yes,1
Male,0,No,23,Yes,No,Fiber optic,Month-to-month,84,No,0
Female,0,No,8,Yes,No,DSL,Two year,75,No,0
Male,0,No,2,Yes,Yes,DSL,One year,46,Yes,0
Female,0,Yes,26,No,Yes,Fiber optic,Month-to-month,39,No,1
Male,0,Yes,52,Yes,Yes,DSL,Month-to-month,20,No,1
Female,0,Yes,23,No,Yes,DSL,Month-to-month,35,No,1
Female,0,No,15,Yes,No,DSL,Month-to-month,99,Yes,0
Male,0,No,40,Yes,No,DSL,Two year,50,No,1
Male,0,No,27,Yes,Yes,Fiber optic,Month-to-month,59,No,0
Female,0,No,37,Yes,No,DSL,Month-to-month,20,No,1
Male,0,No,45,Yes,No,DSL,Month-to-month,112,No,2
Female,0,No,5,Yes,Yes,DSL,Two year,70,Yes,0
Female,0,No,71,Yes,Yes,Fiber optic,One year,24,No,1
Male,0,No,4,Yes,Yes,Fiber optic,Month-to-month,54,Yes,0
Female,0,Yes,38,Yes,Yes,DSL,Two year,20,No,1
Male,0,Yes,3,Yes,Yes,Fiber optic,Month-to-month,56,No,0
Male,0,No,17,Yes,No,DSL,Month-to-month,19,No,1
Male,0,Yes,70,Yes,No,Fiber optic,Month-to-month,90,No,2
Male,0,No,1,Yes,Yes,DSL,Two year,45,No,0
Female,0,Yes,71,Yes,No,Fiber optic,One year,100,No,2
Male,0,No,37,Yes,Yes,Fiber optic,One year,91,No,2
Male,0,No,64,Yes,Yes,Fiber optic,Month-to-month,70,No,2
Female,1,No,37,Yes,No,DSL,One year,90,No,3
Male,0,Yes,65,Yes,Yes,Fiber optic,Month-to-month,109,Yes,2
Female,0,Yes,23,Yes,No,DSL,Month-to-month,49,No,1
Female,0,No,22,Yes,No,DSL,Month-to-month,79,Yes,0
Female,1,No,26,Yes,Yes,DSL,Month-to-month,61,No,3
Female,0,No,25,Yes,No,DSL,Month-to-month,80,Yes,0
Female,0,No,60,Yes,No,DSL,Month-to-month,97,No,2
Female,0,No,1,Yes,No,DSL,Month-to-month,96,Yes,0
Female,0,No,71,Yes,No,Fiber optic,Month-to-month,89,No,2
Female,1,No,27,Yes,Yes,Fiber optic,Month-to-month,85,Yes,3
Female,0,No,3,Yes,Yes,Fiber optic,One year,89,Yes,0
Male,0,Yes,58,Yes,Yes,Fiber optic,Month-to-month,95,No,2
Female,0,No,14,Yes,No,DSL,Month-to-month,75,Yes,0
Male,0,Yes,71,Yes,Yes,Fiber optic,Two year,71,No,2
Female,0,Yes,2,No,No,Fiber optic,Month-to-month,29,No,1
Female,0,No,40,Yes,No,DSL,Month-to-month,21,No,1
Male,0,Yes,68,Yes,No,Fiber optic,Month-to-month,25,No,1
Female,1,No,57,Yes,No,Fiber optic,Two year,101,No,3
Female,0,No,45,Yes,No,DSL,Month-to-month,87,Yes,2
Male,0,Yes,70,Yes,Yes,DSL,Two year,117,No,2
Male,0,No,68,Yes,No,DSL,One year,108,No,2
Female,0,No,52,Yes,No,DSL,Two year,103,No,2
Female,0,No,72,Yes,No,Fiber optic,One year,115,No,2
Male,1,No,24,Yes,No,DSL,Month-to-month,76,Yes,3
Male,0,Yes,67,Yes,No,Fiber optic,Month-to-month,60,No,2
Female,0,No,68,No,No,DSL,Month-to-month,64,No,2
Male,0,Yes,23,Yes,Yes,Fiber optic,Month-to-month,20,No,1
Male,0,No,71,No,No,Fiber optic,Two year,49,Yes,2
Female,0,No,1,No,No,Fiber optic,One year,24,No,1
Female,0,Yes,71,Yes,Yes,Fiber optic,Month-to-month,20,No,1
Male,1,No,69,Yes,Yes,DSL,Two year,111,No,3
Female,1,No,40,Yes,Yes,Fiber optic,One year,99,Yes,3
Female,1,No,18,Yes,Yes,Fiber optic,Two year,85,No,3
Male,0,No,22,Yes,Yes,DSL,Two year,95,Yes,0
Male,0,Yes,69,No,No,DSL,One year,39,No,1
Female,1,No,62,Yes,No,DSL,Month-to-month,84,No,3
Female,0,No,56,Yes,Yes,Fiber optic,Month-to-month,20,No,1
Female,0,No,7,Yes,Yes,Fiber optic,Two year,20,No,1
Male,0,No,1,Yes,No,DSL,Two year,19,No,1
Male,0,Yes,6,Yes,No,Fiber optic,Two year,20,No,1
Male,0,No,2,Yes,No,DSL,Two year,86,Yes,0
Male,1,No,16,Yes,No,DSL,One year,55,No,3
Male,0,No,2,Yes,No,DSL,One year,20,No,1
Female,0,No,72,Yes,Yes,Fiber optic,Two year,86,No,2
Female,0,Yes,7,No,No,DSL,One year,35,No,1
Female,0,Yes,19,No,No,DSL,Month-to-month,25,No,1
Female,0,No,14,Yes,Yes,Fiber optic,Two year,78,No,0
Male,0,No,64,Yes,No,DSL,Two year,106,Yes,2
Female,0,No,25,Yes,No,Fiber optic,Month-to-month,78,No,0
Male,0,Yes,70,Yes,No,DSL,One year,86,No,2
Male,0,No,66,Yes,Yes,Fiber optic,Month-to-month,19,No,1
Male,0,Yes,1,Yes,No,DSL,Two year,72,Yes,0
Female,0,No,53,Yes,Yes,DSL,One year,91,No,2
Female,0,No,6,Yes,Yes,DSL,Two year,56,Yes,0
Female,0,No,59,Yes,No,Fiber optic,Month-to-month,96,No,2
Male,0,No,31,Yes,Yes,DSL,Two year,78,Yes,0
Male,0,No,3,Yes,Yes,Fiber optic,Two year,74,Yes,0
Female,0,Yes,15,Yes,No,DSL,Month-to-month,69,Yes,0
Male,0,No,48,Yes,Yes,DSL,Two year,106,Yes,2
Male,0,Yes,2,Yes,No,Fiber optic,Month-to-month,57,Yes,0
Male,1,No,70,Yes,Yes,Fiber optic,Month-to-month,103,Yes,3
Female,0,No,2,Yes,No,DSL,One year,91,Yes,0
Male,0,No,47,Yes,No,DSL,Month-to-month,111,Yes,2
Female,0,Yes,24,Yes,Yes,Fiber optic,Two year,21,No,1
Male,0,No,31,Yes,No,DSL,Two year,94,No,0
Female,0,No,54,Yes,No,DSL,Two year,111,Yes,2
Male,0,No,1,Yes,No,DSL,Two year,55,No,0
Female,0,Yes,12,No,Yes,Fiber optic,Month-to-month,33,No,1
Female,0,No,2,Yes,No,DSL,Month-to-month,19,No,1
Male,0,No,48,Yes,Yes,Fiber optic,One year,71,No,2
Female,1,No,1,Yes,No,DSL,One year,74,Yes,3
Male,0,No,71,Yes,Yes,Fiber optic,Month-to-month,65,No,2
Male,0,No,1,Yes,Yes,Fiber optic,Month-to-month,20,Yes,1
Male,0,Yes,56,Yes,Yes,Fiber optic,Month-to-month,25,No,1
Male,0,No,2,Yes,No,DSL,One year,20,No,1
Female,1,No,66,Yes,Yes,DSL,One year,81,Yes,3
Male,0,Yes,50,Yes,Yes,Fiber optic,Month-to-month,20,No,1
Female,1,No,63,Yes,Yes,Fiber optic,One year,90,No,3
Male,0,No,1,Yes,No,DSL,Two year,45,Yes,0
Female,0,No,6,No,No,DSL,Month-to-month,49,No,0
Female,0,No,5,Yes,Yes,DSL,Month-to-month,51,No,0
Female,0,Yes,35,Yes,No,DSL,Month-to-month,72,Yes,2
Female,0,No,71,Yes,No,DSL,Month-to-month,119,No,2
Female,0,No,42,Yes,No,Fiber optic,One year,66,No,2
Female,0,No,64,Yes,No,DSL,One year,19,No,1
Male,0,No,1,Yes,No,DSL,Month-to-month,50,No,0
Male,0,No,1,Yes,Yes,DSL,Two year,70,Yes,0
Male,0,No,69,Yes,No,DSL,Month-to-month,107,No,2
Male,0,No,33,Yes,No,Fiber optic,Month-to-month,93,No,0
Female,0,Yes,20,Yes,No,DSL,One year,20,No,1
Male,0,Yes,13,Yes,Yes,Fiber optic,One year,24,No,1
Female,0,No,28,Yes,No,DSL,Month-to-month,56,No,0
Female,0,Yes,72,Yes,No,DSL,Two year,81,No,2
Male,0,No,9,Yes,No,DSL,One year,70,No,0
Female,0,No,72,Yes,No,DSL,Month-to-month,108,No,2
Female,1,No,52,Yes,Yes,DSL,Two year,60,No,3
Female,0,No,34,Yes,No,DSL,One year,61,No,0
Male,0,Yes,71,Yes,No,DSL,Month-to-month,100,No,2
Female,0,No,6,Yes,No,DSL,Month-to-month,20,No,1
Female,0,No,31,Yes,No,Fiber optic,Month-to-month,64,No,0
Female,1,No,1,Yes,No,DSL,Two year,91,Yes,3
Female,0,Yes,49,Yes,No,DSL,Month-to-month,25,No,1
Female,0,No,27,Yes,Yes,Fiber optic,Month-to-month,20,No,1
Female,0,No,53,Yes,No,DSL,Two year,93,No,2
Female,1,No,35,Yes,No,DSL,Month-to-month,100,Yes,3
Male,0,No,2,Yes,No,DSL,Two year,96,Yes,0
Female,0,No,46,No,No,DSL,One year,44,No,1
Female,0,No,35,Yes,No,DSL,Month-to-month,19,No,1
Male,0,No,9,Yes,Yes,Fiber optic,One year,74,No,0
Male,0,No,64,Yes,Yes,Fiber optic,Month-to-month,104,No,2
Female,0,No,13,Yes,No,DSL,Two year,79,Yes,0
Female,0,No,55,Yes,No,Fiber optic,Month-to-month,82,No,2
Female,0,Yes,51,Yes,No,DSL,Month-to-month,94,No,2
Female,0,Yes,5,Yes,Yes,DSL,Two year,24,No,1
Male,0,Yes,20,Yes,No,DSL,Month-to-month,70,Yes,0
Female,0,Yes,23,Yes,No,DSL,Two year,26,No,1
Male,1,Yes,61,Yes,No,DSL,One year,99,No,3
Female,0,Yes,54,Yes,Yes,Fiber optic,Month-to-month,70,No,2
Male,0,No,15,Yes,No,DSL,Month-to-month,76,Yes,0
Female,0,Yes,64,Yes,Yes,Fiber optic,Month-to-month,25,No,1
Female,0,Yes,18,Yes,Yes,Fiber optic,Month-to-month,65,No,0
Male,0,No,52,Yes,No,Fiber optic,Month-to-month,103,No,2
Male,0,No,17,Yes,Yes,Fiber optic,Month-to-month,20,No,1
Female,0,Yes,27,Yes,Yes,Fiber optic,Month-to-month,20,No,1
Female,0,No,58,Yes,Yes,Fiber optic,Month-to-month,111,No,2
Female,0,Yes,68,Yes,No,Fiber optic,Month-to-month,109,No,2
Male,0,No,1,Yes,Yes,DSL,Two year,19,No,1
Female,0,No,55,Yes,No,DSL,Two year,66,No,2
Female,0,No,1,Yes,No,DSL,Month-to-month,45,No,0
Female,0,No,72,Yes,Yes,Fiber optic,Month-to-month,84,No,2
Female,0,No,6,No,Yes,Fiber optic,Month-to-month,45,No,1
Female,0,No,60,Yes,No,Fiber optic,One year,100,No,2
Male,0,Yes,61,Yes,Yes,DSL,Month-to-month,106,Yes,2
Female,0,No,2,Yes,No,DSL,Two year,21,Yes,1
Male,0,No,63,Yes,No,Fiber optic,Month-to-month,72,No,2
Female,0,No,17,Yes,No,Fiber optic,Month-to-month,84,No,0
Male,1,No,58,Yes,No,DSL,Month-to-month,99,Yes,3
Female,0,Yes,26,Yes,No,DSL,Two year,50,No,1
Female,0,Yes,53,No,No,DSL,Two year,49,No,1
Female,0,No,25,Yes,No,DSL,One year,19,No,1
Female,0,No,1,Yes,Yes,DSL,Two year,82,Yes,0
Female,0,Yes,24,Yes,Yes,DSL,Month-to-month,21,No,1
Female,0,No,2,Yes,No,DSL,Two year,69,No,0
Male,0,No,1,Yes,No,Fiber optic,One year,20,Yes,1
Female,0,No,67,Yes,No,Fiber optic,Month-to-month,75,No,2
Male,0,No,17,No,Yes,DSL,One year,55,No,0
Male,0,No,11,Yes,Yes,DSL,Month-to-month,70,No,0
Male,0,No,51,Yes,No,Fiber optic,Month-to-month,25,No,1
Female,0,No,3,Yes,No,Fiber optic,Two year,70,No,0
Female,1,No,1,Yes,Yes,DSL,Two year,79,Yes,3
Female,0,Yes,1,Yes,Yes,DSL,Two year,70,Yes,0
Female,1,No,72,Yes,No,DSL,Month-to-month,84,No,3
Male,0,No,19,Yes,Yes,Fiber optic,Month-to-month,65,No,0
Male,0,No,65,Yes,No,DSL,Two year,26,No,1
Female,0,No,45,Yes,Yes,Fiber optic,Month-to-month,100,No,2
Male,0,No,5,Yes,No,DSL,One year,89,No,0
Female,0,No,56,No,No,DSL,Month-to-month,45,No,1
Female,1,No,4,Yes,Yes,Fiber optic,One year,74,No,3
Female,0,No,64,Yes,Yes,DSL,One year,86,No,2
Female,0,Yes,41,Yes,Yes,Fiber optic,One year,20,No,1
Female,0,No,35,Yes,No,Fiber optic,Month-to-month,61,No,0
Female,0,No,1,No,Yes,Fiber optic,Month-to-month,25,Yes,1
Female,1,No,3,Yes,No,DSL,One year,79,Yes,3
Male,1,No,61,Yes,No,DSL,Month-to-month,25,No,3
Male,1,No,1,Yes,No,Fiber optic,Month-to-month,74,Yes,3
Female,0,Yes,35,Yes,No,DSL,Month-to-month,56,No,1
Female,0,Yes,69,Yes,No,DSL,Month-to-month,113,No,2
Female,0,No,64,Yes,Yes,DSL,Two year,68,No,2
Male,0,Yes,51,Yes,Yes,Fiber optic,Month-to-month,110,No,2
Male,0,Yes,17,Yes,Yes,DSL,Two year,20,No,1
Female,0,Yes,69,No,No,DSL,Two year,44,No,2
Male,0,Yes,1,No,Yes,Fiber optic,One year,31,Yes,1
Female,0,Yes,21,Yes,Yes,Fiber optic,Month-to-month,65,No,0
Female,0,No,54,Yes,Yes,Fiber optic,Month-to-month,97,No,2
Male,0,No,1,No,No,Fiber optic,Month-to-month,23,Yes,1
Male,0,No,4,Yes,No,Fiber optic,Month-to-month,70,Yes,0
Male,0,Yes,0,Yes,Yes,Fiber optic,Two year,62,No,0
Male,0,No,7,Yes,Yes,Fiber optic,Month-to-month,70,No,0
Male,0,Yes,32,Yes,No,Fiber optic,One year,19,No,1
Male,0,Yes,72,Yes,No,DSL,Two year,20,No,1
Male,0,No,19,No,No,DSL,Month-to-month,40,Yes,1
Male,0,Yes,10,Yes,Yes,Fiber optic,Month-to-month,20,No,1
Male,1,No,21,Yes,No,DSL,Two year,69,Yes,3
Female,1,No,45,Yes,Yes,Fiber optic,Month-to-month,70,No,3
Male,1,No,32,Yes,Yes,Fiber optic,Month-to-month,20,No,3
Female,0,No,40,Yes,Yes,Fiber optic,Two year,106,No,2
Female,0,No,47,No,Yes,Fiber optic,Month-to-month,42,No,1
Female,0,No,36,No,No,DSL,One year,53,No,1
Female,0,Yes,69,Yes,No,DSL,Month-to-month,105,No,2
Female,0,No,71,Yes,Yes,Fiber optic,One year,81,No,2
Female,0,No,71,Yes,No,Fiber optic,Month-to-month,25,No,1
Male,0,No,35,No,Yes,DSL,Month-to-month,53,No,1
Male,0,No,3,Yes,Yes,DSL,Two year,55,No,0
Male,1,No,72,Yes,Yes,DSL,One year,110,No,3
Male,0,Yes,72,Yes,Yes,DSL,One year,91,No,2
Female,0,Yes,68,Yes,No,DSL,Month-to-month,73,No,2
Female,0,No,42,No,No,DSL,Month-to-month,55,No,1
Male,1,No,21,Yes,Yes,Fiber optic,Month-to-month,20,No,3
Female,1,No,8,Yes,Yes,Fiber optic,Month-to-month,92,Yes,3
Male,1,No,10,Yes,Yes,Fiber optic,Month-to-month,75,No,3
Female,0,No,71,Yes,Yes,DSL,Month-to-month,107,No,2
Female,1,No,46,Yes,No,DSL,One year,91,No,3
Female,0,Yes,3,Yes,No,Fiber optic,Month-to-month,80,No,0
Female,1,No,12,Yes,No,DSL,One year,91,Yes,3
Female,0,No,26,No,Yes,Fiber optic,One year,48,No,1
Male,0,No,3,Yes,No,Fiber optic,One year,50,No,0
Female,0,No,49,Yes,No,DSL,Month-to-month,74,No,2
Male,0,No,33,Yes,No,Fiber optic,Two year,81,No,0
Male,0,No,42,Yes,Yes,Fiber optic,Month-to-month,94,No,2
Male,0,Yes,31,Yes,Yes,DSL,Month-to-month,75,No,0
Male,1,Yes,68,Yes,Yes,Fiber optic,Month-to-month,107,No,3
Male,1,Yes,66,Yes,No,DSL,Month-to-month,116,No,3
Male,0,Yes,58,Yes,No,DSL,Month-to-month,20,No,1
Male,0,Yes,35,Yes,No,DSL,Month-to-month,20,No,1
Male,0,No,1,Yes,Yes,DSL,Month-to-month,20,No,1
Female,0,No,40,Yes,No,DSL,Month-to-month,75,No,2
Female,0,No,13,Yes,No,Fiber optic,Month-to-month,76,No,0
Male,0,No,57,Yes,No,DSL,Month-to-month,56,No,2
Female,0,No,1,Yes,Yes,Fiber optic,Two year,75,Yes,0
Male,0,No,1,Yes,Yes,Fiber optic,Month-to-month,46,Yes,0
Female,0,No,46,Yes,Yes,Fiber optic,One year,54,Yes,1
Female,1,Yes,40,Yes,No,DSL,Month-to-month,95,Yes,3
Male,0,Yes,21,Yes,No,Fiber optic,Two year,78,Yes,0
Female,0,No,6,Yes,Yes,Fiber optic,Month-to-month,98,Yes,0
Male,0,Yes,59,Yes,Yes,Fiber optic,Month-to-month,111,No,2
Male,0,No,15,Yes,No,DSL,One year,59,Yes,0
Female,0,No,27,Yes,No,Fiber optic,Month-to-month,95,Yes,0
Male,0,No,71,Yes,No,DSL,Month-to-month,116,No,2
Female,0,No,45,Yes,No,Fiber optic,Month-to-month,89,No,2
Male,0,No,4,Yes,No,DSL,Month-to-month,21,No,1
Female,0,No,1,Yes,Yes,DSL,One year,20,Yes,1
Male,0,Yes,47,Yes,Yes,Fiber optic,One year,99,Yes,2
Male,0,No,34,Yes,Yes,Fiber optic,Month-to-month,50,No,1
Female,0,Yes,18,Yes,No,DSL,Month-to-month,54,No,0
Female,0,No,8,Yes,Yes,Fiber optic,Month-to-month,54,No,0
Male,0,No,7,No,Yes,Fiber optic,Month-to-month,36,No,1
Male,0,Yes,5,Yes,Yes,Fiber optic,Month-to-month,84,Yes,0
Female,0,No,39,Yes,Yes,Fiber optic,Month-to-month,59,No,0
Male,0,Yes,29,Yes,Yes,Fiber optic,Two year,21,No,1
Female,0,No,1,Yes,No,DSL,Month-to-month,55,Yes,0
Male,0,Yes,31,No,Yes,Fiber optic,One year,25,No,1
Male,0,No,2,No,Yes,Fiber optic,Month-to-month,24,No,1
Male,0,No,63,Yes,No,DSL,One year,71,No,2
Male,0,No,20,Yes,No,DSL,One year,79,No,0
Female,0,No,71,Yes,No,DSL,Two year,83,No,2
Female,0,No,66,Yes,No,Fiber optic,Month-to-month,61,No,2
Male,0,No,8,Yes,No,DSL,One year,45,Yes,0
Female,0,No,2,Yes,No,Fiber optic,Two year,96,Yes,0
Male,0,No,3,No,Yes,Fiber optic,Month-to-month,35,No,1
Female,0,No,47,Yes,No,DSL,Month-to-month,20,No,1
Male,0,No,2,No,Yes,Fiber optic,One year,49,Yes,0
Male,0,No,1,Yes,No,DSL,Month-to-month,74,No,0
Female,0,No,7,Yes,No,DSL,One year,20,No,1
Male,0,Yes,69,Yes,Yes,DSL,One year,105,No,2
Male,0,No,5,Yes,No,DSL,Month-to-month,105,No,0
Female,0,No,71,Yes,Yes,Fiber optic,Month-to-month,20,No,1
Female,0,No,1,Yes,No,Fiber optic,Month-to-month,74,Yes,0
Female,0,Yes,14,Yes,No,DSL,One year,90,Yes,0
Female,0,No,29,Yes,Yes,Fiber optic,Month-to-month,19,No,1
Male,0,No,56,Yes,No,DSL,Month-to-month,82,No,2
Male,1,No,6,Yes,No,Fiber optic,Month-to-month,96,Yes,3
Male,1,No,1,No,Yes,Fiber optic,Month-to-month,40,Yes,3
Female,0,Yes,46,Yes,Yes,Fiber optic,Month-to-month,91,No,2
Male,0,No,20,Yes,No,DSL,Month-to-month,108,No,0
Female,1,No,20,Yes,No,DSL,Two year,86,Yes,3
Female,1,No,37,Yes,Yes,DSL,One year,76,Yes,3
Female,0,Yes,24,Yes,Yes,Fiber optic,One year,20,No,1
Male,0,Yes,29,Yes,No,Fiber optic,Month-to-month,95,Yes,2
Female,0,No,21,Yes,Yes,Fiber optic,Month-to-month,104,Yes,0
Male,0,Yes,19,Yes,No,DSL,Two year,103,Yes,0
Female,0,No,54,Yes,No,DSL,Two year,81,No,2
Male,0,No,2,Yes,No,Fiber optic,Month-to-month,19,Yes,1
Female,1,No,27,Yes,No,Fiber optic,Month-to-month,104,Yes,3
Male,0,No,46,No,Yes,DSL,Two year,61,No,2
Female,0,No,18,Yes,No,DSL,Two year,20,No,1
Female,0,Yes,52,Yes,Yes,Fiber optic,Month-to-month,20,No,1
Female,0,Yes,43,Yes,No,DSL,Month-to-month,56,Yes,1
Female,0,No,3,Yes,No,DSL,Two year,20,No,1
Male,0,No,4,Yes,Yes,DSL,One year,45,No,0
Male,0,Yes,6,Yes,Yes,Fiber optic,Month-to-month,84,Yes,0
Male,1,No,35,Yes,Yes,Fiber optic,One year,101,No,3
Female,0,Yes,68,No,No,DSL,Month-to-month,60,No,2
Female,0,No,5,Yes,No,DSL,Month-to-month,96,Yes,0
Female,0,No,3,Yes,No,DSL,Month-to-month,45,No,0
Female,1,No,4,Yes,Yes,DSL,One year,73,No,3
Female,0,No,4,Yes,No,DSL,Month-to-month,25,No,1
Female,0,No,2,Yes,No,DSL,Month-to-month,80,Yes,0
Male,0,Yes,40,Yes,Yes,Fiber optic,Month-to-month,110,No,2
Male,0,No,10,Yes,No,DSL,Month-to-month,95,No,0
Male,1,No,24,Yes,No,Fiber optic,Month-to-month,80,No,3
Female,1,No,72,Yes,No,DSL,Two year,107,No,3
Female,0,No,24,Yes,No,DSL,Month-to-month,99,Yes,0
Female,0,No,72,Yes,No,DSL,Two year,87,No,2
Female,0,No,1,Yes,No,Fiber optic,Month-to-month,52,Yes,0
Female,0,No,18,Yes,Yes,DSL,Month-to-month,88,Yes,0
Male,0,No,4,No,No,DSL,Month-to-month,40,No,1
Male,1,No,36,Yes,No,Fiber optic,Month-to-month,91,Yes,3
Female,0,No,11,Yes,No,DSL,Two year,75,No,0
Male,0,No,1,Yes,Yes,DSL,Month-to-month,70,Yes,0
Male,0,No,42,Yes,No,DSL,Two year,80,No,2
Female,1,No,16,Yes,Yes,DSL,Two year,85,Yes,3
Male,0,No,50,Yes,Yes,Fiber optic,Month-to-month,114,No,2
Female,0,No,1,No,No,DSL,Month-to-month,25,Yes,1
Female,0,Yes,38,Yes,No,Fiber optic,Month-to-month,20,No,1
Male,1,Yes,24,Yes,No,DSL,Two year,80,No,3
Male,0,Yes,31,Yes,No,DSL,Two year,60,No,1
Male,0,Yes,8,Yes,No,Fiber optic,Month-to-month,19,No,1
Female,1,No,43,Yes,No,DSL,Month-to-month,108,Yes,3
Female,0,No,57,Yes,Yes,Fiber optic,Two year,70,No,2
Female,0,Yes,13,Yes,No,DSL,Two year,21,No,1
Male,0,No,40,Yes,Yes,Fiber optic,One year,90,No,2
Male,0,Yes,23,Yes,No,Fiber optic,Month-to-month,20,No,1
Female,0,Yes,72,Yes,No,DSL,Month-to-month,84,No,2
Female,0,No,55,Yes,Yes,Fiber optic,Month-to-month,84,No,2
Male,0,No,48,Yes,Yes,DSL,Two year,111,No,2
Male,0,No,1,Yes,Yes,DSL,Two year,75,Yes,0
Female,0,Yes,36,Yes,No,Fiber optic,Month-to-month,97,Yes,2
Male,0,No,11,Yes,No,DSL,Month-to-month,69,No,0
Female,0,No,1,Yes,No,Fiber optic,One year,85,No,0
Female,0,No,53,Yes,No,Fiber optic,Month-to-month,98,Yes,2
Male,0,No,70,No,Yes,DSL,Month-to-month,51,No,2
Male,0,No,12,Yes,Yes,Fiber optic,Month-to-month,96,No,0
Male,0,No,22,Yes,No,DSL,Month-to-month,95,Yes,0
Female,0,Yes,55,Yes,No,DSL,One year,69,No,2
Female,1,No,28,Yes,Yes,Fiber optic,Month-to-month,64,No,3
Female,0,Yes,58,Yes,No,DSL,Month-to-month,20,No,1
Male,0,No,19,Yes,No,Fiber optic,Month-to-month,20,No,1
Female,0,No,19,Yes,Yes,Fiber optic,Month-to-month,95,Yes,0
Male,0,No,31,Yes,No,Fiber optic,Month-to-month,72,No,0
Female,0,No,13,Yes,No,DSL,Two year,89,Yes,0
Male,0,No,1,Yes,No,DSL,Month-to-month,20,Yes,1
Male,0,Yes,1,Yes,Yes,Fiber optic,Month-to-month,71,Yes,0
Female,1,No,18,Yes,No,DSL,Month-to-month,74,No,3
Male,0,No,13,Yes,No,DSL,Two year,20,No,1
Female,0,Yes,2,Yes,No,DSL,Month-to-month,20,No,1
Male,0,No,70,Yes,No,DSL,Month-to-month,65,No,2
Male,1,No,44,Yes,No,Fiber optic,One year,19,No,3
Female,0,Yes,4,Yes,No,DSL,One year,21,No,1
Male,0,No,65,Yes,No,Fiber optic,Month-to-month,76,No,2
Female,1,No,71,Yes,No,DSL,One year,100,No,3
Female,0,Yes,64,Yes,No,Fiber optic,One year,54,No,2
Female,0,No,28,Yes,No,DSL,Month-to-month,92,Yes,0
Female,1,No,16,Yes,No,Fiber optic,Month-to-month,96,Yes,3
Female,0,Yes,70,Yes,Yes,DSL,One year,114,Yes,2
Female,0,Yes,39,Yes,No,DSL,Month-to-month,82,No,2
Male,0,No,19,Yes,Yes,DSL,One year,45,No,1
Female,0,No,60,Yes,Yes,DSL,Month-to-month,105,No,2
Male,0,No,51,Yes,No,DSL,Two year,90,No,2
Female,1,No,56,Yes,Yes,DSL,One year,110,No,3
Male,0,No,66,Yes,Yes,Fiber optic,Two year,105,Yes,2
Female,0,Yes,58,No,Yes,DSL,Two year,56,No,2
Female,0,Yes,69,Yes,Yes,Fiber optic,One year,59,No,2
Female,0,No,27,Yes,No,DSL,Month-to-month,56,No,0
Female,0,No,1,Yes,No,DSL,Two year,49,No,0
Female,0,No,6,Yes,No,DSL,Month-to-month,20,No,1
Female,0,No,7,No,No,Fiber optic,Month-to-month,25,No,1
Male,1,No,8,Yes,No,DSL,Month-to-month,70,Yes,3
Male,0,Yes,15,Yes,Yes,DSL,Two year,70,No,0
Male,0,No,9,Yes,No,Fiber optic,Month-to-month,20,No,1
Male,0,No,12,Yes,No,Fiber optic,Month-to-month,67,No,0
Female,0,No,25,Yes,Yes,Fiber optic,Two year,71,No,0
Female,0,Yes,28,Yes,No,DSL,Two year,81,Yes,0
Female,0,No,49,Yes,No,DSL,Two year,101,No,2
Male,1,No,57,No,Yes,Fiber optic,Month-to-month,45,Yes,3
Male,0,No,11,Yes,Yes,Fiber optic,One year,21,No,1
Female,0,Yes,37,Yes,No,Fiber optic,Month-to-month,95,No,2
Male,0,No,40,Yes,Yes,DSL,Month-to-month,101,Yes,2
Male,0,No,54,No,Yes,Fiber optic,One year,45,No,1
Male,0,No,12,Yes,No,DSL,Two year,85,No,0
Male,0,No,4,Yes,No,Fiber optic,Two year,55,No,0
Male,0,Yes,66,Yes,No,Fiber optic,Month-to-month,103,No,2
Male,0,Yes,70,No,No,DSL,One year,60,No,2
Female,0,No,1,Yes,Yes,Fiber optic,One year,75,Yes,0
Male,0,No,58,Yes,No,DSL,Two year,103,Yes,2
Male,1,No,47,Yes,Yes,DSL,Two year,86,No,3
Female,1,No,4,Yes,Yes,Fiber optic,One year,79,Yes,3
Female,0,Yes,57,Yes,No,DSL,Month-to-month,59,No,2
Female,0,No,15,Yes,No,DSL,Two year,94,No,0
Female,0,No,24,Yes,No,DSL,One year,90,No,0
Female,0,No,20,Yes,No,DSL,Two year,19,No,1
Male,1,No,61,Yes,Yes,DSL,Month-to-month,98,No,3
Female,0,No,16,No,No,Fiber optic,Month-to-month,50,Yes,1
Female,0,No,72,Yes,Yes,DSL,Two year,98,No,2
Female,1,No,14,No,No,DSL,Month-to-month,40,No,3
Male,0,No,2,Yes,Yes,Fiber optic,Month-to-month,46,Yes,0
Male,0,Yes,64,Yes,No,DSL,One year,92,No,2
Male,0,No,30,Yes,Yes,Fiber optic,Two year,20,No,1
Male,0,No,64,Yes,Yes,Fiber optic,One year,89,No,2
Male,0,No,61,Yes,No,Fiber optic,Month-to-month,112,Yes,2
Female,0,Yes,50,Yes,Yes,DSL,Month-to-month,84,No,2
Female,0,No,47,Yes,No,Fiber optic,Month-to-month,95,No,2
Male,0,No,51,Yes,Yes,Fiber optic,Month-to-month,60,No,2
Female,0,No,37,Yes,No,DSL,Two year,91,No,2
Female,1,No,64,Yes,Yes,Fiber optic,Month-to-month,97,No,3
Male,0,No,60,No,Yes,Fiber optic,Month-to-month,60,No,2
Male,0,No,1,Yes,Yes,Fiber optic,One year,20,No,1
Male,0,No,14,Yes,No,DSL,Month-to-month,82,No,0
Female,0,No,1,Yes,No,DSL,Two year,76,Yes,0
Female,0,Yes,17,Yes,No,DSL,One year,88,Yes,0
Male,0,No,63,Yes,Yes,DSL,One year,104,No,2
Female,0,Yes,72,Yes,No,DSL,One year,26,No,1
Male,0,Yes,29,Yes,Yes,Fiber optic,Two year,101,No,2
Female,0,Yes,18,Yes,No,DSL,Month-to-month,62,No,0
Male,1,No,38,Yes,No,DSL,One year,70,Yes,3
Male,1,No,26,Yes,Yes,DSL,Two year,19,No,3
Male,1,No,70,Yes,No,DSL,Month-to-month,105,No,3
Female,0,No,7,Yes,No,Fiber optic,Month-to-month,79,Yes,0
Female,0,No,22,Yes,Yes,Fiber optic,Month-to-month,21,No,1
Female,0,Yes,25,Yes,Yes,Fiber optic,Month-to-month,55,No,1
Male,0,No,33,No,Yes,DSL,One year,39,No,1
Male,1,No,27,Yes,No,Fiber optic,Month-to-month,96,Yes,3
Male,0,Yes,15,Yes,Yes,Fiber optic,Month-to-month,75,Yes,0
Female,0,No,41,Yes,No,DSL,Month-to-month,25,No,1
Male,0,No,38,Yes,Yes,Fiber optic,Month-to-month,95,No,2
Male,1,No,44,Yes,No,Fiber optic,Month-to-month,89,No,3
Male,0,Yes,66,Yes,No,DSL,Month-to-month,20,No,1
Male,0,Yes,19,Yes,No,DSL,Two year,21,No,1
Male,0,No,17,Yes,No,DSL,One year,90,Yes,0
Male,0,No,7,Yes,No,DSL,Month-to-month,75,No,0
Female,1,No,21,Yes,Yes,Fiber optic,Month-to-month,72,No,3
Male,0,No,61,Yes,Yes,DSL,Month-to-month,94,Yes,2
Female,0,No,4,Yes,Yes,Fiber optic,Month-to-month,51,No,0
Male,0,Yes,58,Yes,Yes,DSL,Two year,75,No,2
Female,0,Yes,21,No,Yes,DSL,Month-to-month,56,Yes,1
Male,0,Yes,60,Yes,Yes,Fiber optic,Month-to-month,20,No,1
Female,0,No,43,Yes,No,Fiber optic,Month-to-month,26,No,1
Male,1,No,36,Yes,Yes,Fiber optic,Month-to-month,85,Yes,3
Female,1,No,57,No,Yes,Fiber optic,Month-to-month,55,No,3
Male,0,No,24,Yes,Yes,Fiber optic,Month-to-month,55,No,0
Male,0,Yes,68,Yes,No,DSL,Two year,105,No,2
Male,0,No,72,Yes,Yes,DSL,One year,95,No,2
Male,0,No,9,No,Yes,Fiber optic,Month-to-month,40,No,1
Male,0,Yes,66,Yes,Yes,Fiber optic,Month-to-month,80,No,2
Female,0,No,8,Yes,No,DSL,Month-to-month,74,No,0
Female,0,Yes,50,Yes,No,Fiber optic,One year,103,No,2
Female,0,No,10,Yes,Yes,DSL,Two year,76,No,0
Male,0,No,54,No,Yes,Fiber optic,Month-to-month,30,No,1
Female,0,No,1,Yes,Yes,DSL,Two year,80,Yes,0
Male,0,No,71,Yes,No,Fiber optic,Month-to-month,109,No,2
Male,0,Yes,4,Yes,Yes,Fiber optic,Month-to-month,101,Yes,0
Male,0,No,33,Yes,Yes,DSL,Two year,55,No,0
Male,1,No,10,Yes,Yes,Fiber optic,One year,87,Yes,3
Female,0,No,72,No,No,DSL,Month-to-month,49,No,2
Female,1,No,1,Yes,Yes,DSL,One year,21,Yes,3
Female,0,No,67,Yes,Yes,DSL,Two year,26,No,1
Female,0,No,22,Yes,Yes,DSL,Two year,80,No,0
Male,0,No,62,Yes,No,DSL,Two year,97,Yes,2
Female,1,No,21,No,Yes,DSL,Month-to-month,42,Yes,3
Female,0,Yes,68,Yes,No,Fiber optic,Month-to-month,112,No,2
Male,0,No,7,Yes,Yes,DSL,Month-to-month,98,Yes,0
Female,0,No,58,Yes,Yes,DSL,One year,80,No,2
Female,0,Yes,23,Yes,No,DSL,Two year,84,No,0
Male,1,No,71,Yes,No,DSL,Month-to-month,24,No,3
Female,0,No,41,Yes,Yes,Fiber optic,Month-to-month,86,No,2
Female,0,Yes,0,No,No,DSL,Two year,56,No,0
Male,0,No,61,No,No,DSL,One year,62,No,2
Female,0,Yes,46,Yes,Yes,Fiber optic,Two year,100,No,2
Female,0,No,6,Yes,No,DSL,Month-to-month,21,No,1
Male,0,No,7,Yes,Yes,DSL,One year,94,Yes,0
Male,0,No,21,Yes,Yes,Fiber optic,Month-to-month,74,No,0
Female,1,No,13,Yes,No,DSL,Two year,95,Yes,3
Female,0,Yes,22,Yes,Yes,Fiber optic,Two year,83,Yes,0
Female,0,No,26,Yes,No,DSL,One year,69,No,0
Male,0,No,4,No,No,DSL,Two year,42,No,1
Female,0,Yes,63,Yes,Yes,Fiber optic,One year,20,No,1
Male,1,No,5,Yes,Yes,Fiber optic,Month-to-month,80,Yes,3
Female,0,No,6,Yes,No,DSL,Month-to-month,20,No,1
Female,0,No,55,Yes,Yes,Fiber optic,Month-to-month,94,No,2
Male,0,Yes,51,Yes,Yes,Fiber optic,Month-to-month,76,No,2
Female,0,Yes,56,Yes,Yes,Fiber optic,Two year,69,No,2
Male,0,No,18,Yes,No,Fiber optic,Month-to-month,20,No,1
Male,0,No,72,Yes,No,DSL,Month-to-month,106,No,2
Female,0,Yes,19,Yes,Yes,DSL,Two year,50,No,1
Male,1,No,22,Yes,Yes,Fiber optic,Month-to-month,97,Yes,3
Female,0,No,41,No,Yes,DSL,Two year,35,No,1
Male,0,Yes,5,Yes,Yes,DSL,One year,19,No,1
Female,0,No,57,Yes,Yes,DSL,Month-to-month,74,No,2
Male,1,No,29,Yes,Yes,DSL,One year,101,No,3
Female,0,Yes,33,Yes,No,DSL,Two year,94,Yes,2
Female,0,No,72,Yes,No,DSL,Month-to-month,98,No,2
Male,0,No,31,Yes,No,DSL,Two year,89,No,0
Male,1,No,52,Yes,No,DSL,One year,104,No,3
Male,0,Yes,35,Yes,No,Fiber optic,Month-to-month,20,No,1
Female,0,Yes,7,Yes,No,Fiber optic,Month-to-month,20,No,1
Female,0,No,22,Yes,No,Fiber optic,Month-to-month,55,No,0
Male,0,No,6,Yes,No,DSL,One year,75,Yes,0
Female,0,No,60,No,No,DSL,Two year,38,No,1
Male,0,Yes,24,Yes,Yes,Fiber optic,Month-to-month,20,No,1
Female,1,No,31,Yes,Yes,Fiber optic,Month-to-month,74,No,3
Male,0,No,26,Yes,Yes,DSL,Month-to-month,86,No,0
Male,0,Yes,1,Yes,Yes,DSL,Month-to-month,70,Yes,0
Male,0,Yes,40,Yes,No,DSL,Two year,20,No,1
Male,0,Yes,10,Yes,Yes,Fiber optic,One year,20,No,1
Female,0,Yes,70,Yes,Yes,DSL,Month-to-month,19,No,1
Male,0,No,3,Yes,No,Fiber optic,Month-to-month,55,Yes,0
Male,1,No,46,Yes,Yes,Fiber optic,One year,85,Yes,3
Male,0,No,59,Yes,No,DSL,Month-to-month,110,Yes,2
Female,1,No,48,Yes,No,DSL,Month-to-month,71,No,3
Male,0,No,59,Yes,Yes,Fiber optic,Two year,19,Yes,1
Female,0,No,29,No,No,DSL,Month-to-month,31,Yes,1
Female,1,No,8,Yes,No,DSL,Month-to-month,20,Yes,3
Female,0,Yes,9,Yes,Yes,Fiber optic,One year,20,No,1
Female,0,No,8,Yes,No,Fiber optic,Month-to-month,58,No,0
Female,0,No,28,Yes,No,DSL,Month-to-month,90,Yes,0
Female,0,Yes,20,Yes,Yes,DSL,Month-to-month,76,No,0
Female,1,No,56,Yes,No,Fiber optic,Month-to-month,105,Yes,3
Female,0,No,49,No,Yes,DSL,Two year,41,No,1
Female,0,No,5,Yes,No,Fiber optic,One year,89,Yes,0
Female,0,No,18,Yes,No,DSL,Two year,90,Yes,0
Male,0,Yes,71,Yes,Yes,Fiber optic,Two year,90,No,2
Male,0,No,20,Yes,Yes,Fiber optic,Month-to-month,89,Yes,0
Male,0,No,40,No,No,DSL,Two year,42,Yes,1
Female,0,No,18,Yes,Yes,Fiber optic,Month-to-month,61,No,0
Female,0,Yes,38,Yes,No,Fiber optic,Two year,20,No,1
Female,1,No,67,Yes,Yes,Fiber optic,Month-to-month,106,No,3
Female,0,Yes,17,Yes,No,DSL,One year,55,No,0
Male,0,No,1,No,Yes,Fiber optic,Two year,35,Yes,1
Male,0,No,68,Yes,No,DSL,One year,25,No,1
Male,0,No,35,Yes,No,DSL,Month-to-month,83,No,0
Female,0,No,3,Yes,No,DSL,One year,76,Yes,0
Female,0,No,8,Yes,No,Fiber optic,Two year,90,No,0
Male,0,No,29,Yes,No,DSL,Two year,71,No,0
Female,0,No,2,No,No,DSL,Month-to-month,35,Yes,1
Female,1,No,53,Yes,Yes,DSL,One year,74,No,3
Male,0,Yes,1,No,Yes,DSL,Two year,25,Yes,1
Female,0,No,7,Yes,Yes,Fiber optic,Month-to-month,75,No,0
Female,0,Yes,4,Yes,No,DSL,Month-to-month,20,No,1
Female,0,No,29,Yes,Yes,DSL,Two year,76,No,0
Female,0,No,3,Yes,Yes,Fiber optic,One year,75,Yes,0
Female,1,No,1,No,No,DSL,One year,26,Yes,3
Male,0,No,7,No,Yes,Fiber optic,Two year,35,No,1
Female,0,No,52,Yes,No,DSL,One year,111,Yes,2
Male,0,Yes,72,Yes,Yes,Fiber optic,Month-to-month,92,No,2
Male,0,No,55,Yes,Yes,Fiber optic,Month-to-month,97,Yes,2
Male,0,No,1,Yes,No,Fiber optic,Month-to-month,20,No,1
Female,0,No,6,Yes,No,Fiber optic,Month-to-month,20,No,1
Female,0,Yes,29,Yes,No,DSL,Two year,20,No,1
Male,0,Yes,42,No,No,DSL,Month-to-month,48,No,1
Female,0,No,30,No,Yes,Fiber optic,Two year,40,No,1
Male,0,No,1,Yes,Yes,DSL,Two year,51,Yes,0
Male,0,No,72,Yes,Yes,DSL,Month-to-month,86,No,2
Female,0,No,4,Yes,Yes,DSL,Two year,51,Yes,0
Male,0,Yes,1,No,No,Fiber optic,Month-to-month,25,No,1
Female,0,No,1,Yes,No,DSL,One year,69,Yes,0
Male,0,No,1,Yes,Yes,Fiber optic,One year,74,Yes,0
Male,0,No,62,Yes,Yes,DSL,Month-to-month,80,No,2
Female,0,No,15,Yes,No,Fiber optic,Month-to-month,101,Yes,0
Male,0,Yes,1,Yes,No,DSL,Month-to-month,19,No,1
Female,0,No,68,Yes,Yes,DSL,Two year,20,No,1
Female,0,No,7,Yes,No,Fiber optic,Month-to-month,75,No,0
Female,0,No,72,Yes,Yes,Fiber optic,One year,88,No,2
Male,0,No,72,Yes,No,DSL,Two year,87,No,2
Female,0,No,30,Yes,No,DSL,Month-to-month,94,Yes,0
Male,0,No,1,Yes,No,Fiber optic,Month-to-month,84,Yes,0
Female,0,No,39,No,No,DSL,One year,41,No,1
Male,0,No,62,Yes,Yes,DSL,Month-to-month,92,No,2
Female,0,No,53,Yes,Yes,DSL,Two year,109,No,2
Male,0,No,66,Yes,Yes,DSL,Two year,104,Yes,2
Female,1,Yes,59,Yes,Yes,Fiber optic,Month-to-month,89,No,3
Male,0,No,15,Yes,Yes,DSL,Month-to-month,96,No,0
Male,0,No,9,Yes,No,DSL,Two year,96,Yes,0
Female,0,No,32,No,Yes,DSL,One year,30,No,1
Female,0,Yes,17,Yes,Yes,Fiber optic,Month-to-month,65,Yes,0
Male,0,Yes,55,Yes,No,DSL,Month-to-month,55,No,2
Male,0,No,17,No,No,Fiber optic,Month-to-month,26,No,1
Female,1,No,69,Yes,No,DSL,Two year,87,No,3
Male,0,No,66,Yes,No,DSL,Two year,75,No,2
Male,1,No,16,Yes,No,DSL,Month-to-month,74,No,3
Male,0,Yes,70,Yes,Yes,DSL,Two year,80,No,2
Female,0,No,50,Yes,Yes,DSL,Two year,19,No,1
Female,0,No,3,Yes,No,Fiber optic,Month-to-month,20,No,1
Male,0,No,17,Yes,Yes,Fiber optic,Month-to-month,66,No,0
Male,0,Yes,20,Yes,Yes,Fiber optic,Month-to-month,97,No,0
Male,0,Yes,71,Yes,Yes,Fiber optic,One year,20,No,1
Female,0,No,34,Yes,Yes,Fiber optic,Month-to-month,105,No,2
Female,0,Yes,43,Yes,No,Fiber optic,One year,25,No,1
Male,1,No,50,Yes,No,DSL,Month-to-month,102,No,3
Female,0,Yes,41,Yes,No,DSL,Two year,102,No,2
Male,0,No,54,Yes,No,DSL,Two year,80,No,2
Female,0,No,64,Yes,No,DSL,Month-to-month,19,No,1
Male,0,Yes,31,Yes,Yes,Fiber optic,Two year,54,No,1
Male,1,No,11,Yes,Yes,Fiber optic,Month-to-month,78,No,3
Female,0,No,4,Yes,No,DSL,Two year,86,Yes,0
Female,0,Yes,21,No,No,DSL,Month-to-month,53,No,1
Female,0,Yes,35,Yes,Yes,Fiber optic,Month-to-month,24,No,1
Female,0,Yes,58,Yes,Yes,Fiber optic,Month-to-month,99,No,2
Male,0,Yes,20,Yes,No,Fiber optic,Month-to-month,20,No,1
Female,0,No,60,Yes,No,DSL,Two year,25,No,1
Female,0,Yes,41,Yes,Yes,DSL,Month-to-month,20,No,1
Female,0,No,15,Yes,Yes,Fiber optic,Month-to-month,51,No,0
Male,0,No,1,Yes,No,DSL,Month-to-month,44,No,0
Male,0,No,66,Yes,Yes,DSL,One year,100,Yes,2
Female,1,Yes,1,Yes,Yes,Fiber optic,Month-to-month,69,Yes,3
Male,0,Yes,2,Yes,No,DSL,Two year,44,No,1
Female,0,No,32,Yes,Yes,DSL,Month-to-month,84,Yes,0
Female,1,No,72,Yes,No,DSL,Month-to-month,78,No,3
Male,0,No,62,Yes,No,DSL,Month-to-month,96,No,2
Male,1,No,9,Yes,No,DSL,Month-to-month,80,No,3
Male,0,No,4,Yes,No,DSL,Month-to-month,86,No,0
Male,0,Yes,30,Yes,No,Fiber optic,Month-to-month,82,No,0
Male,0,No,40,Yes,No,DSL,Month-to-month,104,Yes,2
Male,0,Yes,33,Yes,Yes,Fiber optic,Month-to-month,20,No,1
Male,0,No,63,Yes,Yes,DSL,Two year,80,No,2
Female,0,Yes,64,Yes,Yes,Fiber optic,Two year,20,No,1
Male,0,No,5,Yes,Yes,DSL,One year,97,No,0
Female,0,No,7,Yes,No,DSL,Month-to-month,20,Yes,1
Male,0,No,10,Yes,No,DSL,Two year,80,No,0
Female,0,Yes,63,Yes,No,DSL,One year,101,Yes,2
Male,0,Yes,20,No,No,DSL,One year,39,No,1
Female,0,No,38,Yes,No,DSL,One year,84,No,2
Female,1,No,66,Yes,No,DSL,Two year,108,No,3
Male,0,No,13,Yes,No,DSL,One year,91,Yes,0
Female,0,No,24,Yes,No,DSL,Month-to-month,66,No,0
Male,1,No,23,Yes,Yes,DSL,Month-to-month,104,No,3
Female,1,Yes,32,Yes,No,DSL,Month-to-month,91,No,3
Female,0,Yes,51,No,No,DSL,Month-to-month,60,No,2
Female,0,No,40,Yes,No,DSL,Month-to-month,19,No,1
Female,0,No,22,Yes,No,DSL,Month-to-month,59,No,0
Male,0,Yes,1,Yes,No,DSL,Two year,70,No,0
Female,1,No,6,Yes,No,DSL,Month-to-month,89,No,3
Male,0,No,1,Yes,No,DSL,Two year,20,Yes,1
Female,0,No,4,Yes,No,Fiber optic,Month-to-month,20,No,1
Female,0,No,60,Yes,No,Fiber optic,Month-to-month,106,Yes,2
Male,1,No,72,No,No,DSL,Two year,65,No,3
Female,0,No,42,Yes,No,DSL,Month-to-month,60,No,2
Female,0,No,2,Yes,No,DSL,Month-to-month,62,No,0
Male,0,No,69,No,Yes,DSL,One year,60,No,2
Male,0,No,2,Yes,No,DSL,One year,86,Yes,0
Female,1,No,1,No,Yes,Fiber optic,One year,36,Yes,3
Male,0,No,31,Yes,Yes,Fiber optic,One year,66,No,0
Male,0,Yes,16,Yes,No,Fiber optic,Month-to-month,20,No,1
Female,0,No,15,Yes,No,DSL,Month-to-month,20,No,1
Female,0,Yes,2,Yes,Yes,DSL,Two year,94,Yes,0
Female,1,No,17,Yes,No,DSL,Month-to-month,93,No,3
Male,0,Yes,6,Yes,Yes,Fiber optic,Month-to-month,94,Yes,0
Female,0,Yes,61,Yes,No,DSL,Two year,60,No,2
Female,0,No,1,Yes,No,DSL,Two year,19,No,1
Male,0,No,19,Yes,Yes,DSL,Two year,88,No,0
Male,0,Yes,44,No,Yes,Fiber optic,Two year,54,No,1
Female,0,No,70,Yes,Yes,Fiber optic,One year,112,No,2
Male,0,Yes,63,Yes,Yes,DSL,Two year,25,No,1
Female,0,Yes,58,Yes,No,DSL,Month-to-month,44,No,1
Female,0,No,53,Yes,No,Fiber optic,Month-to-month,74,No,2
Male,0,No,59,No,Yes,Fiber optic,Month-to-month,44,No,1
Male,0,No,69,Yes,No,DSL,Month-to-month,104,Yes,2
Male,0,No,26,Yes,No,DSL,Month-to-month,49,No,1
Male,0,Yes,23,Yes,Yes,Fiber optic,Month-to-month,57,No,0
Female,0,No,42,Yes,No,DSL,One year,55,No,1
Female,1,No,1,Yes,No,DSL,Month-to-month,51,Yes,3
Female,0,No,6,No,No,DSL,Two year,48,Yes,0
Male,0,No,58,Yes,Yes,Fiber optic,Month-to-month,21,No,1
Male,0,No,3,Yes,No,DSL,One year,102,Yes,0
Female,0,No,41,Yes,No,DSL,Month-to-month,20,No,1
Female,0,No,58,Yes,No,DSL,Month-to-month,61,No,2
Male,1,No,51,Yes,No,DSL,Month-to-month,94,Yes,3
Female,0,No,64,Yes,No,DSL,Month-to-month,111,No,2
Female,0,Yes,19,Yes,Yes,DSL,Month-to-month,26,No,1
Male,0,Yes,60,Yes,No,DSL,Month-to-month,79,No,2
Male,0,Yes,69,Yes,Yes,DSL,Two year,114,No,2
Female,0,Yes,3,Yes,Yes,DSL,Month-to-month,81,No,0
Male,0,No,7,Yes,No,DSL,Month-to-month,95,Yes,0
Female,0,No,19,Yes,No,Fiber optic,Month-to-month,73,Yes,0
Female,0,No,1,Yes,No,Fiber optic,Month-to-month,77,Yes,0
Female,0,No,62,Yes,No,DSL,Two year,24,No,1
Female,0,No,1,Yes,No,DSL,One year,50,Yes,0
Male,1,No,1,Yes,Yes,DSL,Two year,74,Yes,3
Female,0,No,28,Yes,No,Fiber optic,Month-to-month,60,No,0
Male,0,No,69,Yes,Yes,Fiber optic,Month-to-month,92,No,2
Male,1,No,30,Yes,Yes,DSL,One year,80,Yes,3
Female,1,No,40,No,No,DSL,One year,39,Yes,3
Female,0,No,1,Yes,No,DSL,Month-to-month,20,No,1
Male,0,No,45,Yes,No,DSL,Two year,101,Yes,2
Male,0,Yes,22,Yes,No,DSL,One year,79,No,0
Female,0,Yes,47,Yes,No,DSL,Month-to-month,20,No,1
Female,0,No,2,Yes,Yes,Fiber optic,Two year,20,No,1
Female,0,No,13,No,No,DSL,One year,35,Yes,1
Female,0,No,20,Yes,Yes,Fiber optic,One year,19,No,1
Male,0,No,48,Yes,Yes,DSL,Month-to-month,19,No,1
Male,0,No,67,Yes,No,DSL,Month-to-month,101,No,2
Male,0,No,70,Yes,Yes,Fiber optic,Month-to-month,99,No,2
Female,0,No,64,Yes,Yes,DSL,Two year,99,No,2
Female,0,No,34,Yes,No,DSL,Month-to-month,98,Yes,2
Female,0,No,72,Yes,No,DSL,Month-to-month,91,No,2
Female,0,Yes,23,Yes,No,DSL,Month-to-month,70,No,0
Female,1,No,15,Yes,Yes,DSL,Two year,89,No,3
Male,0,No,22,Yes,Yes,DSL,Month-to-month,101,Yes,0
Male,0,Yes,41,Yes,No,DSL,Two year,70,No,2
Female,0,No,68,Yes,Yes,Fiber optic,Month-to-month,82,No,2
Female,0,Yes,70,Yes,Yes,DSL,Two year,106,No,2
Male,0,Yes,71,Yes,Yes,Fiber optic,Month-to-month,87,No,2
Male,0,Yes,71,Yes,Yes,Fiber optic,Month-to-month,85,No,2
Male,0,No,1,Yes,No,DSL,Month-to-month,44,No,0
Male,0,No,1,Yes,No,Fiber optic,Month-to-month,55,Yes,0
Male,0,Yes,3,Yes,No,DSL,Month-to-month,21,No,1
Female,0,No,40,Yes,Yes,Fiber optic,One year,93,No,2
Female,0,No,3,No,No,DSL,Month-to-month,51,Yes,0
Female,0,No,67,Yes,No,DSL,One year,26,No,1
Female,0,No,18,Yes,No,Fiber optic,Month-to-month,75,No,0
Female,0,Yes,20,Yes,No,DSL,One year,20,No,1
Female,0,No,3,Yes,No,DSL,One year,74,Yes,0
Male,0,No,71,Yes,No,DSL,Two year,116,No,2
Female,0,No,25,No,No,DSL,Month-to-month,34,Yes,1
Female,1,No,32,Yes,No,DSL,Month-to-month,91,No,3
Male,0,Yes,46,Yes,Yes,DSL,One year,20,No,1
Female,0,Yes,68,Yes,No,DSL,Month-to-month,19,No,1
Female,0,Yes,48,Yes,No,DSL,Two year,80,No,2
Female,0,Yes,2,Yes,Yes,DSL,Month-to-month,70,Yes,0
Male,0,No,56,Yes,No,DSL,Month-to-month,93,No,2
Male,0,No,5,Yes,No,DSL,Two year,79,Yes,0
Female,0,No,3,Yes,Yes,Fiber optic,Month-to-month,75,No,0
Female,0,Yes,64,Yes,Yes,Fiber optic,One year,93,No,2
Male,0,Yes,47,Yes,No,Fiber optic,Month-to-month,90,No,2
Male,0,No,63,Yes,Yes,Fiber optic,Two year,67,No,2
Male,0,No,27,Yes,Yes,Fiber optic,Month-to-month,19,No,1
Female,1,Yes,47,Yes,No,DSL,Month-to-month,71,Yes,3
Female,0,No,59,Yes,Yes,Fiber optic,Month-to-month,24,No,1
Male,0,Yes,4,Yes,No,Fiber optic,Month-to-month,19,No,1
Female,0,No,72,Yes,Yes,Fiber optic,Month-to-month,115,No,2
Female,0,No,13,Yes,Yes,Fiber optic,Month-to-month,55,No,0
Male,1,Yes,66,Yes,Yes,Fiber optic,Two year,108,No,3
Female,0,No,42,Yes,Yes,DSL,Month-to-month,21,No,1
Female,0,No,10,Yes,Yes,Fiber optic,Month-to-month,20,No,1
Female,1,No,15,Yes,No,DSL,Month-to-month,74,Yes,3
Female,0,No,45,Yes,Yes,Fiber optic,Month-to-month,95,No,2
Female,0,No,48,Yes,Yes,DSL,One year,74,No,2
Female,0,No,1,No,No,Fiber optic,One year,25,No,1
Female,0,No,27,Yes,No,Fiber optic,Month-to-month,76,No,0
Male,0,No,5,Yes,No,DSL,One year,19,Yes,1
Male,0,Yes,23,Yes,No,DSL,Month-to-month,87,No,0
Male,1,Yes,11,Yes,Yes,DSL,Month-to-month,75,No,3
Female,1,No,35,Yes,Yes,DSL,One year,102,No,3
Male,0,No,67,Yes,No,Fiber optic,One year,89,No,2
Male,0,Yes,33,Yes,No,DSL,Two year,75,No,2
Male,0,Yes,72,Yes,No,Fiber optic,Month-to-month,114,No,2
Female,0,No,67,Yes,No,DSL,One year,110,No,2
Female,0,No,33,Yes,Yes,Fiber optic,Month-to-month,20,No,1
Female,0,No,47,Yes,No,DSL,Two year,59,No,2
Male,1,No,13,Yes,Yes,Fiber optic,Month-to-month,98,Yes,3
Male,0,Yes,18,Yes,No,DSL,Two year,83,No,0
Female,0,No,72,Yes,Yes,Fiber optic,Month-to-month,112,No,2
Female,1,No,11,Yes,Yes,Fiber optic,Month-to-month,90,Yes,3
Male,1,No,7,No,No,DSL,Two year,44,No,3
Female,0,No,59,Yes,No,DSL,Two year,99,No,2
Female,1,Yes,32,Yes,Yes,Fiber optic,Month-to-month,100,No,3
Female,0,No,67,Yes,Yes,Fiber optic,Month-to-month,25,No,1
Female,0,No,51,Yes,No,DSL,Month-to-month,88,No,2
Female,1,No,59,Yes,Yes,DSL,One year,94,No,3
Female,0,Yes,48,No,Yes,Fiber optic,Month-to-month,39,No,1
Female,1,No,1,Yes,No,DSL,Month-to-month,71,Yes,3
Male,0,No,23,Yes,Yes,Fiber optic,Two year,19,No,1
Male,0,Yes,38,Yes,No,Fiber optic,Month-to-month,95,Yes,2
Male,0,Yes,19,Yes,Yes,Fiber optic,One year,20,No,1
Male,1,No,3,Yes,No,DSL,Two year,76,Yes,3
Male,1,No,58,Yes,Yes,Fiber optic,Month-to-month,99,No,3
Male,0,No,2,Yes,Yes,DSL,One year,50,No,0
Male,0,No,5,Yes,No,Fiber optic,Month-to-month,75,No,0
Female,0,No,72,Yes,No,DSL,Month-to-month,101,No,2
Female,1,No,44,Yes,No,DSL,One year,110,No,3
Male,0,No,16,Yes,No,Fiber optic,Month-to-month,20,Yes,1
Male,0,No,12,No,No,DSL,Two year,51,No,0
Female,0,No,6,Yes,Yes,Fiber optic,Two year,90,Yes,0
Female,1,No,72,Yes,No,DSL,Month-to-month,108,No,3
Female,0,No,23,Yes,Yes,Fiber optic,Month-to-month,25,No,1
Male,0,No,38,Yes,No,Fiber optic,Month-to-month,70,Yes,0
Male,0,No,47,Yes,No,DSL,Month-to-month,95,No,2
Female,0,No,54,Yes,No,DSL,Two year,20,No,1
Male,0,No,15,Yes,No,Fiber optic,Two year,69,No,0
Female,1,No,20,Yes,Yes,Fiber optic,Month-to-month,94,Yes,3
Female,0,Yes,16,Yes,Yes,Fiber optic,One year,73,No,0
Male,0,No,1,Yes,Yes,DSL,Month-to-month,69,Yes,0
Male,0,No,1,No,No,Fiber optic,Month-to-month,25,Yes,1
Male,0,No,46,Yes,Yes,Fiber optic,Month-to-month,20,No,1
Male,0,No,69,Yes,Yes,DSL,Two year,98,No,2
Male,0,Yes,49,Yes,Yes,Fiber optic,Month-to-month,84,Yes,2
Male,0,No,53,No,Yes,DSL,Month-to-month,55,No,2
Male,0,Yes,7,Yes,Yes,Fiber optic,Month-to-month,19,No,1
Female,0,No,42,Yes,No,DSL,One year,50,Yes,1
Male,0,Yes,17,Yes,No,DSL,Month-to-month,50,No,1
Female,1,No,2,Yes,Yes,DSL,Month-to-month,82,No,3
Female,0,Yes,72,Yes,Yes,Fiber optic,Month-to-month,104,No,2
Female,0,No,28,Yes,No,DSL,Two year,20,No,1
Male,0,No,1,No,No,DSL,Month-to-month,50,Yes,0
Female,0,No,15,Yes,Yes,Fiber optic,One year,86,Yes,0
Female,1,No,67,Yes,No,DSL,One year,107,No,3
Female,0,No,11,Yes,No,Fiber optic,Two year,100,Yes,0
Male,0,Yes,56,Yes,No,Fiber optic,Month-to-month,103,No,2
Male,0,No,22,Yes,Yes,Fiber optic,Month-to-month,55,No,0
Male,1,No,19,No,No,Fiber optic,One year,34,No,3
Female,0,Yes,44,Yes,Yes,Fiber optic,Two year,20,No,1
Male,0,No,10,No,Yes,Fiber optic,One year,36,No,1
Female,0,No,18,Yes,No,DSL,One year,71,No,0
Male,0,No,30,Yes,No,DSL,Two year,19,No,1
Male,0,No,26,No,No,Fiber optic,One year,36,No,1
Female,0,No,58,Yes,Yes,DSL,Month-to-month,109,Yes,2
Male,0,No,1,No,No,DSL,Month-to-month,30,Yes,1
Female,0,No,9,Yes,No,Fiber optic,Month-to-month,66,Yes,0
Female,0,No,50,Yes,No,DSL,Month-to-month,82,No,2
Male,0,No,46,No,No,DSL,One year,31,No,1
Female,0,No,3,Yes,No,DSL,Month-to-month,45,No,0
Female,0,No,11,Yes,Yes,Fiber optic,Month-to-month,51,No,0
Male,0,No,37,Yes,No,Fiber optic,Month-to-month,70,No,0
Male,0,No,22,Yes,No,Fiber optic,Month-to-month,54,Yes,0
Male,0,No,67,Yes,Yes,Fiber optic,Month-to-month,26,No,1
Male,0,No,1,Yes,Yes,DSL,Two year,20,No,1
Female,0,No,19,Yes,No,DSL,Two year,56,No,0
Female,1,No,9,Yes,Yes,DSL,Month-to-month,75,Yes,3
Male,0,No,70,Yes,No,Fiber optic,Month-to-month,99,No,2
Male,0,No,1,Yes,No,DSL,One year,50,No,0
Female,0,No,39,No,Yes,Fiber optic,Two year,41,No,1
Male,0,No,2,Yes,No,DSL,Month-to-month,71,Yes,0
Female,1,No,49,Yes,No,DSL,Month-to-month,44,No,3
Male,0,No,7,Yes,No,Fiber optic,Month-to-month,64,No,0
Male,0,Yes,1,Yes,Yes,Fiber optic,Month-to-month,46,Yes,0
Female,0,No,61,Yes,No,DSL,Two year,101,No,2
Male,0,No,1,Yes,No,DSL,Two year,43,Yes,0
Female,1,No,40,Yes,Yes,Fiber optic,Month-to-month,92,No,3
Female,0,No,71,Yes,Yes,Fiber optic,Month-to-month,24,No,1
Male,0,No,24,Yes,Yes,DSL,Month-to-month,90,Yes,0
Female,0,No,14,Yes,Yes,Fiber optic,Month-to-month,50,No,0
Female,1,No,61,Yes,Yes,Fiber optic,Month-to-month,94,No,3
Female,1,No,44,Yes,Yes,DSL,Month-to-month,75,No,3
Female,0,No,70,Yes,Yes,DSL,Two year,20,No,1
Female,0,No,18,Yes,Yes,Fiber optic,Month-to-month,74,No,0
Male,0,Yes,12,Yes,Yes,DSL,Two year,74,Yes,0
Male,1,No,66,Yes,No,DSL,Month-to-month,107,No,3
Male,0,Yes,61,Yes,Yes,DSL,Two year,21,No,1
Female,0,No,42,Yes,No,DSL,One year,86,No,2
Female,0,No,54,Yes,No,DSL,One year,95,No,2
Male,0,No,3,Yes,Yes,Fiber optic,Month-to-month,20,No,1
Male,0,No,69,Yes,Yes,DSL,Two year,54,No,2
Female,0,No,3,Yes,Yes,Fiber optic,One year,20,No,1
Female,0,No,7,Yes,Yes,Fiber optic,Month-to-month,75,Yes,0
Female,0,No,57,Yes,No,Fiber optic,Month-to-month,20,No,1
Male,1,No,14,Yes,Yes,DSL,Month-to-month,75,Yes,3
Male,0,No,11,No,Yes,Fiber optic,Two year,42,Yes,1
Male,0,No,4,Yes,No,DSL,One year,20,No,1
Male,0,No,43,Yes,No,DSL,Month-to-month,94,No,2
Male,0,No,62,Yes,No,Fiber optic,Month-to-month,74,No,2
Female,0,No,12,Yes,Yes,Fiber optic,Month-to-month,96,Yes,0
Male,0,Yes,11,Yes,No,DSL,One year,20,No,1
Female,0,No,19,Yes,No,Fiber optic,Month-to-month,60,No,0
Male,0,No,44,Yes,No,DSL,One year,106,No,2
Female,1,Yes,11,Yes,Yes,Fiber optic,Month-to-month,78,No,3
Male,0,Yes,72,Yes,Yes,DSL,Two year,81,No,2
Female,0,No,43,Yes,No,Fiber optic,Month-to-month,105,Yes,2
Male,0,No,3,Yes,Yes,DSL,Month-to-month,20,Yes,1
Female,1,No,5,Yes,No,DSL,Month-to-month,81,No,3
Male,0,No,2,No,No,Fiber optic,Month-to-month,30,Yes,1
Male,0,Yes,68,Yes,Yes,Fiber optic,Month-to-month,86,No,2
Male,1,No,33,Yes,No,Fiber optic,Month-to-month,94,Yes,3
Female,0,No,11,No,No,DSL,Month-to-month,36,No,1
Male,1,No,69,Yes,Yes,DSL,One year,90,Yes,3
Female,0,No,66,Yes,No,DSL,Two year,105,No,2
Male,0,Yes,29,Yes,No,DSL,Month-to-month,76,No,0
Male,0,Yes,8,Yes,No,DSL,Two year,45,No,1
Male,1,No,72,No,Yes,DSL,Two year,64,No,3
Female,0,Yes,8,Yes,Yes,DSL,Month-to-month,45,No,1
Female,0,No,32,Yes,No,DSL,Month-to-month,104,No,0
Female,0,Yes,56,Yes,No,Fiber optic,Month-to-month,20,No,1
Male,0,No,10,Yes,No,DSL,Month-to-month,81,Yes,0
Female,0,No,44,Yes,No,Fiber optic,Month-to-month,62,No,2
Female,0,Yes,23,Yes,Yes,Fiber optic,Month-to-month,84,Yes,0
Female,0,No,4,No,Yes,Fiber optic,Month-to-month,48,No,0
Female,0,Yes,36,Yes,Yes,Fiber optic,One year,51,No,1
Male,0,No,47,Yes,Yes,Fiber optic,One year,83,Yes,2
Female,0,Yes,2,No,Yes,Fiber optic,Month-to-month,30,No,1
Female,0,Yes,52,Yes,No,Fiber optic,Month-to-month,20,No,1
Female,0,No,5,Yes,Yes,Fiber optic,Month-to-month,91,Yes,0
Female,0,Yes,64,Yes,Yes,Fiber optic,Month-to-month,66,No,2
Male,0,No,2,Yes,No,DSL,One year,50,No,0
Female,0,No,8,Yes,Yes,Fiber optic,Month-to-month,20,No,1
Female,0,No,1,Yes,No,DSL,Month-to-month,70,Yes,0
Male,0,No,1,No,Yes,DSL,Two year,45,Yes,0
Male,0,Yes,60,Yes,No,DSL,Month-to-month,60,No,2
Male,0,No,20,Yes,No,DSL,Two year,91,No,0
Male,0,Yes,22,Yes,Yes,DSL,One year,51,No,1
Male,0,Yes,54,Yes,Yes,Fiber optic,One year,71,No,2
Male,0,No,1,Yes,No,DSL,Month-to-month,81,No,0
Male,0,No,13,Yes,Yes,Fiber optic,Two year,19,No,1
Female,1,Yes,24,Yes,Yes,DSL,Month-to-month,97,No,3
Female,1,No,6,Yes,No,DSL,Two year,74,No,3
Male,1,No,38,Yes,No,Fiber optic,Month-to-month,103,No,3
Female,0,No,12,Yes,No,DSL,One year,85,No,0
Male,0,No,26,No,No,DSL,Two year,45,No,1
Female,0,Yes,6,No,No,DSL,Month-to-month,41,No,1
Male,0,Yes,67,Yes,Yes,DSL,One year,87,Yes,2
Male,1,No,62,Yes,Yes,Fiber optic,Month-to-month,104,Yes,3
Male,0,Yes,50,No,No,DSL,Month-to-month,39,No,1
Male,0,Yes,72,No,Yes,DSL,Two year,66,No,2
Female,1,Yes,31,Yes,No,DSL,Month-to-month,99,Yes,3
Male,0,No,72,Yes,No,DSL,One year,92,No,2
Male,0,No,51,No,Yes,DSL,Month-to-month,44,No,1
Female,0,No,1,Yes,Yes,Fiber optic,Month-to-month,20,No,1
Female,0,Yes,60,Yes,Yes,Fiber optic,One year,115,No,2
Female,0,Yes,24,Yes,No,DSL,Two year,20,No,1
Female,0,No,2,Yes,No,DSL,One year,81,Yes,0
Female,0,No,4,Yes,No,Fiber optic,Month-to-month,78,Yes,0
Female,0,No,67,Yes,No,DSL,Month-to-month,66,No,2
Female,0,No,69,Yes,Yes,Fiber optic,Month-to-month,106,No,2
Female,0,No,1,Yes,Yes,Fiber optic,Month-to-month,70,Yes,0
Male,0,No,67,Yes,Yes,DSL,Two year,25,No,1
Male,0,No,1,Yes,No,DSL,Two year,90,Yes,0
Male,1,No,67,Yes,No,DSL,Month-to-month,84,No,3
Female,1,No,27,Yes,Yes,Fiber optic,Month-to-month,86,No,3
Female,0,No,41,Yes,No,DSL,Month-to-month,106,No,2
Male,0,Yes,64,Yes,No,DSL,One year,109,No,2
Female,0,No,1,Yes,Yes,DSL,Two year,70,Yes,0
Male,0,No,6,Yes,No,DSL,Month-to-month,45,Yes,0
Male,0,Yes,72,No,No,Fiber optic,Month-to-month,65,No,2
Female,0,Yes,57,Yes,Yes,Fiber optic,One year,70,Yes,2
Male,0,No,70,Yes,No,DSL,Month-to-month,73,No,2
Male,1,No,10,Yes,No,DSL,Month-to-month,86,Yes,3
Male,0,No,1,Yes,Yes,Fiber optic,One year,56,Yes,0
Female,1,No,71,Yes,Yes,Fiber optic,Month-to-month,90,No,3
Female,0,Yes,3,No,Yes,DSL,Two year,40,No,1
Female,0,No,63,Yes,Yes,DSL,Month-to-month,24,No,1
Female,0,No,25,Yes,No,Fiber optic,Month-to-month,75,No,0
Male,0,Yes,62,Yes,No,DSL,Two year,24,No,1
Female,0,No,55,Yes,Yes,Fiber optic,Month-to-month,95,No,2
Male,0,Yes,52,Yes,No,Fiber optic,Month-to-month,79,No,2
Female,0,Yes,16,Yes,Yes,Fiber optic,One year,81,Yes,0
Female,0,Yes,29,Yes,Yes,DSL,Two year,88,No,0
Female,0,No,2,No,Yes,DSL,Two year,35,Yes,1
Male,0,No,8,Yes,No,DSL,Two year,71,No,0
Female,0,No,5,Yes,No,Fiber optic,Month-to-month,85,No,0
Male,0,No,9,Yes,Yes,Fiber optic,Month-to-month,20,No,1
Female,1,No,32,Yes,Yes,Fiber optic,Month-to-month,74,Yes,3
Male,0,Yes,72,Yes,No,Fiber optic,Two year,84,No,2
Male,0,Yes,7,No,No,DSL,One year,50,No,1
Male,1,No,18,Yes,Yes,Fiber optic,One year,58,No,3
Female,0,No,48,Yes,Yes,Fiber optic,Month-to-month,105,No,2
Female,1,No,71,Yes,Yes,Fiber optic,Month-to-month,96,No,3
Male,0,No,1,Yes,No,DSL,Two year,70,Yes,0
Male,0,No,69,Yes,No,DSL,One year,105,No,2
Male,0,No,60,Yes,No,DSL,Month-to-month,20,No,1
Male,1,No,1,No,No,DSL,Month-to-month,25,Yes,3
Male,0,No,1,Yes,No,Fiber optic,Month-to-month,49,No,0
Male,0,No,38,Yes,No,DSL,One year,92,No,2
Female,0,No,4,Yes,No,Fiber optic,Month-to-month,20,No,1
Male,0,No,31,Yes,No,DSL,Two year,99,No,0
Female,1,No,14,Yes,Yes,Fiber optic,Two year,79,No,3
Female,1,No,71,Yes,No,DSL,Two year,110,No,3
Male,0,No,2,Yes,No,DSL,One year,81,Yes,0
Male,0,Yes,64,Yes,No,Fiber optic,Two year,93,No,2
Female,0,No,9,Yes,Yes,DSL,One year,81,No,0
Female,0,No,56,Yes,Yes,Fiber optic,Two year,106,No,2
Female,0,No,11,Yes,No,DSL,Month-to-month,94,No,0
Male,0,Yes,72,Yes,Yes,Fiber optic,Month-to-month,19,No,1
Female,0,No,1,Yes,Yes,DSL,Month-to-month,20,No,1
Male,0,No,60,Yes,No,DSL,Two year,109,No,2
Male,1,No,33,No,Yes,Fiber optic,Two year,50,No,3
Male,0,Yes,72,Yes,No,DSL,Month-to-month,20,No,1
Female,0,No,26,Yes,Yes,DSL,Two year,87,No,0
Female,0,No,3,Yes,Yes,DSL,Two year,86,Yes,0
Female,0,Yes,22,No,No,Fiber optic,Month-to-month,39,No,1
Female,1,No,22,Yes,No,DSL,Two year,64,No,3
Female,0,No,1,Yes,No,DSL,One year,54,Yes,0
Male,0,Yes,27,Yes,No,Fiber optic,Month-to-month,55,No,1
Female,0,No,1,Yes,Yes,DSL,One year,70,Yes,0
Female,0,No,41,Yes,No,DSL,Month-to-month,106,Yes,2
Female,1,No,14,Yes,Yes,DSL,Month-to-month,74,Yes,3
Male,0,No,7,Yes,Yes,DSL,One year,69,Yes,0
Female,0,No,32,Yes,Yes,DSL,Two year,54,No,0
Male,0,Yes,41,Yes,No,DSL,One year,68,No,2
Female,1,Yes,4,Yes,No,DSL,One year,46,Yes,3
Male,0,No,56,Yes,No,Fiber optic,Month-to-month,26,No,1
Female,1,No,33,Yes,Yes,Fiber optic,One year,110,Yes,3
Male,1,No,2,Yes,Yes,Fiber optic,One year,66,Yes,3
Male,0,No,28,Yes,No,Fiber optic,One year,106,Yes,0
Female,0,Yes,1,Yes,Yes,Fiber optic,Month-to-month,54,No,0
Male,0,Yes,1,Yes,No,Fiber optic,Month-to-month,19,No,1
Female,0,No,2,Yes,Yes,Fiber optic,Month-to-month,70,Yes,0
Male,1,No,4,Yes,No,DSL,Month-to-month,74,Yes,3
Male,0,No,34,Yes,Yes,Fiber optic,Two year,105,No,2
Female,0,No,64,Yes,Yes,Fiber optic,One year,58,No,2
Male,0,No,7,Yes,No,DSL,One year,19,No,1
Male,0,Yes,51,Yes,Yes,DSL,Two year,84,No,2
Male,0,No,21,Yes,No,Fiber optic,Month-to-month,20,No,1
Female,0,No,21,Yes,No,DSL,Two year,71,No,0
Male,1,No,57,Yes,Yes,Fiber optic,Month-to-month,91,No,3
Male,0,No,6,Yes,Yes,DSL,Two year,76,Yes,0
Female,0,No,8,Yes,No,DSL,Two year,49,No,0
Male,0,Yes,18,No,No,Fiber optic,Month-to-month,26,No,1
Male,1,No,7,Yes,No,DSL,Two year,70,Yes,3
Male,0,No,35,Yes,No,DSL,Two year,60,No,0
Female,0,No,32,Yes,Yes,Fiber optic,Month-to-month,75,No,0
Female,0,No,30,Yes,Yes,Fiber optic,Month-to-month,100,No,0
Male,0,Yes,26,Yes,No,Fiber optic,Month-to-month,50,No,1
Male,0,No,38,Yes,No,DSL,One year,95,No,2
Female,1,No,41,Yes,No,DSL,Two year,113,Yes,3
Male,0,Yes,34,No,No,DSL,One year,45,No,1
Male,1,No,55,Yes,Yes,Fiber optic,Two year,60,No,3
Female,1,No,57,Yes,No,Fiber optic,Month-to-month,94,No,3
Female,1,No,66,Yes,No,DSL,Two year,105,No,3
Male,0,No,43,Yes,No,Fiber optic,Month-to-month,86,No,2
Female,0,Yes,32,Yes,No,DSL,Two year,76,No,0
Male,0,No,1,Yes,No,DSL,Month-to-month,20,No,1
Female,0,No,40,Yes,Yes,DSL,Two year,81,No,2
Female,0,No,41,Yes,Yes,DSL,One year,98,No,2
Male,1,No,30,Yes,No,Fiber optic,Month-to-month,90,No,3
Female,0,No,3,Yes,No,DSL,One year,80,Yes,0
Female,0,Yes,54,Yes,No,Fiber optic,Month-to-month,104,No,2
Male,0,No,9,Yes,No,DSL,Two year,95,Yes,0
Male,1,No,7,Yes,Yes,DSL,Two year,75,No,3
Male,0,No,58,Yes,Yes,DSL,Two year,100,No,2
Male,0,No,52,Yes,Yes,DSL,One year,89,No,2
Male,0,Yes,26,No,Yes,Fiber optic,Month-to-month,40,No,1
Female,0,No,34,Yes,Yes,DSL,One year,20,No,1
Male,0,No,53,Yes,Yes,Fiber optic,Two year,81,No,2
Male,0,No,15,Yes,Yes,Fiber optic,Month-to-month,88,No,0
Male,0,Yes,1,Yes,No,DSL,Two year,19,Yes,1
Female,0,No,5,Yes,Yes,DSL,Month-to-month,56,No,0
Female,0,Yes,34,Yes,No,DSL,Month-to-month,105,No,2
Female,0,No,32,Yes,No,DSL,One year,101,No,0
Female,0,Yes,41,No,No,DSL,Month-to-month,35,No,1
Female,0,No,25,No,No,DSL,One year,54,No,1
Male,0,Yes,17,Yes,No,DSL,Two year,62,No,0
Female,0,No,17,Yes,Yes,Fiber optic,Two year,25,No,1
Female,0,No,70,Yes,No,DSL,Month-to-month,85,No,2
Male,0,Yes,43,Yes,No,DSL,One year,19,No,1
Male,0,Yes,71,Yes,Yes,DSL,One year,24,No,1
Male,1,No,2,No,No,DSL,One year,24,Yes,3
Male,0,No,49,Yes,No,DSL,Two year,75,No,2
Female,1,No,72,Yes,No,Fiber optic,Month-to-month,105,No,3
Male,0,No,26,Yes,Yes,DSL,Month-to-month,84,No,0
Female,0,No,18,Yes,No,Fiber optic,Month-to-month,20,No,1
Male,0,Yes,1,Yes,No,Fiber optic,Month-to-month,93,Yes,0
Male,0,No,9,No,Yes,Fiber optic,Two year,24,Yes,1
Male,0,No,28,Yes,Yes,Fiber optic,Month-to-month,77,No,0
Female,0,Yes,60,Yes,No,Fiber optic,One year,19,No,1
Male,0,No,23,Yes,Yes,Fiber optic,Two year,21,No,1
Female,0,No,15,Yes,No,DSL,Two year,80,Yes,0
Female,0,No,29,Yes,No,Fiber optic,Month-to-month,67,No,0
Female,0,Yes,56,Yes,No,Fiber optic,Month-to-month,20,No,1
Female,0,No,11,Yes,No,Fiber optic,Month-to-month,55,No,0
Male,0,No,27,Yes,No,DSL,Month-to-month,69,No,0
Male,0,No,1,Yes,No,DSL,One year,70,Yes,0
Female,0,No,66,Yes,No,Fiber optic,Month-to-month,91,No,2
Female,1,No,2,Yes,Yes,Fiber optic,Month-to-month,57,No,3
Female,0,Yes,19,Yes,Yes,Fiber optic,Month-to-month,20,No,1
Male,0,Yes,62,Yes,Yes,Fiber optic,Month-to-month,95,No,2
Female,0,No,51,Yes,No,DSL,Month-to-month,79,No,2
Female,0,No,72,Yes,Yes,DSL,Two year,94,No,2
Male,0,No,10,Yes,Yes,Fiber optic,Month-to-month,90,Yes,0
Female,0,No,37,Yes,Yes,DSL,Month-to-month,68,No,0
Female,0,Yes,35,Yes,Yes,Fiber optic,Month-to-month,50,No,1
Female,0,No,10,Yes,No,Fiber optic,Month-to-month,61,No,0
Male,0,No,1,Yes,No,DSL,Month-to-month,20,Yes,1
Female,0,Yes,26,Yes,Yes,Fiber optic,Month-to-month,20,No,1
Male,0,No,72,Yes,No,DSL,Month-to-month,82,No,2
Female,1,No,38,Yes,Yes,Fiber optic,Two year,100,Yes,3
Female,0,No,18,Yes,No,Fiber optic,Month-to-month,100,Yes,0
Male,0,No,56,Yes,Yes,Fiber optic,Two year,53,No,2
Female,0,No,36,Yes,No,DSL,Month-to-month,54,No,1
Male,0,Yes,22,Yes,Yes,Fiber optic,Month-to-month,89,No,0
Male,0,Yes,65,Yes,Yes,DSL,Two year,104,No,2
Male,0,No,27,Yes,Yes,DSL,Two year,54,No,0
Female,0,No,29,Yes,Yes,Fiber optic,Month-to-month,74,No,0
Male,1,No,10,Yes,No,DSL,Month-to-month,95,Yes,3
Female,1,No,50,Yes,No,DSL,Month-to-month,105,No,3
Male,0,No,9,Yes,Yes,Fiber optic,One year,86,No,0
Male,0,Yes,23,Yes,Yes,Fiber optic,Two year,24,No,1
Male,0,Yes,24,Yes,No,DSL,Two year,55,Yes,1
Male,0,No,1,Yes,Yes,Fiber optic,One year,56,No,0
Male,0,No,20,Yes,Yes,Fiber optic,Month-to-month,64,No,0
Male,0,No,58,Yes,Yes,DSL,Two year,60,Yes,2
Female,0,No,47,Yes,No,DSL,Month-to-month,20,No,1
Male,1,No,72,Yes,No,Fiber optic,One year,93,No,3
Male,0,No,14,Yes,Yes,Fiber optic,Month-to-month,50,No,0
Female,0,Yes,62,Yes,No,Fiber optic,Month-to-month,55,No,2
Female,1,No,37,Yes,No,DSL,One year,76,Yes,3
Male,0,No,29,No,No,Fiber optic,One year,34,No,1
Female,0,No,62,Yes,Yes,Fiber optic,Two year,19,No,1
Female,0,Yes,46,Yes,No,DSL,Two year,100,No,2
Male,0,No,2,Yes,No,Fiber optic,Month-to-month,94,Yes,0
Female,0,No,50,Yes,No,DSL,One year,96,No,2
Male,0,No,24,Yes,Yes,Fiber optic,One year,105,Yes,0
Male,1,No,55,Yes,Yes,DSL,Two year,114,No,3
Female,0,No,64,Yes,Yes,DSL,One year,115,No,2
Female,0,No,4,Yes,No,DSL,Month-to-month,89,Yes,0
Female,0,No,6,No,Yes,DSL,Two year,29,No,1
Male,1,No,1,Yes,Yes,Fiber optic,Two year,76,Yes,3
Male,0,Yes,37,Yes,No,Fiber optic,Month-to-month,63,No,2
Male,1,No,71,Yes,Yes,DSL,Two year,25,No,3
Male,0,Yes,29,No,Yes,Fiber optic,Month-to-month,55,No,1
Male,0,No,7,Yes,No,DSL,Two year,89,Yes,0
Male,0,No,32,Yes,Yes,Fiber optic,Month-to-month,99,No,0
Female,0,No,59,Yes,Yes,Fiber optic,Month-to-month,95,No,2
Male,0,Yes,40,Yes,No,DSL,Month-to-month,75,No,2
Male,0,No,10,No,Yes,Fiber optic,One year,30,Yes,1
Female,0,No,27,Yes,No,Fiber optic,Month-to-month,19,No,1
Female,0,No,7,Yes,Yes,Fiber optic,Month-to-month,86,Yes,0
Male,0,Yes,65,Yes,Yes,Fiber optic,One year,25,No,1
Female,0,No,10,Yes,Yes,DSL,Month-to-month,81,Yes,0
Female,0,Yes,23,Yes,Yes,DSL,One year,84,No,0
Female,0,Yes,47,Yes,No,DSL,One year,85,No,2
Male,0,No,11,Yes,Yes,DSL,Month-to-month,55,No,0
Male,0,No,12,No,Yes,Fiber optic,Month-to-month,34,No,1
Male,0,Yes,30,No,No,DSL,Month-to-month,44,No,1
Female,0,No,1,Yes,No,Fiber optic,Month-to-month,76,Yes,0
Female,0,No,57,Yes,Yes,Fiber optic,One year,109,No,2
Male,1,No,11,Yes,No,DSL,Two year,70,No,3
Female,0,No,9,Yes,Yes,Fiber optic,Month-to-month,20,No,1
Female,0,No,4,Yes,No,DSL,One year,70,Yes,0
Male,0,No,13,Yes,Yes,Fiber optic,Two year,74,No,0
Female,0,No,35,Yes,Yes,Fiber optic,Month-to-month,21,No,1
Male,0,No,67,No,No,DSL,Month-to-month,51,No,2
Male,0,Yes,51,Yes,No,DSL,Two year,48,No,1
Male,0,No,1,Yes,No,DSL,Month-to-month,51,Yes,0
Female,0,Yes,71,Yes,Yes,Fiber optic,Two year,100,No,2
Male,1,No,29,Yes,Yes,DSL,One year,79,No,3
Female,0,No,33,Yes,No,DSL,Month-to-month,104,Yes,2
Female,0,Yes,11,No,Yes,Fiber optic,Two year,36,No,1
Male,0,Yes,13,Yes,Yes,Fiber optic,Month-to-month,78,No,0
Male,0,Yes,42,Yes,No,DSL,Two year,19,No,1
Female,0,No,8,No,No,DSL,Month-to-month,29,No,1
Male,0,No,1,Yes,No,Fiber optic,Month-to-month,44,Yes,0
Male,0,No,72,Yes,No,DSL,Two year,108,No,2
Male,0,Yes,47,Yes,No,DSL,Two year,87,No,2
Male,0,Yes,30,Yes,No,DSL,Month-to-month,85,No,0
Male,0,No,51,Yes,Yes,DSL,One year,112,No,2
Female,0,No,16,Yes,No,DSL,One year,95,No,0
Female,0,No,34,Yes,Yes,DSL,Month-to-month,100,No,2
Male,0,No,8,Yes,No,DSL,Two year,87,Yes,0
Female,0,No,72,Yes,No,DSL,Month-to-month,25,No,1
Male,1,No,60,Yes,No,DSL,Month-to-month,72,No,3
Male,0,No,72,Yes,No,DSL,Month-to-month,116,No,2
Male,0,Yes,12,Yes,Yes,Fiber optic,Month-to-month,20,No,1
Female,0,Yes,65,Yes,Yes,Fiber optic,Month-to-month,82,No,2
Male,0,Yes,32,Yes,No,Fiber optic,Month-to-month,19,No,1
Female,0,Yes,67,Yes,No,Fiber optic,Month-to-month,94,Yes,2
Male,0,No,45,Yes,Yes,Fiber optic,Two year,79,No,2
Female,0,Yes,60,No,Yes,Fiber optic,Two year,60,No,2
Female,0,No,1,Yes,Yes,Fiber optic,Two year,55,No,0
Female,0,No,58,Yes,Yes,DSL,Month-to-month,65,No,2
Female,0,No,9,Yes,Yes,DSL,Two year,95,Yes,0
Female,0,No,1,Yes,No,DSL,One year,74,No,0
Male,0,Yes,8,Yes,No,DSL,Month-to-month,24,No,1
Male,0,No,2,Yes,No,Fiber optic,Two year,45,Yes,0
Female,0,Yes,47,Yes,No,DSL,One year,20,No,1
Female,1,No,1,Yes,No,DSL,Month-to-month,74,Yes,3
Female,0,No,1,No,No,Fiber optic,Month-to-month,26,No,1
Female,0,No,10,Yes,Yes,Fiber optic,Month-to-month,101,Yes,0
Male,0,No,29,No,Yes,Fiber optic,Month-to-month,25,No,1
Female,0,Yes,58,Yes,No,DSL,One year,76,No,2
Male,0,No,14,Yes,No,DSL,One year,19,No,1
Male,0,No,7,Yes,No,DSL,Month-to-month,21,No,1
Female,0,Yes,5,Yes,Yes,Fiber optic,Month-to-month,84,Yes,0
Female,0,Yes,18,Yes,No,DSL,Month-to-month,20,Yes,1
Male,0,Yes,25,Yes,No,DSL,Month-to-month,20,No,1
Female,0,No,46,Yes,Yes,Fiber optic,Month-to-month,64,No,2
Male,0,No,1,Yes,No,DSL,Month-to-month,51,Yes,0
Female,0,No,1,Yes,Yes,DSL,One year,48,No,0
Female,0,No,68,Yes,No,DSL,One year,85,No,2
Male,0,No,18,Yes,Yes,DSL,Month-to-month,44,No,1
Female,0,No,8,Yes,Yes,Fiber optic,Month-to-month,80,No,0
Male,0,No,64,Yes,Yes,Fiber optic,One year,20,No,1
Female,1,No,4,Yes,Yes,Fiber optic,One year,89,Yes,3
Female,0,No,63,Yes,Yes,Fiber optic,One year,80,No,2
Male,0,Yes,54,Yes,Yes,Fiber optic,One year,106,No,2
Male,0,No,54,Yes,No,Fiber optic,Month-to-month,75,No,2
Male,0,Yes,72,Yes,No,DSL,Month-to-month,70,No,2
Male,1,No,4,No,No,DSL,Month-to-month,51,No,3
Female,0,No,72,Yes,No,Fiber optic,Month-to-month,91,No,2
Female,1,No,60,No,No,DSL,Month-to-month,49,No,3
Male,0,Yes,20,Yes,No,DSL,Month-to-month,90,Yes,0
Female,1,No,35,Yes,No,DSL,One year,71,No,3
Female,0,No,2,Yes,Yes,Fiber optic,One year,49,Yes,0
Female,0,No,26,No,No,Fiber optic,Month-to-month,50,No,1
Male,0,No,14,Yes,No,Fiber optic,Month-to-month,83,No,0
Male,1,No,1,Yes,No,Fiber optic,Month-to-month,75,Yes,3
Female,0,Yes,53,Yes,No,DSL,Two year,20,No,1
Male,0,No,1,Yes,No,DSL,One year,19,No,1
Male,0,No,58,Yes,Yes,Fiber optic,Month-to-month,20,No,1
Female,0,Yes,5,Yes,Yes,DSL,Two year,51,No,0
Female,0,No,53,Yes,No,DSL,One year,106,No,2
Female,0,No,4,Yes,No,DSL,Two year,20,No,1
Male,0,No,49,Yes,No,DSL,One year,99,No,2
Male,0,Yes,2,Yes,Yes,Fiber optic,Month-to-month,90,Yes,0
Male,0,No,2,Yes,Yes,Fiber optic,One year,68,Yes,0
Female,0,No,3,Yes,No,DSL,Month-to-month,75,Yes,0
Male,0,No,7,Yes,Yes,Fiber optic,Month-to-month,94,Yes,0
Male,0,No,14,Yes,No,DSL,One year,45,No,0
Male,0,No,18,Yes,No,DSL,Month-to-month,99,Yes,0
Male,0,No,27,Yes,No,DSL,Month-to-month,81,No,0
Female,0,Yes,66,Yes,No,Fiber optic,Month-to-month,60,No,2
Female,0,No,43,Yes,No,DSL,One year,86,No,2
Male,0,No,69,Yes,Yes,Fiber optic,Two year,113,No,2
Male,0,No,71,Yes,No,DSL,Month-to-month,93,No,2
Female,1,No,50,Yes,No,DSL,Month-to-month,83,No,3
Male,0,No,51,Yes,No,DSL,Month-to-month,19,No,1
Male,0,No,27,Yes,Yes,Fiber optic,Month-to-month,81,No,0
Male,0,Yes,70,Yes,No,Fiber optic,One year,20,No,1
Female,1,No,2,Yes,No,DSL,Two year,80,Yes,3
Female,0,No,6,Yes,No,DSL,Month-to-month,50,Yes,0
Female,0,No,59,Yes,Yes,DSL,One year,101,Yes,2
Male,1,No,10,Yes,No,DSL,One year,92,Yes,3
Male,1,No,29,Yes,No,DSL,Month-to-month,98,Yes,3
Male,0,No,5,Yes,No,DSL,Month-to-month,20,No,1
Female,1,No,21,Yes,No,Fiber optic,Month-to-month,94,Yes,3
Female,0,No,62,Yes,No,DSL,Month-to-month,104,No,2
Male,0,Yes,36,Yes,Yes,Fiber optic,Month-to-month,19,No,1
Male,0,No,3,Yes,No,DSL,One year,20,Yes,1
Female,0,No,69,Yes,No,DSL,Month-to-month,116,No,2
Female,0,No,2,No,No,Fiber optic,Month-to-month,31,Yes,1
Female,0,No,8,Yes,Yes,Fiber optic,Month-to-month,85,Yes,0
Female,1,No,3,No,Yes,Fiber optic,Two year,31,No,3
Male,0,No,1,Yes,Yes,Fiber optic,Month-to-month,46,Yes,0
Female,0,No,12,Yes,No,Fiber optic,Month-to-month,99,Yes,0
Male,0,No,18,Yes,Yes,Fiber optic,Month-to-month,76,No,0
Female,0,No,20,No,No,Fiber optic,Month-to-month,25,No,1
Male,0,No,22,Yes,Yes,Fiber optic,Month-to-month,59,Yes,0
Female,0,Yes,5,Yes,No,DSL,Month-to-month,46,Yes,1
Female,0,No,24,Yes,Yes,Fiber optic,Two year,25,No,1
Male,0,Yes,64,Yes,Yes,Fiber optic,One year,69,No,2
Male,0,No,26,Yes,Yes,Fiber optic,Month-to-month,99,No,0
Male,1,No,68,Yes,Yes,Fiber optic,Month-to-month,105,Yes,3
Female,0,No,60,Yes,Yes,DSL,Two year,21,No,1
Male,0,Yes,25,Yes,No,Fiber optic,Month-to-month,55,No,1
Female,0,No,51,Yes,Yes,DSL,Two year,26,No,1
Female,0,No,7,Yes,No,Fiber optic,One year,81,No,0
Male,0,Yes,39,Yes,Yes,Fiber optic,Two year,19,No,1
Female,0,Yes,72,Yes,No,DSL,Month-to-month,80,No,2
Female,0,No,27,Yes,No,DSL,Two year,95,No,0
Male,0,Yes,56,Yes,No,DSL,One year,86,No,2
Female,0,No,57,Yes,No,DSL,Month-to-month,20,No,1
Male,0,No,17,Yes,Yes,Fiber optic,Month-to-month,107,No,0
Female,0,No,1,Yes,Yes,Fiber optic,Month-to-month,56,Yes,0
Male,0,Yes,35,Yes,No,DSL,Month-to-month,20,No,1
Male,0,Yes,13,Yes,No,DSL,Two year,73,No,0
Female,0,Yes,69,Yes,Yes,Fiber optic,One year,20,No,1
Female,0,Yes,1,Yes,No,DSL,Month-to-month,19,No,1
Male,0,No,7,Yes,No,DSL,One year,75,Yes,0
Female,1,No,72,Yes,Yes,DSL,Two year,117,No,3
Male,0,No,3,Yes,Yes,Fiber optic,Month-to-month,99,Yes,0
Male,0,No,53,Yes,Yes,DSL,Two year,61,No,2
Male,0,Yes,38,Yes,No,DSL,Month-to-month,82,No,2
Female,0,No,4,Yes,Yes,Fiber optic,Month-to-month,80,No,0
Female,0,No,62,Yes,No,Fiber optic,Two year,84,No,2
Male,0,No,1,Yes,No,DSL,Two year,49,No,0
Female,0,No,46,Yes,No,Fiber optic,Month-to-month,84,No,2
Male,0,No,19,Yes,No,DSL,Month-to-month,60,No,0
Female,0,No,72,Yes,Yes,DSL,Two year,91,No,2
Male,0,Yes,38,Yes,Yes,Fiber optic,Month-to-month,25,No,1
Male,0,No,71,Yes,Yes,DSL,Two year,106,No,2
Female,0,No,16,Yes,No,DSL,Month-to-month,100,Yes,0
Female,1,No,66,Yes,Yes,Fiber optic,Month-to-month,106,Yes,3
Female,1,No,11,Yes,No,DSL,Month-to-month,95,Yes,3
Male,0,Yes,66,Yes,Yes,Fiber optic,Month-to-month,84,No,2
Male,0,No,28,Yes,Yes,Fiber optic,One year,91,No,0
Female,0,No,1,No,No,DSL,Month-to-month,35,Yes,1
Female,0,Yes,72,Yes,No,DSL,Month-to-month,110,No,2
Female,0,Yes,18,Yes,Yes,DSL,One year,19,No,1
Female,0,No,49,Yes,Yes,Fiber optic,Two year,19,No,1
Female,1,No,41,Yes,No,DSL,Month-to-month,104,No,3
Male,0,Yes,1,Yes,No,DSL,Month-to-month,70,Yes,0
Male,1,No,27,Yes,Yes,Fiber optic,Month-to-month,76,Yes,3
Male,0,No,5,Yes,Yes,Fiber optic,Month-to-month,21,No,1
Male,0,No,43,No,No,DSL,One year,35,No,1
Male,0,Yes,47,Yes,No,DSL,Two year,55,No,2
Female,0,No,1,Yes,No,DSL,Month-to-month,50,No,0
Female,0,No,15,Yes,No,DSL,Month-to-month,59,Yes,0
Female,0,Yes,7,Yes,No,DSL,One year,71,No,0
Male,0,No,14,Yes,No,DSL,One year,20,No,1
Female,0,No,43,Yes,No,DSL,Two year,80,No,2
Male,0,No,29,Yes,Yes,DSL,One year,84,Yes,0
Female,0,No,46,Yes,No,DSL,One year,24,No,1
Female,0,No,24,Yes,No,Fiber optic,Month-to-month,49,No,0
Male,0,Yes,51,No,No,DSL,One year,59,Yes,2
Male,0,Yes,70,No,Yes,DSL,Two year,60,No,2
Female,0,No,12,Yes,Yes,DSL,Two year,46,No,0
Male,0,No,3,Yes,Yes,Fiber optic,Two year,20,No,1
Female,1,No,9,Yes,Yes,DSL,Two year,84,Yes,3
Female,0,No,15,Yes,Yes,Fiber optic,Month-to-month,84,No,0
Female,0,Yes,72,Yes,No,Fiber optic,One year,24,No,1
Female,0,Yes,4,Yes,No,DSL,One year,20,No,1
Female,0,No,72,Yes,No,DSL,Two year,104,No,2
Male,0,No,10,Yes,Yes,Fiber optic,Month-to-month,20,No,1
Female,1,No,5,No,Yes,Fiber optic,Two year,28,Yes,3
Male,0,No,8,Yes,Yes,Fiber optic,Month-to-month,86,No,0
Female,1,No,26,Yes,No,Fiber optic,Month-to-month,91,Yes,3
Female,0,No,68,Yes,Yes,Fiber optic,Month-to-month,71,No,2
Male,0,Yes,2,Yes,Yes,Fiber optic,Month-to-month,20,No,1
Male,1,No,8,Yes,No,DSL,Two year,74,Yes,3
Female,0,No,3,Yes,Yes,Fiber optic,Month-to-month,20,No,1
Male,0,No,13,Yes,Yes,DSL,One year,98,Yes,0
Male,1,No,34,Yes,No,DSL,Two year,69,No,3
Female,0,Yes,72,No,No,DSL,Two year,66,No,2
Male,0,No,21,No,Yes,Fiber optic,Two year,44,No,1
Female,0,Yes,40,Yes,No,DSL,Month-to-month,85,Yes,2
Male,0,No,16,No,Yes,Fiber optic,Month-to-month,55,No,0
Female,0,No,26,Yes,No,Fiber optic,Month-to-month,56,No,0
Male,0,No,49,Yes,No,DSL,One year,99,Yes,2
Male,0,No,46,Yes,No,Fiber optic,Month-to-month,19,No,1
Male,0,Yes,11,Yes,Yes,DSL,Two year,80,Yes,0
Male,0,No,72,Yes,No,Fiber optic,One year,84,No,2
Male,0,No,47,Yes,No,DSL,Two year,20,No,1
Male,0,Yes,1,Yes,Yes,Fiber optic,One year,19,Yes,1
Female,1,No,59,Yes,Yes,DSL,Two year,90,No,3
Female,0,No,71,Yes,Yes,DSL,One year,88,No,2
Female,0,Yes,25,Yes,Yes,Fiber optic,Two year,20,No,1
Male,0,Yes,72,Yes,No,DSL,Two year,108,No,2
Male,0,No,2,Yes,Yes,DSL,Two year,20,No,1
Female,0,No,35,Yes,Yes,Fiber optic,Two year,62,No,0
Male,0,Yes,71,Yes,No,DSL,Two year,105,No,2
Female,1,No,15,Yes,No,DSL,One year,95,No,3
Female,0,No,2,Yes,Yes,Fiber optic,Month-to-month,20,No,1
Female,0,No,26,Yes,Yes,DSL,One year,79,No,0
Female,1,Yes,3,Yes,No,DSL,One year,88,Yes,3
Male,1,No,49,Yes,No,DSL,Month-to-month,50,No,3
Male,0,Yes,27,Yes,No,DSL,Two year,76,No,0
Male,0,No,3,Yes,No,Fiber optic,Month-to-month,50,No,0
Female,0,Yes,45,No,No,DSL,Month-to-month,51,No,1
Male,0,No,37,Yes,No,DSL,Two year,104,No,2
Female,0,Yes,72,Yes,No,DSL,Month-to-month,117,No,2
Female,0,No,62,Yes,Yes,DSL,One year,92,No,2
Female,0,Yes,54,Yes,No,DSL,Month-to-month,60,No,2
Male,0,Yes,15,Yes,No,DSL,Month-to-month,102,No,0
Male,0,No,1,Yes,No,DSL,Month-to-month,20,Yes,1
Female,1,No,1,No,Yes,Fiber optic,Month-to-month,25,Yes,3
Male,0,No,72,No,No,DSL,Month-to-month,61,No,2
Female,0,No,30,Yes,No,DSL,One year,79,No,0
Female,0,No,40,Yes,Yes,Fiber optic,Two year,79,No,2
Female,0,Yes,71,Yes,Yes,Fiber optic,Month-to-month,71,No,2
Male,0,No,18,No,Yes,Fiber optic,Two year,34,Yes,1
Male,0,No,17,No,No,DSL,Two year,25,No,1
Female,0,No,40,Yes,Yes,Fiber optic,Month-to-month,20,No,1
Female,1,No,72,Yes,Yes,DSL,One year,111,No,3
Male,0,No,2,Yes,Yes,DSL,Two year,20,No,1
Male,0,No,53,Yes,Yes,DSL,Two year,24,No,1
Male,0,No,71,Yes,Yes,Fiber optic,Month-to-month,116,No,2
Female,0,No,20,Yes,No,DSL,Two year,97,No,0
Male,0,No,7,Yes,Yes,DSL,Two year,55,No,0
Female,0,No,15,Yes,Yes,Fiber optic,Month-to-month,84,No,0
Female,0,Yes,72,Yes,No,Fiber optic,Two year,24,No,1
Male,0,Yes,39,Yes,Yes,DSL,Two year,24,No,1
Female,0,No,45,Yes,No,DSL,Month-to-month,26,No,1
Female,0,No,5,Yes,Yes,Fiber optic,Month-to-month,84,No,0
Female,0,No,47,No,No,DSL,Month-to-month,40,No,1
Male,0,No,4,Yes,No,Fiber optic,Month-to-month,20,No,1
Male,0,No,47,Yes,Yes,Fiber optic,Month-to-month,101,No,2
Male,0,Yes,33,Yes,No,Fiber optic,Month-to-month,95,No,2
Female,0,Yes,15,Yes,No,DSL,Two year,25,No,1
Male,0,No,66,Yes,Yes,Fiber optic,Month-to-month,89,No,2
Female,0,No,6,Yes,No,DSL,Month-to-month,90,Yes,0
Female,0,No,17,Yes,Yes,Fiber optic,Month-to-month,20,No,1
Female,0,Yes,41,Yes,No,DSL,Two year,95,No,2
Female,0,Yes,56,Yes,No,DSL,Month-to-month,100,No,2
Female,0,No,28,Yes,No,DSL,Two year,55,No,0
Female,0,Yes,72,No,No,DSL,Month-to-month,54,No,2
Male,0,No,1,Yes,No,DSL,One year,50,No,0
Female,0,No,56,Yes,No,DSL,Month-to-month,107,No,2
Male,0,No,70,Yes,Yes,Fiber optic,Month-to-month,79,No,2
Male,0,No,44,Yes,No,Fiber optic,Month-to-month,91,No,2
Male,0,No,2,Yes,Yes,Fiber optic,Month-to-month,44,Yes,0
Male,0,Yes,58,Yes,No,DSL,Month-to-month,72,No,2
Female,0,No,48,Yes,No,DSL,Two year,83,No,2
Male,0,No,11,Yes,Yes,Fiber optic,Two year,85,No,0
Male,0,No,72,Yes,Yes,DSL,Two year,116,No,2
Male,0,No,72,No,No,DSL,One year,42,No,2
Female,0,No,26,Yes,Yes,Fiber optic,One year,86,No,0
Male,0,No,52,No,No,Fiber optic,Month-to-month,40,No,1
Female,0,Yes,52,Yes,No,DSL,Two year,20,No,1
Male,0,No,27,Yes,No,Fiber optic,Month-to-month,53,No,0
Male,0,No,1,Yes,Yes,Fiber optic,Two year,79,Yes,0
Male,0,No,45,Yes,Yes,Fiber optic,One year,81,No,2
Female,0,No,61,Yes,Yes,Fiber optic,Two year,89,No,2
Female,0,No,2,Yes,Yes,Fiber optic,Month-to-month,80,No,0
Female,0,Yes,11,Yes,No,DSL,Two year,66,Yes,0
Female,0,No,21,Yes,Yes,Fiber optic,Month-to-month,60,No,0
Female,1,No,1,Yes,No,Fiber optic,Month-to-month,71,Yes,3
Female,1,No,6,Yes,No,DSL,Month-to-month,98,Yes,3
Male,0,No,71,Yes,Yes,Fiber optic,Month-to-month,74,No,2
Female,0,Yes,72,Yes,No,DSL,Month-to-month,71,No,2
Male,1,No,67,Yes,No,Fiber optic,Month-to-month,61,No,3
Female,0,Yes,21,Yes,Yes,DSL,Month-to-month,59,No,0
Male,0,No,72,Yes,Yes,Fiber optic,Month-to-month,20,No,1
Male,0,Yes,33,Yes,Yes,Fiber optic,One year,20,No,1
Female,0,No,3,Yes,Yes,DSL,Two year,95,Yes,0
Male,0,No,31,Yes,No,DSL,Month-to-month,94,Yes,0
Male,1,No,55,No,No,DSL,Month-to-month,50,No,3
Male,0,Yes,1,Yes,No,DSL,One year,74,Yes,0
Female,0,No,10,Yes,Yes,Fiber optic,Month-to-month,19,No,1
Male,0,No,1,Yes,No,DSL,Month-to-month,20,No,1
Male,1,No,14,Yes,No,DSL,Two year,96,No,3
Female,0,Yes,66,Yes,Yes,DSL,One year,74,No,2
Female,0,Yes,72,Yes,Yes,Fiber optic,Month-to-month,106,No,2
Female,0,Yes,11,No,Yes,DSL,Month-to-month,30,No,1
Male,0,No,32,Yes,Yes,Fiber optic,Month-to-month,93,No,0
Male,1,No,7,Yes,No,DSL,One year,102,Yes,3
Male,0,Yes,31,No,Yes,DSL,Two year,60,No,1
Female,0,No,61,No,No,Fiber optic,Month-to-month,44,No,1
Female,1,No,1,Yes,No,Fiber optic,Month-to-month,70,Yes,3
Female,1,No,71,Yes,Yes,Fiber optic,Two year,104,No,3
Male,0,No,1,Yes,Yes,Fiber optic,Month-to-month,71,Yes,0
Male,0,No,3,Yes,No,DSL,Two year,91,No,0
Male,0,No,4,Yes,Yes,Fiber optic,One year,78,Yes,0
Male,1,No,27,Yes,No,Fiber optic,Month-to-month,86,No,3
Female,0,No,3,Yes,Yes,DSL,Two year,95,No,0
Male,0,No,1,Yes,Yes,Fiber optic,Two year,20,No,1
Male,0,Yes,72,Yes,No,DSL,Two year,90,No,2
Female,0,Yes,61,No,No,Fiber optic,One year,51,No,2
Male,0,Yes,68,Yes,Yes,DSL,Month-to-month,110,No,2
Female,0,No,2,Yes,No,Fiber optic,Month-to-month,21,No,1
Female,0,No,9,Yes,No,DSL,Month-to-month,20,No,1
Male,0,No,31,Yes,No,Fiber optic,Month-to-month,20,No,1
Female,0,No,3,Yes,Yes,Fiber optic,Month-to-month,74,Yes,0
Male,0,Yes,35,Yes,No,DSL,Month-to-month,110,No,2
Female,0,No,15,Yes,No,DSL,Month-to-month,20,No,1
Female,1,No,1,Yes,No,DSL,Two year,89,Yes,3
Male,0,No,42,Yes,No,DSL,Month-to-month,106,Yes,2
Female,0,No,1,Yes,Yes,DSL,Month-to-month,45,Yes,0
Female,0,Yes,71,Yes,Yes,DSL,Two year,96,No,2
Female,0,Yes,50,Yes,Yes,Fiber optic,Month-to-month,20,No,1
Female,0,Yes,55,Yes,No,Fiber optic,Month-to-month,26,No,1
Female,0,No,47,Yes,No,DSL,Month-to-month,74,No,2
Male,0,No,27,Yes,No,DSL,Two year,20,No,1
Female,0,No,25,Yes,No,Fiber optic,Month-to-month,20,No,1
Female,0,No,36,Yes,Yes,Fiber optic,Month-to-month,99,Yes,2
Male,0,Yes,9,Yes,No,DSL,One year,90,No,0
Female,1,No,45,Yes,Yes,DSL,Month-to-month,102,No,3
Male,0,No,63,Yes,No,DSL,Two year,80,No,2
Female,0,Yes,8,Yes,Yes,DSL,Two year,69,No,0
Male,0,No,72,No,No,DSL,Month-to-month,66,No,2
Male,0,Yes,17,Yes,No,DSL,Two year,81,Yes,0
Female,1,No,51,Yes,No,DSL,Month-to-month,78,Yes,3
Female,0,No,8,Yes,Yes,Fiber optic,One year,21,No,1
Female,0,No,3,Yes,Yes,Fiber optic,One year,20,Yes,1
Female,0,Yes,71,Yes,No,Fiber optic,One year,24,No,1
Male,1,No,65,Yes,No,DSL,Two year,93,No,3
Male,0,Yes,72,Yes,Yes,Fiber optic,Two year,108,No,2
Male,0,Yes,72,No,No,DSL,Month-to-month,65,No,2
Male,0,No,69,Yes,Yes,Fiber optic,Month-to-month,110,No,2
Male,0,No,62,No,Yes,Fiber optic,One year,44,No,1
Female,1,No,54,Yes,Yes,Fiber optic,Month-to-month,116,No,3
Female,0,Yes,3,Yes,No,DSL,One year,19,No,1
Male,0,No,23,Yes,Yes,Fiber optic,Month-to-month,60,No,0
Male,0,No,35,Yes,No,DSL,Month-to-month,21,No,1
Female,0,No,52,Yes,No,DSL,Two year,50,No,1
Female,0,No,2,Yes,No,DSL,One year,91,No,0
Male,0,Yes,64,Yes,No,Fiber optic,Month-to-month,20,No,1
Male,0,No,1,No,No,DSL,One year,24,No,1
Male,0,Yes,60,Yes,Yes,Fiber optic,Month-to-month,74,No,2
Male,0,No,3,No,No,DSL,Two year,35,Yes,1
Female,0,No,72,Yes,No,DSL,Two year,105,No,2
Male,0,No,3,Yes,Yes,DSL,Month-to-month,86,No,0
Female,0,No,34,Yes,Yes,Fiber optic,Month-to-month,25,No,1
Male,0,No,43,Yes,Yes,Fiber optic,One year,75,No,2
Female,1,No,66,Yes,Yes,Fiber optic,Two year,103,No,3
Male,0,Yes,10,Yes,Yes,Fiber optic,Month-to-month,25,No,1
Male,0,No,35,Yes,No,Fiber optic,Month-to-month,102,Yes,2
Female,0,No,1,Yes,Yes,Fiber optic,Month-to-month,20,No,1
Male,0,No,29,Yes,Yes,Fiber optic,Two year,49,No,1
Female,0,Yes,50,Yes,No,Fiber optic,Month-to-month,70,No,2
Female,0,No,1,Yes,No,DSL,One year,75,Yes,0
Male,0,No,23,Yes,No,DSL,Month-to-month,65,No,0
Male,0,Yes,13,Yes,No,DSL,Two year,74,Yes,0
Female,0,No,68,Yes,No,DSL,Month-to-month,54,No,2
Female,0,No,15,Yes,Yes,DSL,One year,20,No,1
Male,0,No,44,Yes,No,DSL,Two year,71,No,2
Female,0,No,40,Yes,Yes,DSL,Two year,84,No,2
Female,0,No,48,Yes,No,DSL,Month-to-month,24,No,1
Male,0,No,1,Yes,Yes,Fiber optic,Month-to-month,76,No,0
Female,0,No,53,No,No,DSL,Month-to-month,54,No,1
Female,0,No,19,Yes,No,DSL,One year,45,No,1
Female,0,No,1,Yes,No,DSL,Month-to-month,44,No,0
Male,0,No,39,Yes,Yes,DSL,Month-to-month,82,No,2
Male,0,Yes,43,Yes,No,DSL,One year,104,No,2
Female,0,Yes,4,Yes,Yes,DSL,Two year,87,Yes,0
Male,0,No,71,Yes,No,Fiber optic,Month-to-month,81,No,2
Female,0,No,47,Yes,No,Fiber optic,Month-to-month,85,Yes,2
Male,0,Yes,29,Yes,Yes,Fiber optic,Month-to-month,71,Yes,0
Female,0,No,58,No,No,DSL,Month-to-month,45,No,1
Female,0,No,15,Yes,No,DSL,One year,49,Yes,0
Female,0,No,72,Yes,No,Fiber optic,One year,84,No,2
Female,1,No,43,No,No,DSL,Month-to-month,56,Yes,3
Female,1,No,25,Yes,No,DSL,Month-to-month,98,Yes,3
Female,0,No,2,Yes,Yes,Fiber optic,Two year,20,No,1
Female,0,No,5,Yes,Yes,DSL,Month-to-month,44,No,0
Male,0,Yes,15,Yes,No,DSL,Month-to-month,60,No,0
Male,0,Yes,11,Yes,Yes,DSL,Two year,20,No,1
Female,0,Yes,37,Yes,No,DSL,Two year,26,No,1
Female,0,No,11,Yes,No,DSL,Two year,101,Yes,0
Female,0,Yes,17,Yes,Yes,DSL,Month-to-month,75,No,0
Female,1,No,62,Yes,No,Fiber optic,Month-to-month,98,No,3
Male,0,No,27,Yes,No,DSL,Two year,49,No,1
Female,0,No,25,Yes,No,DSL,Month-to-month,20,No,1
Male,0,No,50,Yes,No,DSL,One year,20,No,1
Male,0,Yes,69,Yes,No,DSL,Month-to-month,99,Yes,2
Female,0,No,28,Yes,No,DSL,Two year,26,No,1
Male,0,Yes,35,Yes,Yes,Fiber optic,Month-to-month,20,No,1
Male,0,No,29,Yes,No,DSL,One year,19,No,1
Male,1,No,65,Yes,Yes,Fiber optic,Month-to-month,103,No,3
Male,0,Yes,35,Yes,Yes,Fiber optic,One year,20,No,1
Male,0,Yes,51,Yes,Yes,Fiber optic,Month-to-month,20,No,1
Female,0,No,4,Yes,No,DSL,Month-to-month,46,Yes,0
Male,0,Yes,65,Yes,No,DSL,Month-to-month,84,No,2
Male,0,No,23,Yes,No,DSL,Month-to-month,100,No,0
Male,1,Yes,38,Yes,Yes,Fiber optic,Month-to-month,80,No,3
Male,1,No,43,Yes,Yes,Fiber optic,Month-to-month,85,No,3
Female,0,Yes,12,Yes,Yes,Fiber optic,One year,25,No,1
Female,0,No,65,Yes,No,DSL,Two year,100,No,2
Female,1,Yes,14,Yes,Yes,Fiber optic,One year,96,No,3
Male,0,No,20,Yes,No,DSL,Month-to-month,85,Yes,0
Female,0,Yes,56,Yes,No,Fiber optic,Month-to-month,61,No,2
Male,0,No,42,No,Yes,DSL,Two year,25,No,1
Male,0,No,11,Yes,No,Fiber optic,Two year,73,No,0
Male,0,No,2,Yes,No,Fiber optic,Two year,82,Yes,0
Female,0,Yes,3,Yes,Yes,Fiber optic,Month-to-month,20,No,1
Male,0,No,1,Yes,No,DSL,Two year,69,Yes,0
Male,0,No,11,Yes,No,DSL,Month-to-month,20,No,1
Male,0,No,3,Yes,No,DSL,Month-to-month,65,No,0
Female,0,No,1,Yes,Yes,DSL,One year,20,No,1
Male,0,Yes,68,Yes,No,DSL,One year,20,No,1
Male,0,Yes,53,Yes,No,DSL,Month-to-month,20,No,1
Female,1,No,60,Yes,No,DSL,Month-to-month,101,No,3
Female,0,No,66,Yes,Yes,Fiber optic,Month-to-month,89,No,2
Female,0,No,28,Yes,No,DSL,Month-to-month,59,No,0
Female,1,No,5,Yes,No,DSL,Month-to-month,70,No,3
Male,1,No,24,No,No,DSL,Month-to-month,39,Yes,3
Female,0,Yes,45,Yes,Yes,Fiber optic,One year,54,Yes,1
Female,0,Yes,6,Yes,No,DSL,Month-to-month,94,No,0
Male,1,No,64,Yes,No,DSL,Month-to-month,80,No,3
Male,0,Yes,58,Yes,No,DSL,One year,93,No,2
Female,1,No,5,Yes,No,DSL,Month-to-month,83,Yes,3
Male,0,No,31,Yes,No,Fiber optic,Two year,59,No,0
Female,0,No,35,Yes,No,Fiber optic,Month-to-month,100,Yes,2
Male,0,Yes,5,Yes,Yes,DSL,Month-to-month,20,No,1
Male,0,No,16,Yes,No,Fiber optic,Month-to-month,70,No,0
Female,1,No,72,Yes,Yes,Fiber optic,One year,106,No,3
Female,0,Yes,60,Yes,Yes,Fiber optic,Month-to-month,94,No,2
Male,0,Yes,67,Yes,No,DSL,One year,26,No,1
Female,0,Yes,72,Yes,No,DSL,Month-to-month,90,No,2
Female,0,No,50,Yes,Yes,Fiber optic,Month-to-month,20,No,1
Male,0,No,10,Yes,No,DSL,Month-to-month,24,No,1
Female,0,Yes,4,Yes,Yes,DSL,Two year,98,Yes,0
Female,1,No,4,Yes,No,DSL,Month-to-month,75,Yes,3
Male,1,No,23,Yes,No,DSL,Month-to-month,87,No,3
Male,1,No,6,Yes,Yes,DSL,One year,80,No,3
Male,0,No,12,Yes,No,Fiber optic,Month-to-month,75,No,0
Female,0,No,10,Yes,No,DSL,Month-to-month,21,No,1
Male,0,No,12,Yes,No,Fiber optic,One year,85,No,0
Male,0,Yes,22,Yes,Yes,Fiber optic,Month-to-month,68,Yes,0
Female,0,No,47,Yes,No,DSL,One year,75,No,2
Female,0,No,24,Yes,No,DSL,Month-to-month,99,Yes,0
Female,0,No,34,Yes,Yes,DSL,Two year,64,Yes,0
Male,1,No,9,Yes,Yes,Fiber optic,Month-to-month,21,No,3
Male,0,Yes,28,Yes,No,Fiber optic,Month-to-month,75,Yes,0
Female,0,Yes,69,Yes,Yes,Fiber optic,Two year,64,No,2
Female,0,No,39,No,No,DSL,One year,51,No,1
Female,1,No,27,Yes,Yes,DSL,Two year,110,No,3
Female,0,Yes,2,Yes,Yes,Fiber optic,One year,20,No,1
Female,0,No,1,Yes,Yes,Fiber optic,Month-to-month,19,No,1
Male,0,No,65,Yes,Yes,Fiber optic,Two year,90,Yes,2
Female,0,No,28,Yes,No,DSL,Two year,54,No,0
Male,0,No,12,Yes,No,DSL,Month-to-month,84,Yes,0
Female,1,No,1,Yes,Yes,Fiber optic,Month-to-month,70,Yes,3
Male,0,Yes,27,Yes,No,DSL,Month-to-month,80,Yes,0
Male,0,Yes,66,Yes,Yes,Fiber optic,Month-to-month,25,No,1
Female,0,No,72,Yes,Yes,Fiber optic,Month-to-month,60,No,2
Male,1,Yes,58,Yes,Yes,Fiber optic,Month-to-month,90,No,3
Male,0,No,7,Yes,No,Fiber optic,Month-to-month,100,Yes,0
Female,0,Yes,17,Yes,No,DSL,One year,94,Yes,0
Female,0,Yes,70,Yes,No,DSL,Month-to-month,25,No,1
Male,0,No,1,Yes,Yes,Fiber optic,One year,46,No,0
Female,0,No,64,Yes,Yes,Fiber optic,Month-to-month,25,No,1
Female,0,No,55,Yes,No,DSL,Two year,78,No,2
Male,1,No,51,Yes,No,DSL,One year,80,No,3
Female,0,No,5,Yes,No,DSL,Two year,85,Yes,0
Female,0,No,43,Yes,Yes,DSL,Two year,115,No,2
Male,1,No,53,Yes,No,DSL,One year,102,Yes,3
Male,0,Yes,63,Yes,No,Fiber optic,Month-to-month,20,No,1
Male,0,No,27,Yes,No,DSL,Month-to-month,20,No,1
Female,1,No,22,Yes,Yes,Fiber optic,One year,70,No,3
Male,1,No,6,Yes,No,DSL,Two year,85,Yes,3
Male,0,Yes,31,Yes,Yes,Fiber optic,One year,89,No,2
Male,0,Yes,64,Yes,Yes,DSL,Two year,81,No,2
Male,0,No,71,Yes,No,DSL,Two year,21,No,1
Male,0,No,68,No,No,Fiber optic,Month-to-month,54,No,2
Female,0,No,1,Yes,Yes,Fiber optic,Two year,54,No,0
Male,1,No,64,Yes,No,DSL,Two year,104,No,3
Male,0,No,2,Yes,No,Fiber optic,Month-to-month,70,No,0
Male,0,Yes,1,Yes,No,DSL,Month-to-month,44,No,1
Male,0,Yes,28,Yes,Yes,DSL,One year,64,No,0
Male,0,No,2,Yes,Yes,Fiber optic,Month-to-month,20,No,1
Female,1,Yes,72,Yes,Yes,DSL,Month-to-month,90,No,3
Male,0,No,28,Yes,No,DSL,Two year,91,No,0
Female,0,Yes,55,Yes,No,DSL,Two year,101,No,2
Female,0,No,65,Yes,Yes,DSL,Month-to-month,71,No,2
Male,1,Yes,34,Yes,No,DSL,One year,109,No,3
Male,1,No,53,Yes,No,DSL,Month-to-month,60,Yes,3
Male,0,Yes,37,Yes,No,DSL,Two year,20,No,1
Female,0,Yes,15,Yes,No,Fiber optic,Month-to-month,86,Yes,0
Male,0,No,71,Yes,No,DSL,Two year,83,No,2
Male,0,No,7,Yes,Yes,Fiber optic,Month-to-month,74,No,0
Male,0,Yes,67,Yes,Yes,DSL,One year,111,No,2
Male,0,No,52,Yes,No,DSL,Two year,96,No,2
Female,0,Yes,69,Yes,No,DSL,One year,109,No,2
Male,0,Yes,24,Yes,Yes,DSL,One year,75,No,0
Female,0,No,7,Yes,Yes,Fiber optic,Month-to-month,78,No,0
Male,0,Yes,39,Yes,No,DSL,Month-to-month,25,No,1
Male,0,No,50,Yes,No,DSL,Two year,21,No,1
Male,0,No,71,Yes,No,DSL,Two year,99,No,2
Female,0,Yes,13,Yes,No,Fiber optic,Month-to-month,20,No,1
Female,0,No,1,Yes,No,DSL,Month-to-month,19,No,1
Male,0,No,29,Yes,No,DSL,Month-to-month,94,No,0
Female,1,No,27,Yes,No,DSL,Two year,84,No,3
Male,0,Yes,48,Yes,Yes,Fiber optic,Month-to-month,56,No,2
Male,0,No,6,Yes,No,Fiber optic,Month-to-month,91,Yes,0
Male,0,Yes,59,Yes,No,DSL,Month-to-month,77,No,2
Male,1,No,30,Yes,Yes,Fiber optic,Month-to-month,106,No,3
Female,0,No,32,Yes,No,DSL,One year,21,No,1
Male,0,No,3,Yes,No,DSL,Month-to-month,92,No,0
Male,0,Yes,5,Yes,Yes,Fiber optic,Month-to-month,56,No,0
Female,0,Yes,70,Yes,Yes,DSL,Two year,89,No,2
Male,0,No,1,Yes,No,DSL,Two year,70,No,0
Female,0,Yes,54,Yes,Yes,Fiber optic,One year,91,No,2
Male,0,Yes,72,Yes,Yes,DSL,One year,106,No,2
Male,0,Yes,66,Yes,No,DSL,Two year,66,No,2
Female,0,No,9,No,Yes,DSL,Month-to-month,58,Yes,0
Female,0,Yes,41,Yes,No,DSL,Two year,78,No,2
Female,1,No,71,Yes,No,DSL,Month-to-month,83,No,3
Male,0,No,72,Yes,Yes,DSL,Two year,111,No,2
Female,0,No,72,Yes,Yes,Fiber optic,Month-to-month,110,No,2
Male,1,No,12,Yes,No,Fiber optic,Month-to-month,84,Yes,3
Male,0,No,55,Yes,No,Fiber optic,Month-to-month,64,No,2
Male,0,No,72,Yes,No,DSL,Month-to-month,104,No,2
Female,1,No,65,Yes,No,DSL,Month-to-month,109,No,3
Female,0,Yes,6,Yes,Yes,Fiber optic,Two year,80,Yes,0
Female,0,No,4,Yes,No,Fiber optic,Month-to-month,71,Yes,0
Male,0,No,62,Yes,No,DSL,One year,102,Yes,2
Male,0,Yes,67,Yes,No,Fiber optic,Month-to-month,25,No,1
Male,0,No,8,Yes,No,Fiber optic,Month-to-month,94,Yes,0
Male,0,No,72,Yes,Yes,Fiber optic,Two year,21,No,1
Female,1,No,66,No,Yes,Fiber optic,Month-to-month,46,No,3
Male,0,No,10,Yes,Yes,DSL,Two year,72,Yes,0
Female,1,No,43,Yes,Yes,Fiber optic,Month-to-month,110,Yes,3
Female,0,Yes,22,Yes,No,DSL,Two year,61,Yes,0
Male,0,No,12,Yes,Yes,Fiber optic,Month-to-month,81,No,0
Male,0,No,10,Yes,No,DSL,One year,46,No,0
Male,0,No,27,Yes,Yes,Fiber optic,Month-to-month,49,No,1
Female,0,Yes,8,Yes,No,Fiber optic,Month-to-month,20,No,1
Female,0,Yes,12,Yes,Yes,Fiber optic,Month-to-month,20,No,1
Male,0,No,71,No,No,Fiber optic,Month-to-month,54,No,2
Male,0,Yes,50,Yes,No,DSL,One year,106,Yes,2
Female,0,Yes,70,Yes,No,DSL,Month-to-month,108,No,2
Male,0,Yes,7,Yes,Yes,DSL,Two year,45,No,1
Male,1,Yes,46,Yes,Yes,DSL,Two year,101,Yes,3
Female,0,Yes,6,Yes,Yes,Fiber optic,Two year,49,No,0
Female,0,No,6,Yes,No,Fiber optic,Month-to-month,89,No,0
Female,0,No,47,Yes,No,DSL,Month-to-month,27,No,1
Male,0,No,36,Yes,No,Fiber optic,Month-to-month,94,No,2
Male,0,No,8,Yes,No,DSL,One year,95,Yes,0
Male,0,Yes,40,No,No,Fiber optic,Month-to-month,60,No,1
Male,0,No,61,Yes,No,Fiber optic,Month-to-month,104,No,2
Male,0,No,72,Yes,No,DSL,Month-to-month,98,No,2
Female,1,No,39,Yes,Yes,DSL,Month-to-month,99,No,3
Male,0,No,8,Yes,No,DSL,One year,20,No,1
Male,0,No,1,Yes,No,DSL,One year,89,Yes,0
Female,0,No,33,No,No,DSL,One year,60,No,1
Female,0,Yes,31,Yes,Yes,DSL,Two year,87,Yes,0
Female,0,No,9,Yes,No,DSL,Two year,89,Yes,0
Female,0,No,70,Yes,No,DSL,Two year,20,No,1
Male,0,Yes,55,Yes,No,Fiber optic,Month-to-month,20,No,1
Male,0,No,4,Yes,Yes,Fiber optic,Two year,19,No,1
Male,0,Yes,48,Yes,No,Fiber optic,Month-to-month,79,No,2
Male,0,Yes,61,Yes,No,DSL,Month-to-month,20,No,1
Female,1,No,2,Yes,No,Fiber optic,Month-to-month,69,No,3
Female,0,No,6,Yes,No,Fiber optic,One year,51,Yes,0
Male,0,No,3,No,No,DSL,Month-to-month,30,Yes,1
Male,0,No,22,No,No,Fiber optic,Month-to-month,44,Yes,1
Female,0,No,33,Yes,Yes,Fiber optic,Month-to-month,80,No,0
Male,0,No,12,Yes,No,DSL,One year,100,Yes,0
Female,1,No,72,Yes,Yes,DSL,Two year,115,No,3
Female,0,No,58,Yes,No,Fiber optic,Month-to-month,65,No,2
Male,0,No,59,Yes,Yes,Fiber optic,Month-to-month,86,Yes,2
Male,0,Yes,34,Yes,No,DSL,Two year,77,No,2
Male,0,Yes,52,Yes,No,DSL,One year,25,No,1
Male,0,No,10,Yes,No,DSL,Two year,46,Yes,0
Female,1,No,16,Yes,No,DSL,Month-to-month,59,Yes,3
Male,1,No,58,Yes,No,DSL,Two year,109,Yes,3
Male,0,No,10,Yes,No,DSL,Month-to-month,95,Yes,0
Male,0,No,3,Yes,No,DSL,Two year,90,No,0
Female,0,Yes,69,Yes,No,DSL,Two year,20,No,1
Female,0,No,13,No,Yes,Fiber optic,Month-to-month,31,No,1
Female,0,Yes,25,Yes,No,Fiber optic,Month-to-month,89,Yes,0
Male,1,No,1,Yes,No,Fiber optic,Month-to-month,20,Yes,3
Male,0,No,1,Yes,No,Fiber optic,Month-to-month,62,Yes,0
Male,0,No,68,Yes,No,Fiber optic,One year,102,No,2
Male,0,No,1,Yes,Yes,Fiber optic,Two year,91,Yes,0
Male,0,No,8,Yes,No,Fiber optic,Month-to-month,101,Yes,0
Female,0,No,1,No,No,Fiber optic,Two year,25,No,1
Female,0,No,46,Yes,No,DSL,One year,53,No,1
Male,0,No,45,Yes,Yes,DSL,Two year,104,No,2
Female,0,No,8,Yes,Yes,Fiber optic,Month-to-month,103,Yes,0
Male,0,No,5,Yes,Yes,Fiber optic,Two year,95,Yes,0
Male,0,No,22,Yes,Yes,DSL,Two year,93,No,0
Female,0,No,58,Yes,No,DSL,Month-to-month,95,No,2
Female,0,No,51,No,No,DSL,Two year,50,No,1
Male,0,No,39,No,Yes,Fiber optic,Month-to-month,49,Yes,1
Female,0,No,26,Yes,Yes,Fiber optic,One year,26,No,1
Male,0,No,53,Yes,Yes,Fiber optic,One year,85,Yes,2
Male,0,Yes,1,Yes,No,Fiber optic,Month-to-month,80,Yes,0
Female,0,No,1,No,No,DSL,Month-to-month,30,Yes,1
Male,0,Yes,18,Yes,Yes,Fiber optic,Two year,86,No,0
Male,0,No,46,Yes,No,DSL,Two year,20,No,1
Male,0,No,3,Yes,Yes,DSL,Two year,79,Yes,0
Female,0,Yes,12,Yes,No,DSL,Month-to-month,45,Yes,1
Male,0,No,14,No,No,Fiber optic,Month-to-month,55,No,0
Male,1,No,5,Yes,Yes,Fiber optic,Month-to-month,70,Yes,3
Male,0,Yes,28,Yes,No,Fiber optic,Month-to-month,100,No,2
Male,1,No,59,Yes,Yes,Fiber optic,Month-to-month,94,Yes,3
Male,0,No,10,Yes,No,DSL,One year,45,Yes,0
Female,0,No,21,Yes,No,DSL,Month-to-month,81,No,0
Female,1,No,5,No,No,DSL,One year,46,Yes,3
Female,0,Yes,10,Yes,No,DSL,Month-to-month,26,No,1
Male,1,No,5,Yes,Yes,Fiber optic,Month-to-month,71,No,3
Male,0,No,9,Yes,Yes,Fiber optic,Month-to-month,80,Yes,0
Female,0,No,11,Yes,Yes,Fiber optic,Month-to-month,98,Yes,0
Male,0,No,47,Yes,No,Fiber optic,Month-to-month,74,No,2
Male,0,No,3,No,Yes,Fiber optic,Month-to-month,41,No,1
Male,0,No,1,Yes,No,DSL,Month-to-month,76,Yes,0
Male,0,Yes,23,No,Yes,Fiber optic,Month-to-month,41,No,1
Female,1,No,16,Yes,Yes,Fiber optic,Month-to-month,94,Yes,3
Male,0,No,27,Yes,No,DSL,Month-to-month,82,No,0
Male,0,Yes,68,Yes,No,DSL,Month-to-month,26,No,1
Female,0,No,2,No,Yes,DSL,One year,51,No,0
Male,0,Yes,5,Yes,Yes,DSL,One year,20,No,1
Male,1,No,67,Yes,Yes,Fiber optic,Month-to-month,76,No,3
Female,0,No,52,Yes,No,DSL,Month-to-month,58,No,2
Male,0,No,29,Yes,Yes,Fiber optic,Two year,86,No,0
Female,0,No,1,Yes,No,Fiber optic,Month-to-month,70,No,0
Female,0,No,4,Yes,Yes,Fiber optic,Two year,70,Yes,0
Female,0,No,69,Yes,No,Fiber optic,Month-to-month,85,No,2
Female,0,No,16,No,Yes,DSL,Two year,39,No,1
Male,0,No,24,Yes,No,DSL,Two year,93,No,0
Female,0,No,42,Yes,No,Fiber optic,Month-to-month,104,No,2
Female,0,No,60,No,Yes,Fiber optic,Month-to-month,51,Yes,2
Male,0,Yes,10,Yes,No,DSL,Month-to-month,95,Yes,0
Female,0,No,9,Yes,Yes,DSL,Month-to-month,60,No,0
Female,0,No,24,Yes,No,DSL,Month-to-month,69,No,0
Male,0,No,18,Yes,No,Fiber optic,Month-to-month,20,No,1
Female,0,Yes,72,Yes,No,DSL,One year,116,No,2
Female,0,Yes,64,Yes,Yes,DSL,Two year,87,No,2
Male,0,No,2,Yes,No,DSL,Two year,19,No,1
Male,0,No,68,Yes,No,DSL,One year,91,No,2
Female,0,Yes,1,Yes,Yes,DSL,Two year,102,Yes,0
Female,0,No,59,Yes,Yes,DSL,One year,20,No,1
Male,0,No,50,Yes,Yes,Fiber optic,Two year,98,No,2
Female,0,Yes,72,Yes,No,Fiber optic,Two year,110,No,2
Female,0,No,57,Yes,No,DSL,Two year,95,No,2
Female,1,No,18,Yes,Yes,Fiber optic,Two year,20,No,3
Female,0,No,62,Yes,No,DSL,Month-to-month,115,No,2
Male,0,No,24,Yes,No,DSL,Month-to-month,20,No,1
Male,0,Yes,37,No,No,Fiber optic,Month-to-month,40,Yes,1
Female,0,Yes,5,Yes,No,DSL,Month-to-month,86,Yes,0
Female,0,No,3,Yes,No,DSL,One year,70,Yes,0
Male,0,No,29,Yes,No,DSL,Two year,75,No,0
Female,0,No,31,Yes,No,DSL,Month-to-month,49,No,1
Male,0,Yes,24,Yes,Yes,DSL,Month-to-month,21,No,1
Female,0,No,18,Yes,Yes,Fiber optic,Month-to-month,75,No,0
Female,0,Yes,17,Yes,No,Fiber optic,Month-to-month,92,Yes,0
Female,0,No,69,Yes,No,DSL,Month-to-month,67,No,2
Female,0,Yes,48,Yes,Yes,Fiber optic,Month-to-month,20,No,1
Male,0,Yes,54,Yes,No,DSL,Month-to-month,20,No,1
Female,0,No,13,Yes,No,DSL,One year,79,No,0
Female,1,Yes,22,Yes,Yes,Fiber optic,Month-to-month,85,No,3
Male,0,No,18,No,No,Fiber optic,Month-to-month,25,No,1
Female,0,No,16,Yes,No,DSL,Month-to-month,91,No,0
Male,0,No,5,Yes,Yes,Fiber optic,Month-to-month,81,Yes,0
Female,0,No,53,Yes,No,Fiber optic,Month-to-month,20,No,1
Male,1,No,44,Yes,No,DSL,One year,74,No,3
Male,0,No,44,Yes,Yes,DSL,Month-to-month,101,Yes,2
Female,0,No,70,Yes,Yes,Fiber optic,Month-to-month,90,No,2
Female,0,No,6,Yes,No,DSL,Two year,105,Yes,0
Female,0,No,33,Yes,Yes,DSL,Two year,51,No,1
Female,0,No,11,Yes,Yes,DSL,One year,20,No,1
Female,0,Yes,72,Yes,Yes,Fiber optic,Month-to-month,24,No,1
Female,0,No,9,Yes,No,DSL,Two year,80,No,0
Male,1,No,63,No,No,DSL,Month-to-month,36,No,3
Female,0,Yes,3,Yes,No,DSL,One year,21,No,1
Male,0,No,66,Yes,Yes,DSL,Two year,106,No,2
Female,0,No,66,No,No,DSL,Month-to-month,62,No,2
Female,0,No,1,Yes,No,DSL,One year,71,No,0
Female,0,No,30,Yes,No,DSL,Month-to-month,94,No,0
Male,0,No,13,Yes,No,DSL,Month-to-month,70,No,0
Female,0,Yes,72,Yes,Yes,DSL,Two year,80,No,2
Female,0,Yes,8,Yes,No,DSL,Month-to-month,56,No,0
Male,0,Yes,28,Yes,Yes,DSL,Two year,106,Yes,2
Female,0,No,65,Yes,Yes,Fiber optic,Month-to-month,105,No,2
Female,1,No,11,Yes,No,DSL,Month-to-month,83,No,3
Female,0,No,26,Yes,No,DSL,Month-to-month,19,No,1
Male,1,No,59,No,Yes,DSL,One year,50,No,3
Male,0,Yes,67,Yes,No,Fiber optic,Month-to-month,19,No,1
Female,0,No,71,Yes,No,Fiber optic,Month-to-month,20,No,1
Male,1,No,57,Yes,No,DSL,Two year,71,No,3
Female,0,No,71,No,Yes,Fiber optic,Two year,47,No,2
Male,0,No,57,Yes,Yes,Fiber optic,Month-to-month,21,No,1
Male,0,Yes,72,Yes,No,Fiber optic,Month-to-month,26,No,1
Male,0,No,1,Yes,No,DSL,One year,75,No,0
Male,1,No,15,Yes,No,DSL,One year,96,No,3
Female,0,No,4,Yes,Yes,Fiber optic,One year,80,No,0
Female,0,No,23,No,No,DSL,Two year,45,No,1
Male,1,No,71,Yes,Yes,Fiber optic,Two year,107,No,3
Female,0,Yes,45,Yes,No,DSL,Month-to-month,81,No,2
Male,0,No,64,Yes,No,DSL,Month-to-month,108,No,2
Male,0,No,20,Yes,No,DSL,Month-to-month,59,No,0
Female,0,No,31,Yes,No,DSL,Month-to-month,80,Yes,0
Male,1,No,3,Yes,No,DSL,One year,95,No,3
Male,0,No,20,Yes,Yes,Fiber optic,One year,21,No,1
Male,0,Yes,57,Yes,No,Fiber optic,Month-to-month,98,No,2
Male,1,No,8,No,No,DSL,Month-to-month,29,Yes,3
Male,0,Yes,33,Yes,No,DSL,Month-to-month,19,No,1
Female,0,Yes,67,No,No,Fiber optic,Month-to-month,54,No,2
Female,0,Yes,71,Yes,Yes,DSL,Two year,82,No,2
Male,0,No,59,Yes,Yes,DSL,Month-to-month,65,No,2
Male,0,No,1,Yes,Yes,Fiber optic,Two year,20,No,1
Female,0,No,57,Yes,Yes,Fiber optic,One year,75,No,2
Female,0,Yes,1,Yes,Yes,Fiber optic,Month-to-month,59,Yes,0
Male,0,No,9,Yes,Yes,DSL,Two year,99,No,0
Female,0,No,4,Yes,No,DSL,One year,20,No,1
Male,0,No,72,Yes,Yes,DSL,One year,89,No,2
Female,0,Yes,62,Yes,Yes,DSL,Two year,106,No,2
Female,0,No,5,Yes,No,DSL,One year,80,No,0
Male,0,No,22,Yes,Yes,Fiber optic,Month-to-month,95,No,0
Male,0,Yes,35,Yes,No,DSL,Month-to-month,25,No,1
Male,0,No,12,Yes,Yes,Fiber optic,Month-to-month,80,No,0
Female,0,Yes,28,Yes,No,Fiber optic,Month-to-month,20,No,1
Male,0,No,1,Yes,No,DSL,Month-to-month,20,No,1
Male,0,No,67,Yes,Yes,Fiber optic,Month-to-month,104,Yes,2
Male,0,Yes,72,Yes,No,Fiber optic,Month-to-month,98,No,2
Male,0,No,38,Yes,Yes,Fiber optic,One year,111,No,2
Male,0,No,14,Yes,No,DSL,Month-to-month,49,No,0
Male,0,No,47,Yes,No,DSL,Month-to-month,87,No,2
Male,0,Yes,63,Yes,Yes,DSL,Two year,25,No,1
Female,0,No,37,No,Yes,DSL,One year,29,Yes,1
Female,1,No,1,Yes,No,DSL,Two year,74,Yes,3
Female,0,No,37,Yes,Yes,DSL,Month-to-month,20,No,1
Male,0,No,9,No,Yes,Fiber optic,One year,41,Yes,1
Male,0,No,60,Yes,No,DSL,Month-to-month,60,No,2
Female,0,No,57,Yes,No,DSL,Two year,88,No,2
Female,0,Yes,41,Yes,Yes,Fiber optic,Month-to-month,45,No,1
Female,0,Yes,50,Yes,No,DSL,Month-to-month,71,No,2
Male,0,No,4,Yes,No,DSL,Month-to-month,51,No,0
Male,0,Yes,9,Yes,No,Fiber optic,Month-to-month,79,Yes,0
Male,0,No,36,Yes,Yes,DSL,One year,95,No,2
Female,1,No,2,No,Yes,DSL,One year,24,Yes,3
Male,0,Yes,65,Yes,No,DSL,One year,95,No,2
Female,0,No,36,Yes,Yes,Fiber optic,Month-to-month,86,No,2
Female,0,No,5,Yes,Yes,Fiber optic,Month-to-month,20,No,1
Male,1,No,71,Yes,Yes,Fiber optic,Month-to-month,108,No,3
Male,0,Yes,3,Yes,No,DSL,Two year,26,No,1
Female,0,No,55,Yes,No,DSL,Two year,20,No,1
Male,0,No,5,Yes,No,DSL,Month-to-month,47,Yes,0
Male,0,No,1,Yes,No,DSL,One year,54,Yes,0
Male,0,Yes,68,Yes,No,DSL,Month-to-month,80,No,2
Female,0,No,38,Yes,No,DSL,One year,84,Yes,2
Female,1,No,16,Yes,No,DSL,One year,54,No,3
Female,0,No,67,Yes,No,Fiber optic,Month-to-month,72,No,2
Male,0,No,72,Yes,No,DSL,Two year,117,No,2
Female,0,No,21,Yes,No,DSL,Month-to-month,69,No,0
Male,0,No,4,Yes,No,Fiber optic,Month-to-month,19,No,1
Female,0,No,3,No,No,DSL,One year,29,No,1
Male,0,Yes,69,Yes,Yes,Fiber optic,Month-to-month,99,No,2
Male,1,No,2,Yes,Yes,Fiber optic,Month-to-month,94,Yes,3
Male,0,Yes,70,Yes,No,DSL,Month-to-month,98,Yes,2
Female,0,Yes,1,Yes,No,DSL,Month-to-month,21,Yes,1
Male,0,No,2,Yes,Yes,Fiber optic,Month-to-month,20,No,1
Male,0,Yes,11,Yes,No,DSL,Month-to-month,91,No,0
Female,0,No,13,Yes,No,DSL,Two year,97,Yes,0
Male,0,Yes,60,Yes,Yes,Fiber optic,Two year,20,No,1
Male,1,No,20,Yes,No,Fiber optic,One year,74,Yes,3
Male,0,No,37,No,Yes,DSL,Two year,36,No,1
Male,0,No,30,Yes,No,DSL,Month-to-month,21,No,1
Male,0,Yes,60,Yes,Yes,Fiber optic,Two year,104,No,2
Female,0,No,35,Yes,Yes,Fiber optic,Two year,70,Yes,0
Male,1,No,50,Yes,Yes,Fiber optic,Month-to-month,96,Yes,3
Female,0,No,71,Yes,No,DSL,Month-to-month,96,No,2
Female,1,No,8,Yes,Yes,Fiber optic,Month-to-month,74,No,3
Female,0,No,38,Yes,No,Fiber optic,One year,24,No,1
Male,0,No,72,Yes,Yes,Fiber optic,One year,20,No,1
Female,1,No,42,Yes,No,DSL,One year,96,No,3
Female,0,Yes,57,Yes,Yes,Fiber optic,Month-to-month,95,No,2
Female,0,No,60,Yes,Yes,DSL,Two year,111,No,2
Male,0,Yes,71,Yes,No,DSL,Month-to-month,25,No,1
Male,0,No,11,Yes,No,DSL,One year,23,Yes,1
Male,0,No,40,Yes,No,Fiber optic,Month-to-month,51,No,1
Female,0,No,42,Yes,No,DSL,Two year,84,No,2
Female,0,No,1,Yes,No,DSL,Month-to-month,44,Yes,0
Male,0,Yes,47,Yes,No,DSL,Month-to-month,90,No,2
Male,0,Yes,50,Yes,No,DSL,Month-to-month,76,No,2
Male,0,Yes,10,No,No,DSL,Month-to-month,54,No,1
Male,0,No,72,Yes,Yes,Fiber optic,One year,85,No,2
Male,0,No,72,Yes,No,DSL,One year,99,No,2
Male,0,No,60,Yes,Yes,DSL,Two year,90,No,2
Female,0,No,3,Yes,No,Fiber optic,Month-to-month,75,Yes,0
Male,0,No,2,Yes,No,DSL,One year,80,Yes,0
Female,0,Yes,1,Yes,No,DSL,Month-to-month,80,Yes,0
Female,0,No,11,Yes,Yes,Fiber optic,Month-to-month,89,No,0
Female,0,Yes,49,Yes,No,Fiber optic,Month-to-month,98,No,2
Female,1,No,70,Yes,Yes,Fiber optic,One year,114,No,3
Female,1,No,2,Yes,No,DSL,Month-to-month,71,Yes,3
Male,1,No,16,Yes,No,DSL,Month-to-month,99,Yes,3
Male,0,No,10,Yes,No,Fiber optic,Month-to-month,100,Yes,0
Female,0,Yes,56,Yes,No,Fiber optic,Month-to-month,69,No,2
Female,0,No,48,Yes,No,DSL,Month-to-month,104,No,2
Male,1,No,72,Yes,Yes,DSL,Month-to-month,25,No,3
Female,0,No,1,Yes,No,DSL,Month-to-month,21,Yes,1
Female,0,No,29,Yes,No,Fiber optic,Month-to-month,20,No,1
Male,0,No,25,Yes,No,Fiber optic,Month-to-month,25,Yes,1
Female,0,No,68,Yes,No,Fiber optic,Month-to-month,54,No,2
Male,0,No,2,Yes,No,Fiber optic,Month-to-month,70,No,0
Female,0,Yes,42,Yes,No,DSL,Month-to-month,78,Yes,2
Female,0,Yes,6,Yes,No,DSL,Month-to-month,20,No,1
Male,0,No,18,Yes,No,Fiber optic,Month-to-month,101,No,0
Male,0,No,10,Yes,No,Fiber optic,One year,70,Yes,0
Male,0,No,72,Yes,Yes,DSL,Month-to-month,104,No,2
Male,0,Yes,63,Yes,No,Fiber optic,Month-to-month,105,No,2
Female,0,No,27,Yes,No,DSL,One year,78,No,0
Female,0,Yes,35,Yes,No,DSL,Month-to-month,25,No,1
Female,0,No,18,Yes,No,DSL,Month-to-month,90,Yes,0
Male,0,No,11,Yes,No,DSL,Month-to-month,74,Yes,0
Male,0,Yes,44,Yes,Yes,Fiber optic,Month-to-month,21,No,1
Female,0,Yes,19,Yes,No,DSL,Two year,61,No,0
Female,0,Yes,72,Yes,No,DSL,One year,93,No,2
Female,0,No,18,Yes,Yes,DSL,Month-to-month,50,No,0
Female,1,No,18,Yes,Yes,Fiber optic,Month-to-month,50,No,3
Female,0,No,71,No,No,Fiber optic,Month-to-month,61,No,2
Female,0,No,30,Yes,No,DSL,One year,55,No,0
Male,0,Yes,28,No,No,DSL,Month-to-month,60,No,1
Female,0,No,37,Yes,No,DSL,Two year,79,Yes,0
Male,0,Yes,18,Yes,No,DSL,One year,20,No,1
Female,0,Yes,31,Yes,No,DSL,One year,81,No,0
Male,0,No,5,Yes,Yes,Fiber optic,One year,56,No,0
Male,1,No,30,Yes,No,DSL,Two year,78,No,3
Female,0,No,49,Yes,No,Fiber optic,Month-to-month,72,No,2
Male,0,No,12,Yes,No,DSL,One year,45,Yes,0
Female,0,No,1,Yes,No,DSL,One year,78,Yes,0
Female,0,Yes,4,Yes,No,Fiber optic,Month-to-month,90,Yes,0
Male,0,No,3,Yes,Yes,DSL,Two year,21,Yes,1
Female,0,No,3,Yes,No,DSL,Two year,79,Yes,0
Male,0,No,37,Yes,No,Fiber optic,Month-to-month,66,No,0
Female,0,Yes,23,Yes,No,DSL,Two year,66,No,0
Female,0,No,23,Yes,No,DSL,Month-to-month,79,No,0
Female,1,No,45,Yes,Yes,DSL,Two year,100,No,3
Male,0,Yes,22,Yes,No,Fiber optic,Two year,20,No,1
Male,0,No,24,Yes,No,DSL,Month-to-month,100,No,0
Male,0,No,48,Yes,Yes,DSL,Two year,20,No,1
Male,0,Yes,3,Yes,No,DSL,Month-to-month,56,Yes,0
Female,1,No,8,Yes,No,DSL,Two year,87,No,3
Male,0,No,44,No,No,Fiber optic,Month-to-month,54,Yes,1
Female,0,No,56,Yes,No,DSL,Month-to-month,91,No,2
Male,0,No,1,Yes,No,DSL,Month-to-month,21,No,1
Male,0,Yes,53,Yes,No,DSL,Two year,93,No,2
Male,0,Yes,59,Yes,No,DSL,Month-to-month,19,No,1
Female,0,No,15,Yes,No,DSL,Two year,49,No,0
Female,1,No,49,Yes,No,DSL,Two year,90,No,3
Female,0,No,39,No,No,DSL,Month-to-month,56,Yes,1
Female,1,No,44,Yes,No,Fiber optic,Month-to-month,89,No,3
Male,0,No,3,Yes,No,DSL,One year,53,Yes,0
Male,1,No,16,Yes,No,DSL,One year,74,Yes,3
Male,0,No,5,Yes,Yes,Fiber optic,One year,66,No,0
Female,0,No,37,Yes,Yes,DSL,Two year,100,No,2
Female,0,No,9,Yes,Yes,Fiber optic,Month-to-month,51,No,0
Female,0,Yes,35,Yes,Yes,DSL,Two year,20,No,1
Female,0,No,7,Yes,No,DSL,Month-to-month,86,Yes,0
Female,0,No,1,Yes,Yes,DSL,Two year,20,Yes,1
Female,0,No,29,No,No,DSL,One year,25,Yes,1
Female,0,Yes,51,Yes,Yes,Fiber optic,Two year,95,No,2
Male,0,No,58,Yes,No,DSL,Month-to-month,70,No,2
Female,0,No,72,Yes,No,DSL,Month-to-month,108,No,2
Male,0,Yes,4,No,Yes,DSL,One year,39,No,1
Female,0,Yes,64,Yes,Yes,Fiber optic,Month-to-month,111,No,2
Male,1,No,68,Yes,No,DSL,One year,80,No,3
Female,1,Yes,62,Yes,No,DSL,One year,96,No,3
Male,0,Yes,37,Yes,No,Fiber optic,Month-to-month,93,No,2
Female,0,No,43,Yes,No,DSL,One year,20,No,1
Female,0,Yes,65,Yes,Yes,Fiber optic,One year,92,No,2
Male,0,No,1,Yes,Yes,Fiber optic,Month-to-month,61,No,0
Female,0,Yes,27,Yes,No,DSL,Month-to-month,66,No,0
Female,0,Yes,57,Yes,No,DSL,Month-to-month,20,No,1
Female,0,Yes,1,Yes,No,Fiber optic,One year,21,Yes,1
Male,0,Yes,43,No,Yes,DSL,Two year,40,No,1
Male,0,Yes,48,Yes,Yes,DSL,Two year,112,No,2
Male,0,Yes,41,Yes,No,DSL,Month-to-month,111,No,2
Female,0,No,68,Yes,No,DSL,Month-to-month,90,No,2
Female,0,No,15,Yes,No,DSL,Month-to-month,49,No,0
Female,1,No,8,Yes,Yes,DSL,Month-to-month,94,Yes,3
Female,1,No,3,No,No,DSL,Month-to-month,25,Yes,3
Female,1,No,55,Yes,No,DSL,Month-to-month,90,No,3
Female,0,No,1,Yes,No,DSL,Month-to-month,20,No,1
Male,1,No,16,Yes,Yes,Fiber optic,One year,72,Yes,3
Male,0,Yes,39,Yes,Yes,Fiber optic,Month-to-month,80,Yes,2
Female,0,No,10,Yes,No,DSL,Two year,95,Yes,0
Female,0,No,46,Yes,No,DSL,Month-to-month,109,No,2
Male,0,Yes,12,Yes,No,DSL,One year,56,No,0
Female,0,No,41,Yes,No,DSL,Month-to-month,21,No,1
Male,0,No,65,Yes,No,DSL,Two year,109,Yes,2
Female,0,No,21,Yes,No,DSL,One year,79,No,0
Female,1,No,4,Yes,Yes,DSL,Month-to-month,100,Yes,3
Female,1,No,72,Yes,No,DSL,Two year,90,No,3
Male,0,Yes,47,Yes,No,DSL,Two year,25,No,1
Male,0,No,43,Yes,No,DSL,Month-to-month,84,No,2
Female,0,Yes,72,Yes,Yes,Fiber optic,One year,113,No,2
Female,0,No,67,Yes,No,DSL,Month-to-month,111,No,2
Female,0,No,6,Yes,No,DSL,Two year,89,Yes,0
Female,0,No,60,Yes,No,DSL,Month-to-month,70,No,2
Male,1,No,40,Yes,Yes,DSL,Month-to-month,98,No,3
Female,0,Yes,66,Yes,No,Fiber optic,Month-to-month,91,No,2
Male,1,No,52,No,No,DSL,Month-to-month,49,Yes,3
Female,0,No,1,Yes,Yes,Fiber optic,Two year,94,Yes,0
Female,0,Yes,58,Yes,Yes,Fiber optic,Month-to-month,93,Yes,2
Female,0,Yes,72,No,No,DSL,Month-to-month,64,No,2
Male,1,No,35,Yes,No,DSL,One year,95,Yes,3
Female,0,No,72,Yes,Yes,Fiber optic,Month-to-month,20,No,1
Female,0,No,51,Yes,Yes,DSL,One year,69,No,2
Male,0,No,69,Yes,Yes,Fiber optic,Month-to-month,19,No,1
Male,0,No,69,Yes,No,Fiber optic,Month-to-month,100,No,2
Female,0,No,11,Yes,Yes,Fiber optic,One year,20,No,1
Male,0,Yes,1,No,No,DSL,One year,24,No,1
Male,1,No,3,Yes,No,Fiber optic,Month-to-month,105,Yes,3
Female,0,No,37,Yes,No,DSL,Month-to-month,99,Yes,2
Male,1,No,4,No,No,Fiber optic,Month-to-month,25,Yes,3
Male,1,No,67,Yes,No,Fiber optic,Month-to-month,95,No,3
Male,0,Yes,25,Yes,No,DSL,Two year,86,No,0
Male,0,No,72,Yes,Yes,Fiber optic,Month-to-month,92,No,2
Male,0,Yes,8,Yes,No,Fiber optic,Month-to-month,51,No,0
Female,0,No,10,Yes,No,Fiber optic,Month-to-month,80,Yes,0
Male,0,No,6,Yes,No,Fiber optic,Month-to-month,20,No,1
Male,1,Yes,52,Yes,No,DSL,Two year,81,No,3
Male,0,Yes,70,Yes,No,DSL,One year,25,No,1
Female,1,No,70,Yes,Yes,DSL,One year,92,No,3
Male,0,No,58,Yes,Yes,DSL,One year,25,No,1
Male,0,No,70,Yes,Yes,Fiber optic,Month-to-month,77,No,2
Female,0,Yes,72,Yes,Yes,Fiber optic,Month-to-month,20,No,1
Female,0,Yes,66,Yes,Yes,Fiber optic,Month-to-month,49,No,2
Female,0,Yes,16,No,No,Fiber optic,Month-to-month,36,No,1
Female,0,Yes,35,Yes,No,Fiber optic,Month-to-month,59,No,1
Female,1,No,65,Yes,No,DSL,Two year,95,No,3
Female,1,No,2,Yes,No,Fiber optic,Month-to-month,44,No,3
Female,0,No,30,Yes,No,DSL,One year,49,No,1
Male,0,No,14,Yes,Yes,DSL,Two year,90,Yes,0
Male,0,Yes,7,Yes,No,DSL,One year,20,No,1
Male,0,No,2,Yes,No,DSL,Two year,79,Yes,0
Male,0,No,66,Yes,No,Fiber optic,Two year,85,No,2
Male,0,No,3,Yes,Yes,Fiber optic,One year,21,No,1
Male,0,Yes,1,Yes,No,DSL,One year,20,Yes,1
Female,0,No,68,Yes,Yes,Fiber optic,Month-to-month,64,No,2
Female,0,No,10,Yes,No,DSL,Two year,86,Yes,0
Female,0,Yes,49,Yes,Yes,Fiber optic,Month-to-month,100,Yes,2
Female,0,No,23,Yes,Yes,Fiber optic,One year,20,No,1
Female,1,No,13,Yes,No,DSL,Two year,97,No,3
Male,0,Yes,65,Yes,Yes,Fiber optic,Month-to-month,20,No,1
Female,1,Yes,28,No,No,DSL,Month-to-month,36,No,3
Female,1,No,2,Yes,No,DSL,Month-to-month,90,Yes,3
Male,0,No,9,Yes,No,DSL,Month-to-month,76,No,0
Male,0,No,54,Yes,Yes,DSL,Month-to-month,110,No,2
Male,0,Yes,25,Yes,No,Fiber optic,Month-to-month,62,No,0
Female,0,Yes,19,Yes,Yes,DSL,Two year,20,No,1
Male,0,Yes,71,Yes,No,DSL,Month-to-month,85,No,2
Male,0,No,36,Yes,Yes,DSL,Two year,20,No,1
Male,0,No,16,Yes,No,DSL,Month-to-month,20,No,1
Female,0,No,25,Yes,Yes,Fiber optic,One year,25,Yes,1
Female,0,No,59,Yes,No,DSL,One year,81,No,2
Male,0,Yes,71,Yes,No,Fiber optic,Month-to-month,24,No,1
Female,1,No,46,Yes,Yes,Fiber optic,One year,95,Yes,3
Female,0,Yes,16,Yes,Yes,Fiber optic,Month-to-month,68,No,0
Female,0,Yes,49,Yes,Yes,Fiber optic,Two year,96,Yes,2
Male,0,Yes,24,Yes,Yes,Fiber optic,Month-to-month,85,No,0
Female,0,No,2,No,No,Fiber optic,Month-to-month,43,Yes,1
Female,0,Yes,58,Yes,Yes,DSL,Two year,67,No,2
Male,0,No,1,Yes,Yes,DSL,Two year,89,No,0
Female,1,No,45,Yes,No,DSL,One year,86,No,3
Male,0,No,1,Yes,No,Fiber optic,Month-to-month,50,Yes,0
Male,1,No,8,No,No,DSL,Month-to-month,43,No,3
Female,0,No,22,Yes,No,DSL,Month-to-month,90,Yes,0
Male,0,No,66,Yes,No,DSL,Month-to-month,116,No,2
Male,0,No,8,Yes,No,Fiber optic,One year,74,Yes,0
Male,0,Yes,72,Yes,Yes,Fiber optic,One year,106,No,2
Female,0,Yes,47,Yes,No,DSL,One year,64,No,2
Male,0,No,4,Yes,No,DSL,One year,72,Yes,0
Female,0,No,29,Yes,No,DSL,Month-to-month,79,Yes,0
Female,0,No,72,Yes,No,DSL,Month-to-month,116,No,2
Female,0,No,16,Yes,No,DSL,Month-to-month,85,Yes,0
Male,0,No,2,Yes,Yes,DSL,Two year,80,No,0
Female,0,No,1,Yes,Yes,Fiber optic,Month-to-month,20,Yes,1
Male,0,No,68,Yes,No,DSL,Month-to-month,71,No,2
Male,1,No,33,Yes,No,Fiber optic,Month-to-month,25,No,3
Female,0,Yes,61,Yes,Yes,Fiber optic,Month-to-month,19,Yes,1
Female,0,No,23,Yes,No,DSL,One year,79,Yes,0
Male,0,Yes,19,Yes,Yes,Fiber optic,One year,49,No,1
Male,0,Yes,13,No,No,Fiber optic,Month-to-month,41,No,1
Female,0,No,21,Yes,No,DSL,Month-to-month,86,Yes,0
Female,1,No,62,Yes,Yes,Fiber optic,Month-to-month,105,No,3
Female,0,No,29,Yes,No,DSL,Two year,25,No,1
Male,1,No,70,Yes,No,DSL,Month-to-month,105,No,3
Male,0,Yes,38,Yes,No,DSL,Two year,101,No,2
Female,1,No,31,Yes,Yes,Fiber optic,Month-to-month,74,Yes,3
Male,0,No,1,Yes,Yes,DSL,Month-to-month,70,Yes,0
Female,0,No,1,Yes,No,DSL,Two year,44,Yes,0
Male,0,Yes,71,Yes,Yes,Fiber optic,Month-to-month,66,No,2
Male,0,Yes,4,Yes,No,Fiber optic,Month-to-month,20,No,1
Female,0,No,2,Yes,Yes,DSL,Two year,81,Yes,0
Female,0,No,4,Yes,Yes,Fiber optic,Month-to-month,64,No,0
Female,0,No,69,Yes,No,DSL,Month-to-month,99,No,2
Male,0,No,64,Yes,No,DSL,One year,81,No,2
Male,0,No,60,Yes,No,DSL,One year,79,No,2
Female,1,No,1,Yes,Yes,Fiber optic,Month-to-month,70,Yes,3
Male,0,No,63,Yes,Yes,Fiber optic,One year,105,No,2
Male,0,No,35,Yes,Yes,Fiber optic,Month-to-month,19,No,1
Male,1,No,17,Yes,No,DSL,Two year,76,Yes,3
Female,0,No,63,Yes,Yes,Fiber optic,One year,97,No,2
Male,1,No,19,Yes,Yes,Fiber optic,Month-to-month,66,No,3
Male,0,No,21,Yes,No,DSL,Month-to-month,111,Yes,0
Female,1,Yes,57,Yes,No,DSL,Month-to-month,95,No,3
Male,0,No,8,Yes,Yes,Fiber optic,Month-to-month,50,No,0
Male,0,No,6,Yes,No,Fiber optic,Month-to-month,21,No,1
Female,0,No,66,No,No,DSL,One year,61,No,2
Female,0,Yes,63,Yes,Yes,Fiber optic,Two year,76,No,2
Male,0,Yes,28,Yes,Yes,DSL,Month-to-month,92,No,0
Female,0,No,23,Yes,No,DSL,Month-to-month,75,No,0
Female,0,No,29,Yes,No,DSL,Month-to-month,20,No,1
Male,1,No,18,Yes,No,DSL,Month-to-month,81,No,3
Male,0,No,53,No,No,Fiber optic,Month-to-month,46,No,1
Female,0,Yes,10,Yes,Yes,DSL,Month-to-month,70,No,0
Male,0,No,39,Yes,No,DSL,Month-to-month,50,No,1
Female,0,No,17,Yes,No,DSL,Two year,75,No,0
Male,0,Yes,37,Yes,Yes,Fiber optic,Month-to-month,91,No,2
Female,0,Yes,33,Yes,No,DSL,Two year,20,No,1
Female,0,Yes,19,Yes,No,Fiber optic,One year,89,No,0
Female,0,No,7,Yes,Yes,DSL,Two year,61,No,0
Female,0,Yes,9,Yes,Yes,Fiber optic,One year,73,Yes,0
Male,1,No,59,No,Yes,DSL,Month-to-month,64,No,3
Female,0,Yes,55,Yes,No,DSL,Month-to-month,104,No,2
Female,0,No,4,Yes,No,DSL,Month-to-month,94,Yes,0
Male,0,Yes,57,Yes,Yes,Fiber optic,Month-to-month,21,No,1
Female,0,No,68,Yes,Yes,Fiber optic,Month-to-month,115,No,2
Female,0,No,64,Yes,No,DSL,Month-to-month,74,No,2
Female,0,Yes,72,Yes,No,DSL,Two year,103,No,2
Female,1,No,8,Yes,No,DSL,Month-to-month,84,Yes,3
Male,0,No,72,Yes,Yes,DSL,Two year,116,No,2
Male,0,No,1,Yes,No,DSL,Two year,46,No,0
Male,0,Yes,69,Yes,No,DSL,Month-to-month,95,No,2
Female,0,No,56,Yes,Yes,Fiber optic,Month-to-month,80,No,2
Male,0,No,9,Yes,No,DSL,One year,65,No,0
Male,0,No,1,Yes,Yes,DSL,Two year,70,Yes,0
Female,0,No,59,Yes,Yes,Fiber optic,Month-to-month,80,No,2
Female,0,No,12,Yes,No,Fiber optic,Month-to-month,80,No,0
Male,0,Yes,4,Yes,Yes,Fiber optic,Month-to-month,85,Yes,0
Female,1,No,3,Yes,Yes,DSL,One year,70,Yes,3
Male,0,No,1,Yes,No,DSL,Month-to-month,51,No,0
Male,0,No,29,Yes,No,DSL,Month-to-month,99,No,0
Female,0,No,71,Yes,No,Fiber optic,Month-to-month,84,No,2
Female,0,Yes,23,Yes,No,DSL,One year,58,No,0
Male,0,Yes,6,Yes,No,DSL,Month-to-month,26,No,1
Female,0,Yes,37,Yes,No,DSL,One year,19,No,1
Male,0,No,24,Yes,Yes,Fiber optic,Two year,74,No,0
Female,0,No,49,Yes,Yes,DSL,One year,101,No,2
Female,0,No,11,Yes,Yes,Fiber optic,Month-to-month,96,Yes,0
Male,0,No,44,Yes,No,Fiber optic,One year,100,No,2
Female,0,No,11,Yes,Yes,DSL,Two year,25,No,1
Male,0,Yes,43,No,Yes,Fiber optic,One year,29,No,1
Female,0,No,1,Yes,Yes,DSL,Two year,51,Yes,0
Female,0,Yes,23,Yes,Yes,Fiber optic,Month-to-month,24,No,1
Female,1,No,25,Yes,No,DSL,Two year,70,No,3
Male,1,No,14,Yes,Yes,Fiber optic,Month-to-month,75,No,3
Female,0,No,10,Yes,No,DSL,Month-to-month,80,Yes,0
Male,0,Yes,27,Yes,No,DSL,One year,81,No,0
Male,0,No,3,Yes,Yes,Fiber optic,Month-to-month,105,Yes,0
Male,0,No,10,Yes,No,DSL,One year,26,No,1
Male,1,No,5,No,No,DSL,Two year,45,No,3
Male,0,Yes,48,Yes,No,DSL,Month-to-month,26,No,1
Female,1,No,7,Yes,Yes,Fiber optic,Two year,65,No,3
Female,0,No,44,No,No,DSL,Month-to-month,49,No,1
Female,0,No,2,Yes,Yes,Fiber optic,Month-to-month,76,Yes,0
Female,0,No,4,Yes,No,DSL,Two year,77,Yes,0
Male,0,No,37,Yes,No,Fiber optic,Month-to-month,99,Yes,2
Female,0,No,13,Yes,No,DSL,Two year,19,No,1
Female,0,No,39,Yes,Yes,Fiber optic,One year,59,No,0
Male,0,No,42,Yes,No,DSL,Month-to-month,56,No,1
Female,0,Yes,46,Yes,No,DSL,Month-to-month,105,Yes,2
Male,0,Yes,16,Yes,Yes,Fiber optic,Month-to-month,56,No,0
Male,0,Yes,54,No,No,Fiber optic,Two year,46,No,1
Male,0,No,33,Yes,Yes,DSL,Month-to-month,66,No,0
Female,0,No,22,No,Yes,Fiber optic,Two year,51,No,1
Male,0,No,35,Yes,No,DSL,Two year,89,No,0
Female,0,No,4,Yes,No,DSL,Month-to-month,21,Yes,1
Male,0,No,1,Yes,No,Fiber optic,Month-to-month,20,No,1
Male,0,No,36,Yes,No,Fiber optic,One year,21,No,1
Male,0,Yes,25,Yes,No,Fiber optic,Month-to-month,54,No,1
Female,0,No,3,Yes,Yes,Fiber optic,Month-to-month,71,No,0
Male,0,No,22,Yes,Yes,Fiber optic,Month-to-month,101,Yes,0
Female,0,Yes,16,Yes,No,DSL,One year,101,No,0
Female,1,No,50,Yes,No,Fiber optic,One year,107,No,3
Female,0,No,10,Yes,Yes,Fiber optic,Month-to-month,21,No,1
Female,0,No,25,Yes,Yes,DSL,Two year,74,Yes,0
Male,1,No,32,Yes,Yes,Fiber optic,One year,96,Yes,3
Female,0,Yes,63,Yes,No,DSL,One year,19,No,1
Male,0,Yes,5,Yes,No,Fiber optic,Month-to-month,49,No,0
Male,1,No,44,No,No,DSL,One year,30,Yes,3
Female,1,No,16,Yes,Yes,DSL,One year,96,Yes,3
Male,0,No,20,Yes,Yes,Fiber optic,Month-to-month,64,No,0
Female,0,No,30,Yes,Yes,Fiber optic,Two year,106,No,0
Female,0,No,55,Yes,Yes,DSL,Two year,45,No,1
Female,1,Yes,61,Yes,No,DSL,One year,65,No,3
Male,0,Yes,1,Yes,No,Fiber optic,Month-to-month,20,Yes,1
Female,0,No,54,Yes,No,Fiber optic,One year,94,No,2
Male,0,No,10,Yes,No,DSL,One year,70,Yes,0
Male,0,Yes,40,Yes,Yes,Fiber optic,One year,55,Yes,1
Female,0,Yes,51,Yes,Yes,Fiber optic,One year,79,No,2
Male,0,Yes,72,Yes,Yes,Fiber optic,One year,106,No,2
Male,0,No,64,Yes,No,DSL,Month-to-month,99,No,2
Male,0,No,72,Yes,Yes,Fiber optic,One year,26,No,1
Female,0,Yes,53,Yes,Yes,Fiber optic,One year,20,No,1
Male,0,No,3,No,No,Fiber optic,One year,25,Yes,1
Male,1,No,1,Yes,No,DSL,Month-to-month,70,No,3
Male,0,Yes,13,Yes,Yes,Fiber optic,One year,84,Yes,0
Female,0,No,39,No,No,DSL,Month-to-month,51,Yes,1
Female,0,No,9,Yes,No,Fiber optic,Month-to-month,78,Yes,0
Male,0,No,22,Yes,Yes,DSL,Two year,25,No,1
Male,1,No,54,Yes,No,DSL,Month-to-month,99,No,3
Male,0,No,29,No,No,Fiber optic,Month-to-month,36,No,1
Male,0,No,72,Yes,Yes,DSL,Two year,118,Yes,2
Male,0,No,72,Yes,No,Fiber optic,Month-to-month,80,No,2
Male,0,No,47,Yes,No,DSL,Month-to-month,110,Yes,2
Female,0,Yes,28,Yes,Yes,Fiber optic,Month-to-month,50,No,1
Male,0,No,3,No,Yes,Fiber optic,Month-to-month,30,No,1
Male,1,Yes,50,Yes,No,Fiber optic,Month-to-month,75,No,3
Male,0,No,1,Yes,No,DSL,Month-to-month,70,Yes,0
Male,0,No,2,Yes,Yes,DSL,Two year,95,Yes,0
Male,0,No,2,Yes,No,Fiber optic,Month-to-month,71,No,0
Female,0,No,70,Yes,No,DSL,Month-to-month,110,Yes,2
Male,0,No,51,Yes,No,Fiber optic,Month-to-month,87,No,2
Male,1,No,65,Yes,No,DSL,Month-to-month,104,No,3
Male,0,No,1,Yes,No,DSL,One year,91,Yes,0
Female,0,Yes,13,No,Yes,Fiber optic,Month-to-month,30,No,1
Female,0,No,10,Yes,Yes,Fiber optic,Month-to-month,98,Yes,0
Female,0,Yes,55,Yes,Yes,Fiber optic,Month-to-month,20,No,1
Female,0,No,7,Yes,No,DSL,One year,71,Yes,0
Male,0,No,3,Yes,Yes,Fiber optic,One year,19,No,1
Male,0,No,46,No,Yes,Fiber optic,Month-to-month,34,No,1
Male,0,No,56,Yes,Yes,DSL,One year,76,No,2
Female,0,Yes,61,Yes,No,DSL,Month-to-month,115,No,2
Male,0,Yes,52,Yes,No,DSL,Two year,93,No,2
Female,0,No,41,Yes,Yes,DSL,Month-to-month,70,Yes,2
Female,0,No,68,Yes,No,DSL,Month-to-month,26,No,1
Female,0,Yes,41,Yes,No,Fiber optic,Month-to-month,78,No,2
Male,0,Yes,50,Yes,No,Fiber optic,Month-to-month,70,No,2
Female,0,No,71,Yes,Yes,Fiber optic,Month-to-month,115,No,2
Male,0,No,22,Yes,Yes,Fiber optic,One year,83,No,0
Male,0,Yes,59,Yes,No,DSL,Two year,20,No,1
Male,0,Yes,6,Yes,Yes,DSL,Month-to-month,70,No,0
Female,0,Yes,33,Yes,Yes,DSL,One year,24,Yes,1
Female,0,Yes,17,Yes,No,DSL,Month-to-month,24,Yes,1
Male,0,Yes,49,Yes,No,DSL,One year,60,No,2
Male,0,No,72,Yes,No,DSL,Month-to-month,82,No,2
Male,1,No,17,Yes,No,DSL,Month-to-month,100,Yes,3
Male,0,Yes,15,Yes,Yes,Fiber optic,Month-to-month,65,No,0
Male,0,Yes,8,Yes,Yes,Fiber optic,Month-to-month,20,No,1
Male,0,No,22,Yes,No,Fiber optic,Month-to-month,65,No,0
Male,0,Yes,51,Yes,No,Fiber optic,Month-to-month,25,No,1
Female,0,No,43,Yes,No,Fiber optic,Month-to-month,92,No,2
Male,0,No,3,No,No,DSL,Month-to-month,25,No,1
Female,1,Yes,48,Yes,Yes,Fiber optic,One year,104,No,3
Female,0,Yes,34,Yes,Yes,DSL,Two year,61,No,0
Male,1,Yes,41,Yes,No,DSL,One year,112,Yes,3
Female,0,Yes,67,Yes,Yes,Fiber optic,One year,112,No,2
Female,0,Yes,19,Yes,No,DSL,Two year,76,No,0
Female,0,Yes,63,Yes,No,DSL,Month-to-month,100,No,2
Female,0,No,18,Yes,Yes,Fiber optic,Month-to-month,85,Yes,0
Female,0,No,1,Yes,No,DSL,Month-to-month,21,No,1
Female,0,No,11,Yes,Yes,Fiber optic,Two year,94,Yes,0
Male,0,No,30,Yes,No,DSL,Month-to-month,90,No,0
Male,0,No,23,Yes,Yes,Fiber optic,Month-to-month,75,Yes,0
Female,0,No,52,Yes,Yes,DSL,Two year,105,Yes,2
Male,0,Yes,13,Yes,Yes,DSL,One year,20,No,1
Male,0,Yes,54,Yes,No,DSL,Month-to-month,63,No,2
Male,0,No,1,Yes,Yes,Fiber optic,Two year,48,No,0
Female,0,Yes,68,Yes,No,DSL,Month-to-month,84,No,2
Male,0,No,3,Yes,No,DSL,Month-to-month,64,No,0
Male,0,Yes,1,Yes,No,Fiber optic,One year,68,Yes,0
Female,0,No,34,Yes,No,DSL,Month-to-month,63,Yes,0
Male,0,No,49,Yes,Yes,Fiber optic,Month-to-month,66,No,2
Female,0,Yes,23,Yes,No,DSL,Month-to-month,20,No,1
Male,0,Yes,71,Yes,No,DSL,One year,20,No,1
Female,0,Yes,46,Yes,No,DSL,One year,85,No,2
Male,0,Yes,50,Yes,Yes,Fiber optic,Two year,108,No,2
Male,0,No,1,No,Yes,Fiber optic,Month-to-month,45,Yes,0
Male,0,No,24,Yes,Yes,Fiber optic,Month-to-month,80,No,0
Male,0,Yes,68,Yes,No,DSL,Month-to-month,115,No,2
Female,0,No,31,Yes,Yes,Fiber optic,Month-to-month,21,No,1
Female,0,Yes,64,No,No,DSL,Month-to-month,50,No,2
Female,0,Yes,14,Yes,No,Fiber optic,Month-to-month,87,Yes,0
Male,0,No,59,No,Yes,DSL,Month-to-month,52,No,2
Male,0,Yes,72,Yes,No,DSL,One year,91,No,2
Female,0,Yes,4,Yes,No,DSL,Month-to-month,98,Yes,0
Female,0,No,32,Yes,No,DSL,One year,84,Yes,0
Male,1,No,48,Yes,No,Fiber optic,One year,91,No,3
Male,0,No,72,Yes,Yes,Fiber optic,Two year,110,No,2
Male,0,Yes,3,Yes,Yes,Fiber optic,Month-to-month,90,No,0
Female,0,Yes,72,Yes,No,DSL,One year,96,No,2
Male,0,No,18,Yes,No,Fiber optic,Two year,84,No,0
Male,1,No,72,No,No,DSL,Month-to-month,63,No,3
Female,1,No,32,Yes,No,Fiber optic,Two year,86,Yes,3
Female,1,No,13,Yes,No,DSL,Month-to-month,82,Yes,3
Female,0,Yes,7,No,No,DSL,One year,30,No,1
Female,0,Yes,6,Yes,Yes,Fiber optic,Two year,56,Yes,0
Female,0,No,4,Yes,Yes,Fiber optic,Month-to-month,55,No,0
Female,0,Yes,13,Yes,Yes,Fiber optic,Month-to-month,20,No,1
Male,0,No,64,Yes,Yes,DSL,Two year,104,No,2
Female,0,No,17,Yes,Yes,DSL,Two year,70,No,0
Female,0,Yes,40,No,Yes,Fiber optic,One year,51,No,1
Female,0,Yes,11,No,No,DSL,Two year,51,No,1
Male,0,No,5,Yes,No,Fiber optic,Month-to-month,20,No,1
Female,0,Yes,23,Yes,No,Fiber optic,Month-to-month,86,No,0
Male,0,No,68,Yes,Yes,Fiber optic,Two year,77,No,2
Female,0,No,1,Yes,Yes,DSL,Two year,79,No,0
Male,0,Yes,72,Yes,No,Fiber optic,Month-to-month,88,No,2
Female,0,No,57,No,Yes,Fiber optic,Month-to-month,41,No,1
Female,1,No,60,Yes,No,DSL,One year,116,No,3
Male,1,No,6,Yes,No,DSL,Month-to-month,45,No,3
Male,0,Yes,55,Yes,Yes,Fiber optic,One year,90,No,2
Female,1,No,72,Yes,No,DSL,Two year,110,No,3
Male,0,No,70,Yes,No,DSL,Month-to-month,68,No,2
Male,0,Yes,17,Yes,Yes,Fiber optic,Month-to-month,89,Yes,0
Male,0,No,9,Yes,Yes,Fiber optic,Month-to-month,60,No,0
Male,0,Yes,51,Yes,Yes,Fiber optic,Month-to-month,60,No,2
Female,0,Yes,67,Yes,Yes,Fiber optic,One year,70,No,2
Female,0,No,1,Yes,No,DSL,Month-to-month,76,Yes,0
Female,0,No,3,No,Yes,DSL,One year,25,Yes,1
Female,0,No,6,No,No,Fiber optic,Month-to-month,51,No,0
Female,0,Yes,10,Yes,No,Fiber optic,Month-to-month,66,No,0
Female,0,No,21,Yes,No,DSL,One year,86,No,0
Female,0,No,13,Yes,No,DSL,Two year,94,Yes,0
Male,0,No,51,Yes,No,DSL,Month-to-month,75,No,2
Male,0,No,25,Yes,No,Fiber optic,Month-to-month,21,No,1
Female,0,Yes,71,Yes,No,DSL,Month-to-month,20,No,1
Female,0,No,3,Yes,No,DSL,Month-to-month,75,No,0
Male,0,No,1,Yes,No,DSL,Month-to-month,80,Yes,0
Male,1,No,65,Yes,Yes,DSL,One year,99,No,3
Male,0,Yes,65,Yes,No,DSL,One year,72,Yes,2
Female,0,No,64,Yes,No,DSL,Month-to-month,24,No,1
Male,0,No,38,Yes,Yes,Fiber optic,Month-to-month,71,No,0
Female,0,No,56,Yes,No,DSL,Month-to-month,110,No,2
Female,0,Yes,72,Yes,No,DSL,Two year,20,No,1
Female,0,Yes,9,Yes,No,Fiber optic,Month-to-month,69,No,0
Female,0,No,38,Yes,No,DSL,One year,20,No,1
Male,0,Yes,44,Yes,No,Fiber optic,Month-to-month,55,No,1
Male,0,No,71,Yes,No,Fiber optic,One year,80,No,2
Female,0,No,57,Yes,No,DSL,Month-to-month,100,No,2
Female,0,No,43,No,Yes,Fiber optic,Month-to-month,49,Yes,1
Female,0,No,17,Yes,Yes,DSL,Month-to-month,20,No,1
Male,0,No,7,Yes,Yes,DSL,Month-to-month,87,Yes,0
Female,0,No,2,Yes,No,DSL,One year,80,Yes,0
Male,0,No,50,Yes,No,Fiber optic,Month-to-month,25,No,1
Female,0,No,72,Yes,No,DSL,Month-to-month,83,No,2
Female,0,Yes,13,Yes,No,Fiber optic,Month-to-month,89,No,0
Male,0,No,19,Yes,No,DSL,Month-to-month,70,No,0
Male,0,Yes,30,Yes,No,Fiber optic,Month-to-month,21,No,1
Female,0,No,58,Yes,No,DSL,Month-to-month,106,Yes,2
Male,0,Yes,7,Yes,No,Fiber optic,Month-to-month,21,No,1
Male,0,Yes,55,Yes,No,DSL,Month-to-month,20,No,1
Male,0,Yes,15,Yes,Yes,DSL,Month-to-month,20,No,1
Male,0,Yes,68,Yes,Yes,Fiber optic,Month-to-month,89,No,2
Female,0,No,54,Yes,No,DSL,Month-to-month,100,Yes,2
Female,0,No,25,No,Yes,DSL,Month-to-month,48,No,1
Female,0,No,1,Yes,No,DSL,Month-to-month,84,Yes,0
Male,0,No,72,Yes,No,DSL,Month-to-month,21,No,1
Male,0,No,63,Yes,No,DSL,Month-to-month,72,No,2
Male,0,Yes,42,Yes,Yes,Fiber optic,One year,20,No,1
Male,1,No,37,No,No,DSL,One year,37,No,3
Female,0,No,4,Yes,Yes,Fiber optic,Month-to-month,20,Yes,1
Male,0,No,13,Yes,Yes,Fiber optic,One year,19,No,1
Female,0,No,3,Yes,Yes,Fiber optic,Month-to-month,21,No,1
Female,0,No,1,Yes,No,Fiber optic,Two year,51,Yes,0
Female,0,No,68,Yes,Yes,Fiber optic,Month-to-month,90,No,2
Male,0,No,10,Yes,No,DSL,One year,60,No,0
Male,0,Yes,62,Yes,No,DSL,Two year,81,No,2
Male,0,No,49,Yes,Yes,Fiber optic,Month-to-month,20,No,1
Male,0,Yes,46,Yes,No,Fiber optic,One year,20,No,1
Male,0,No,52,No,No,DSL,Month-to-month,64,No,2
Female,0,Yes,26,Yes,Yes,DSL,Month-to-month,82,No,0
Female,0,Yes,8,Yes,No,DSL,Two year,20,No,1
Female,0,No,2,Yes,No,DSL,Month-to-month,76,Yes,0
Female,0,Yes,69,Yes,No,DSL,Month-to-month,20,No,1
Female,0,No,4,No,Yes,DSL,Two year,29,No,1
Male,0,No,11,Yes,No,Fiber optic,Month-to-month,76,No,0
Male,1,No,9,Yes,Yes,Fiber optic,Month-to-month,49,No,3
Female,0,No,29,Yes,No,DSL,Two year,69,Yes,0
Male,1,Yes,60,Yes,No,DSL,Month-to-month,93,No,3
Male,1,No,27,No,No,DSL,One year,31,Yes,3
Male,0,Yes,57,Yes,No,DSL,Month-to-month,20,No,1
Female,0,Yes,1,Yes,Yes,DSL,Two year,74,Yes,0
Female,0,No,1,Yes,No,DSL,Month-to-month,92,Yes,0
Female,0,No,37,Yes,No,DSL,Month-to-month,20,No,1
Male,1,Yes,72,No,Yes,Fiber optic,Month-to-month,65,No,3
Female,0,Yes,31,Yes,No,Fiber optic,Month-to-month,91,Yes,2
Female,0,No,52,Yes,Yes,Fiber optic,Two year,59,No,2
Female,1,No,48,Yes,Yes,DSL,Two year,59,No,3
Female,0,No,22,Yes,No,DSL,Month-to-month,89,Yes,0
Female,0,No,13,Yes,No,DSL,Month-to-month,75,Yes,0
Male,0,No,6,Yes,No,DSL,Month-to-month,80,No,0
Female,0,No,7,Yes,Yes,Fiber optic,One year,54,No,0
Female,0,Yes,71,Yes,Yes,Fiber optic,Month-to-month,109,No,2
Male,0,Yes,3,Yes,No,DSL,Two year,70,Yes,0
Male,0,Yes,48,Yes,Yes,Fiber optic,Month-to-month,64,No,2
Male,0,Yes,9,Yes,No,DSL,One year,55,No,0
Male,1,No,7,Yes,Yes,DSL,Two year,74,Yes,3
Female,0,Yes,18,No,No,DSL,Month-to-month,35,Yes,1
Male,1,No,11,Yes,No,Fiber optic,One year,60,No,3
Female,0,No,9,Yes,No,Fiber optic,Month-to-month,85,No,0
Male,1,No,10,Yes,Yes,Fiber optic,One year,79,Yes,3
Male,0,No,1,Yes,Yes,DSL,Two year,20,No,1
Female,1,No,26,Yes,Yes,DSL,Two year,85,Yes,3
Male,0,No,7,Yes,No,DSL,Two year,44,No,0
Female,0,No,46,Yes,No,DSL,Month-to-month,104,No,2
Male,0,Yes,27,Yes,No,DSL,Two year,26,No,1
Male,0,No,1,Yes,No,Fiber optic,Month-to-month,70,Yes,0
Female,1,No,40,No,No,DSL,Month-to-month,56,Yes,3
Male,0,Yes,49,Yes,No,DSL,Two year,75,Yes,2
Male,0,No,68,Yes,Yes,DSL,Two year,108,Yes,2
Female,0,Yes,18,Yes,No,DSL,Month-to-month,58,No,0
Female,1,No,28,Yes,Yes,Fiber optic,One year,106,Yes,3
Female,0,No,72,Yes,No,DSL,One year,101,No,2
Female,0,No,62,Yes,No,Fiber optic,One year,85,No,2
Female,0,Yes,34,Yes,No,DSL,Month-to-month,25,No,1
Female,0,No,46,Yes,No,Fiber optic,Month-to-month,56,No,2
Male,0,No,31,Yes,No,DSL,Month-to-month,82,No,0
Male,0,No,27,Yes,Yes,Fiber optic,Two year,100,No,0
Male,0,Yes,30,Yes,Yes,Fiber optic,Month-to-month,54,No,1
Male,0,Yes,11,Yes,No,Fiber optic,Two year,86,No,0
Female,1,No,46,Yes,No,DSL,One year,110,Yes,3
Female,0,No,44,Yes,Yes,Fiber optic,Month-to-month,50,No,1
Female,0,No,42,Yes,Yes,DSL,Month-to-month,68,No,2
Male,0,No,18,Yes,Yes,Fiber optic,Month-to-month,50,Yes,0
Female,0,No,50,Yes,Yes,DSL,One year,19,No,1
Female,0,Yes,7,Yes,Yes,Fiber optic,Month-to-month,51,No,0
Female,0,Yes,66,Yes,No,DSL,Month-to-month,90,No,2
Female,0,Yes,26,No,No,DSL,Month-to-month,46,No,1
Male,0,No,1,Yes,No,DSL,One year,69,Yes,0
Male,0,No,67,Yes,No,DSL,Month-to-month,93,No,2
Female,0,No,26,Yes,Yes,DSL,Month-to-month,100,No,0
Female,0,No,52,Yes,No,DSL,Month-to-month,95,No,2
Female,0,Yes,12,Yes,No,DSL,Month-to-month,77,No,0
Male,1,No,10,Yes,Yes,Fiber optic,Month-to-month,73,Yes,3
Female,0,No,1,Yes,No,Fiber optic,Month-to-month,44,No,0
Female,1,No,47,Yes,No,DSL,Two year,67,No,3
Male,0,No,57,Yes,Yes,Fiber optic,Month-to-month,90,No,2
Female,0,No,1,Yes,No,DSL,One year,71,Yes,0
Male,1,No,72,Yes,Yes,Fiber optic,Month-to-month,114,No,3
Female,1,No,45,No,No,Fiber optic,One year,34,No,3
Female,0,No,38,Yes,Yes,Fiber optic,Month-to-month,20,No,1
Male,0,Yes,1,Yes,No,Fiber optic,Month-to-month,90,No,0
Male,0,Yes,17,Yes,No,DSL,Month-to-month,81,No,0
Female,0,Yes,59,Yes,Yes,DSL,One year,76,No,2
Male,0,No,15,Yes,Yes,DSL,Month-to-month,101,Yes,0
Male,0,No,32,Yes,Yes,DSL,One year,73,No,0
Male,0,No,43,Yes,Yes,Fiber optic,Two year,20,No,1
Male,1,No,71,Yes,Yes,Fiber optic,Month-to-month,25,No,3
Female,0,No,54,Yes,No,DSL,Month-to-month,115,No,2
Female,0,No,5,Yes,Yes,Fiber optic,Month-to-month,81,Yes,0
Female,0,Yes,14,Yes,Yes,Fiber optic,Month-to-month,20,No,1
Female,0,Yes,62,Yes,No,DSL,One year,100,Yes,2
Female,1,Yes,72,Yes,No,DSL,Month-to-month,90,No,3
Male,0,No,42,Yes,Yes,DSL,Two year,108,No,2
Female,0,No,2,Yes,Yes,Fiber optic,Month-to-month,70,No,0
Female,1,No,72,Yes,No,DSL,One year,26,No,3
Female,0,Yes,30,Yes,Yes,DSL,One year,25,No,1
Male,0,No,40,Yes,Yes,DSL,Two year,97,Yes,2
Female,0,Yes,25,No,Yes,Fiber optic,Month-to-month,35,No,1
Male,0,No,65,Yes,No,DSL,Two year,67,No,2
Female,0,No,14,Yes,No,DSL,Two year,20,No,1
Female,0,Yes,35,Yes,Yes,DSL,Month-to-month,20,No,1
Female,0,No,30,Yes,No,DSL,One year,70,No,0
Female,0,Yes,30,Yes,Yes,DSL,One year,86,No,0
Male,0,No,64,Yes,No,DSL,One year,100,No,2
Male,0,Yes,71,Yes,No,Fiber optic,Month-to-month,90,No,2
Male,0,No,3,No,No,DSL,Two year,37,Yes,1
Male,0,No,8,Yes,No,Fiber optic,Month-to-month,75,No,0
Male,0,No,13,Yes,Yes,Fiber optic,Month-to-month,99,Yes,0
Female,0,No,48,Yes,No,DSL,Month-to-month,25,No,1
Male,0,No,26,Yes,Yes,Fiber optic,Month-to-month,85,No,0
Female,0,No,36,Yes,No,DSL,One year,76,No,0
Female,0,Yes,50,Yes,No,DSL,Month-to-month,70,No,2
Male,0,No,49,Yes,No,DSL,Month-to-month,55,No,2
Male,1,No,43,Yes,No,DSL,One year,101,No,3
Male,0,Yes,8,Yes,No,DSL,Month-to-month,19,No,1
Female,0,Yes,2,Yes,Yes,DSL,One year,61,No,0
Male,0,Yes,53,Yes,No,Fiber optic,Month-to-month,86,No,2
Female,0,No,64,Yes,Yes,Fiber optic,Month-to-month,97,No,2
Male,0,No,17,Yes,Yes,Fiber optic,Month-to-month,56,No,0
Male,0,No,53,Yes,Yes,DSL,One year,20,No,1
Male,0,No,1,Yes,No,DSL,Two year,51,No,0
Female,0,Yes,48,Yes,Yes,Fiber optic,Month-to-month,100,No,2
Female,0,Yes,8,No,No,Fiber optic,Month-to-month,38,No,1
Female,0,Yes,10,Yes,Yes,DSL,Two year,91,No,0
Male,0,No,40,Yes,No,DSL,Two year,81,No,2
Female,0,Yes,32,Yes,Yes,Fiber optic,Two year,74,No,0
Male,1,No,41,Yes,Yes,Fiber optic,Month-to-month,95,No,3
Female,0,No,25,Yes,No,DSL,One year,100,Yes,0
Male,0,Yes,22,Yes,Yes,DSL,Month-to-month,89,No,0
Female,0,No,72,Yes,No,DSL,Month-to-month,25,No,1
Male,0,No,24,Yes,Yes,DSL,One year,25,No,1
Male,0,No,24,Yes,No,Fiber optic,Month-to-month,60,No,0
Female,1,No,64,Yes,Yes,Fiber optic,Two year,75,No,3
Male,0,No,3,Yes,Yes,Fiber optic,Month-to-month,108,No,0
Male,0,No,1,Yes,No,DSL,Month-to-month,50,No,0
Male,1,No,63,Yes,No,Fiber optic,One year,109,No,3
Female,0,Yes,13,Yes,No,Fiber optic,Month-to-month,53,No,0
Male,0,No,20,No,No,Fiber optic,Month-to-month,55,No,0
Female,0,Yes,54,Yes,Yes,DSL,Month-to-month,86,No,2
Female,0,Yes,38,Yes,No,DSL,Two year,20,No,1
Male,1,No,1,Yes,Yes,Fiber optic,Month-to-month,70,Yes,3
Male,0,No,67,No,No,DSL,One year,44,No,1
Male,0,No,55,Yes,Yes,Fiber optic,Month-to-month,97,Yes,2
Male,0,Yes,53,Yes,No,DSL,Two year,64,No,2
Female,0,Yes,29,Yes,No,DSL,Month-to-month,26,No,1
Female,0,No,14,Yes,No,DSL,Month-to-month,56,No,0
Female,0,No,48,Yes,Yes,Fiber optic,Month-to-month,60,Yes,2
Female,0,No,48,Yes,No,DSL,Month-to-month,70,No,2
Male,0,Yes,1,Yes,No,DSL,Two year,60,No,0
Male,0,Yes,44,Yes,No,DSL,Month-to-month,25,No,1
Male,0,Yes,45,Yes,Yes,Fiber optic,Month-to-month,96,No,2
Female,0,No,56,Yes,No,Fiber optic,Month-to-month,74,Yes,2
Male,0,No,14,No,Yes,DSL,Two year,31,No,1
Male,0,No,2,Yes,Yes,DSL,Month-to-month,71,No,0
Male,1,No,36,Yes,No,Fiber optic,Month-to-month,54,No,3
Female,0,No,5,No,Yes,DSL,One year,40,Yes,1
Female,0,Yes,69,Yes,Yes,DSL,Month-to-month,61,No,2
Male,0,Yes,62,Yes,No,DSL,Month-to-month,108,No,2
Female,0,No,1,Yes,Yes,Fiber optic,Two year,20,No,1
Female,0,No,34,Yes,Yes,Fiber optic,Month-to-month,65,No,0
Male,0,No,16,Yes,Yes,DSL,Month-to-month,81,No,0
Female,0,Yes,14,Yes,No,DSL,Two year,19,No,1
Male,0,Yes,49,Yes,No,Fiber optic,Month-to-month,98,No,2
Male,0,No,2,Yes,No,Fiber optic,Month-to-month,80,Yes,0
Male,0,Yes,26,Yes,No,DSL,Month-to-month,19,No,1
Male,0,No,22,Yes,Yes,DSL,One year,96,No,0
Male,0,Yes,33,Yes,Yes,Fiber optic,Month-to-month,74,Yes,2
Male,0,Yes,4,Yes,No,DSL,One year,20,No,1
Male,0,No,19,Yes,No,DSL,Two year,20,No,1
Male,0,Yes,57,Yes,Yes,DSL,Month-to-month,90,No,2
Male,0,No,51,Yes,Yes,DSL,Two year,86,No,2
Male,0,No,1,Yes,No,DSL,Two year,44,Yes,0
Male,0,No,3,Yes,No,DSL,One year,90,No,0
Male,0,Yes,1,Yes,Yes,Fiber optic,Month-to-month,20,No,1
Female,0,No,15,No,Yes,Fiber optic,Month-to-month,46,No,1
Male,0,No,52,Yes,Yes,Fiber optic,Month-to-month,80,No,2
Male,0,No,56,Yes,Yes,Fiber optic,Month-to-month,100,Yes,2
Male,0,No,3,Yes,Yes,Fiber optic,Month-to-month,77,Yes,0
Female,0,No,26,No,No,Fiber optic,Month-to-month,35,No,1
Female,0,No,68,Yes,No,Fiber optic,Two year,111,No,2
Female,0,No,4,Yes,No,DSL,Month-to-month,51,No,0
Male,0,Yes,72,Yes,No,DSL,One year,26,No,1
Female,0,No,40,Yes,No,Fiber optic,Month-to-month,106,No,2
Male,1,Yes,66,Yes,No,Fiber optic,Month-to-month,100,Yes,3
Male,0,Yes,1,Yes,No,DSL,Month-to-month,20,No,1
Female,1,No,19,Yes,No,DSL,Month-to-month,105,No,3
Male,0,No,42,Yes,No,Fiber optic,Month-to-month,20,No,1
Male,0,Yes,34,Yes,Yes,DSL,Month-to-month,98,No,2
Female,0,No,1,Yes,Yes,DSL,One year,81,Yes,0
Male,0,Yes,72,Yes,Yes,Fiber optic,Month-to-month,89,No,2
Female,0,No,51,Yes,Yes,DSL,Month-to-month,20,No,1
Female,1,No,55,Yes,Yes,Fiber optic,Two year,85,Yes,3
Female,0,Yes,66,Yes,Yes,Fiber optic,Month-to-month,102,Yes,2
Female,1,No,30,Yes,No,DSL,Month-to-month,90,No,3
Male,1,No,34,Yes,Yes,Fiber optic,Two year,90,No,3
Female,0,No,55,Yes,Yes,Fiber optic,Month-to-month,78,Yes,2
Female,0,No,54,Yes,No,Fiber optic,Month-to-month,95,No,2
Male,0,No,57,No,No,Fiber optic,Month-to-month,39,Yes,1
Male,0,Yes,11,Yes,Yes,Fiber optic,Month-to-month,74,Yes,0
Male,0,No,2,Yes,No,DSL,Month-to-month,20,No,1
Male,1,No,4,Yes,No,DSL,One year,69,No,3
Female,0,Yes,72,Yes,No,DSL,Month-to-month,91,No,2
Male,0,No,48,Yes,No,DSL,Month-to-month,20,No,1
Male,0,No,26,Yes,No,DSL,One year,21,No,1
Female,0,Yes,15,Yes,Yes,Fiber optic,Two year,20,No,1
Female,0,No,15,Yes,Yes,DSL,Two year,83,No,0
Male,0,No,64,Yes,Yes,Fiber optic,Month-to-month,102,No,2
Female,0,No,71,Yes,Yes,DSL,Two year,111,No,2
Male,0,No,63,Yes,No,DSL,Two year,69,No,2
Male,0,No,1,Yes,Yes,Fiber optic,Two year,20,No,1
Female,0,Yes,64,Yes,No,DSL,One year,104,No,2
Male,0,No,45,Yes,Yes,Fiber optic,Month-to-month,76,No,2
Female,0,No,4,Yes,Yes,Fiber optic,Month-to-month,20,No,1
Female,0,No,31,Yes,Yes,Fiber optic,Month-to-month,90,Yes,0
Male,0,No,68,Yes,Yes,DSL,Two year,110,Yes,2
Male,0,No,25,Yes,No,DSL,Month-to-month,82,No,0
Male,0,Yes,72,Yes,No,DSL,Two year,25,No,1
Female,0,No,36,Yes,Yes,DSL,Two year,56,No,0
Male,0,No,1,Yes,No,DSL,One year,44,No,0
Male,0,Yes,0,Yes,No,DSL,Two year,25,No,1
Female,0,No,25,Yes,Yes,Fiber optic,Month-to-month,20,No,1
Female,0,No,8,Yes,Yes,Fiber optic,Month-to-month,19,No,1
Female,0,Yes,37,Yes,Yes,Fiber optic,One year,75,No,2
Male,1,No,4,Yes,Yes,DSL,One year,95,No,3
Female,0,Yes,28,Yes,Yes,DSL,Month-to-month,83,No,0
Female,0,No,37,No,No,DSL,One year,45,No,1
Male,0,No,8,Yes,No,DSL,One year,20,No,1
Male,0,Yes,1,Yes,Yes,DSL,One year,49,No,0
Female,0,Yes,25,Yes,No,Fiber optic,One year,20,No,1
Male,0,No,26,Yes,Yes,Fiber optic,Month-to-month,98,Yes,0
Female,1,No,9,Yes,No,DSL,Month-to-month,81,Yes,3
Female,0,Yes,21,Yes,Yes,DSL,Two year,103,Yes,0
Male,1,No,19,Yes,Yes,Fiber optic,Month-to-month,80,Yes,3
Male,0,No,18,No,Yes,Fiber optic,Month-to-month,34,No,1
Male,0,No,32,Yes,No,Fiber optic,Month-to-month,108,Yes,2
Male,1,No,23,No,Yes,DSL,One year,35,No,3
Female,0,Yes,55,Yes,No,Fiber optic,Month-to-month,75,No,2
Male,0,No,43,Yes,No,DSL,Month-to-month,26,No,1
Male,1,No,2,Yes,No,DSL,Month-to-month,45,Yes,3
Female,0,No,5,Yes,No,DSL,Month-to-month,83,No,0
Male,0,Yes,14,Yes,Yes,Fiber optic,Two year,61,No,0
Male,0,No,4,Yes,No,DSL,Two year,61,No,0
Male,0,No,4,Yes,No,DSL,Two year,45,No,0
Female,0,No,12,Yes,No,DSL,Month-to-month,20,No,1
Female,0,No,68,Yes,Yes,Fiber optic,Month-to-month,86,No,2
Male,0,No,10,Yes,Yes,Fiber optic,Month-to-month,86,Yes,0
Female,0,No,53,Yes,No,DSL,Month-to-month,95,Yes,2
Female,0,No,66,Yes,Yes,Fiber optic,Month-to-month,89,No,2
Male,0,No,27,Yes,No,DSL,Month-to-month,19,No,1
Female,1,Yes,34,Yes,No,DSL,One year,80,Yes,3
Female,1,No,11,Yes,Yes,Fiber optic,One year,85,Yes,3
Female,0,No,64,Yes,No,DSL,Month-to-month,26,No,1
Female,0,No,13,Yes,No,Fiber optic,Two year,82,No,0
Male,0,Yes,3,Yes,Yes,DSL,Two year,20,No,1
Male,0,No,24,Yes,Yes,Fiber optic,Month-to-month,90,No,0
Female,0,No,69,Yes,Yes,Fiber optic,Month-to-month,61,No,2
Female,0,Yes,20,Yes,Yes,DSL,Month-to-month,96,No,0
Female,0,No,48,No,Yes,DSL,Two year,45,No,1
Male,0,No,13,No,No,DSL,Two year,54,Yes,0
Male,1,No,5,Yes,No,Fiber optic,Month-to-month,86,No,3
Female,0,Yes,5,Yes,Yes,Fiber optic,One year,70,No,0
Male,1,No,1,Yes,No,DSL,One year,74,No,3
Male,0,Yes,30,Yes,Yes,Fiber optic,Month-to-month,94,Yes,2
Male,0,No,13,Yes,No,Fiber optic,Month-to-month,101,No,0
Female,0,No,61,Yes,No,DSL,Two year,94,No,2
Female,0,No,4,Yes,No,DSL,Month-to-month,20,No,1
Female,0,Yes,10,Yes,Yes,Fiber optic,One year,55,Yes,0
Female,0,No,40,Yes,Yes,Fiber optic,Month-to-month,64,No,0
Male,0,No,43,Yes,No,DSL,One year,66,No,2
Female,0,No,1,No,Yes,Fiber optic,Two year,30,No,1
Male,0,No,9,Yes,No,DSL,Month-to-month,70,No,0
Female,1,No,1,Yes,Yes,DSL,One year,70,Yes,3
Female,0,No,19,Yes,Yes,DSL,Two year,20,No,1
Female,0,No,9,Yes,No,DSL,Month-to-month,75,No,0
Male,0,No,9,Yes,Yes,Fiber optic,Month-to-month,81,No,0
Male,0,Yes,18,Yes,Yes,Fiber optic,Month-to-month,20,No,1
Female,0,No,67,Yes,Yes,Fiber optic,Month-to-month,106,No,2
Female,0,No,13,Yes,Yes,Fiber optic,One year,44,No,0
Male,0,No,5,Yes,No,Fiber optic,Month-to-month,70,Yes,0
Male,1,No,33,Yes,No,Fiber optic,Month-to-month,110,No,3
Female,0,No,62,Yes,No,DSL,One year,65,No,2
Male,0,No,72,Yes,Yes,Fiber optic,One year,101,No,2
Male,0,No,8,Yes,Yes,DSL,One year,84,Yes,0
Female,1,No,1,Yes,No,DSL,Month-to-month,46,Yes,3
Female,0,No,44,Yes,No,DSL,Month-to-month,95,No,2
Male,0,No,17,Yes,Yes,Fiber optic,Two year,97,No,0
Female,0,Yes,30,Yes,Yes,DSL,Two year,100,Yes,2
Male,0,Yes,69,Yes,No,DSL,One year,26,No,1
Female,0,No,23,Yes,Yes,Fiber optic,Two year,50,No,0
Female,0,No,2,Yes,Yes,DSL,One year,86,Yes,0
Female,1,No,3,Yes,Yes,Fiber optic,Month-to-month,45,Yes,3
Female,0,No,30,Yes,No,DSL,One year,75,No,0
Male,0,No,1,Yes,Yes,Fiber optic,Two year,44,No,0
Female,1,No,8,Yes,No,DSL,Month-to-month,100,No,3
Male,1,No,59,Yes,No,Fiber optic,Month-to-month,83,No,3
Female,1,No,7,Yes,No,DSL,Month-to-month,51,No,3
Female,0,Yes,37,Yes,No,DSL,Month-to-month,95,No,2
Male,0,Yes,49,Yes,No,Fiber optic,Month-to-month,109,No,2
Female,0,No,26,Yes,No,Fiber optic,Month-to-month,82,No,0
Female,0,No,1,Yes,Yes,Fiber optic,Two year,80,Yes,0
Female,0,No,62,Yes,No,DSL,Two year,114,No,2
Female,0,No,17,Yes,Yes,Fiber optic,Month-to-month,20,No,1
Male,0,No,36,Yes,No,DSL,Month-to-month,95,No,2
Male,0,Yes,32,Yes,Yes,Fiber optic,Two year,20,No,1
Male,0,No,2,Yes,Yes,DSL,Two year,20,No,1
Female,0,Yes,30,Yes,No,DSL,One year,19,No,1
Male,0,No,21,Yes,No,Fiber optic,One year,106,Yes,0
Male,0,No,66,Yes,No,Fiber optic,Month-to-month,106,Yes,2
Male,0,No,32,Yes,No,Fiber optic,Month-to-month,80,Yes,0
Female,1,No,3,Yes,No,Fiber optic,Month-to-month,80,Yes,3
Female,0,Yes,69,Yes,Yes,Fiber optic,Month-to-month,20,No,1
Male,0,No,10,Yes,Yes,Fiber optic,Two year,110,Yes,0
Female,1,No,1,Yes,Yes,DSL,Month-to-month,69,Yes,3
Male,0,No,69,Yes,Yes,Fiber optic,Month-to-month,91,No,2
Female,1,No,4,Yes,No,Fiber optic,Month-to-month,94,Yes,3
Male,0,Yes,66,Yes,Yes,Fiber optic,One year,63,No,2
Female,0,No,35,No,Yes,DSL,One year,24,No,1
Male,0,No,22,Yes,No,DSL,Month-to-month,105,No,0
Female,0,Yes,55,Yes,No,DSL,Month-to-month,19,No,1
Male,0,No,9,Yes,No,Fiber optic,Month-to-month,81,Yes,0
Female,0,No,55,Yes,No,DSL,One year,90,No,2
Female,0,No,36,Yes,Yes,Fiber optic,One year,106,No,2
Male,1,No,27,Yes,No,DSL,Month-to-month,81,Yes,3
Female,0,Yes,67,Yes,Yes,Fiber optic,Month-to-month,107,No,2
Female,1,No,54,Yes,No,DSL,Month-to-month,102,Yes,3
Male,0,No,62,No,No,DSL,One year,39,No,1
Male,0,Yes,56,No,No,DSL,Two year,52,No,1
Female,0,No,34,Yes,No,DSL,Month-to-month,110,Yes,2
Female,0,Yes,33,Yes,No,DSL,Month-to-month,86,Yes,2
Female,0,No,5,Yes,No,DSL,Month-to-month,94,Yes,0
Female,0,No,16,Yes,No,Fiber optic,Month-to-month,20,No,1
Male,0,No,34,Yes,No,DSL,Month-to-month,89,No,0
Female,1,No,58,Yes,No,DSL,Month-to-month,106,Yes,3
Female,1,No,66,Yes,No,DSL,Month-to-month,71,No,3
Male,0,No,37,Yes,No,DSL,Month-to-month,20,No,1
Female,0,Yes,6,Yes,No,DSL,One year,46,No,1
Male,0,No,65,Yes,No,DSL,Month-to-month,74,No,2
Male,0,No,51,Yes,No,DSL,Month-to-month,20,No,1
Male,0,No,2,Yes,No,DSL,Month-to-month,45,Yes,0
Male,0,No,18,Yes,No,Fiber optic,One year,68,No,0
Female,0,No,51,Yes,Yes,DSL,Month-to-month,60,No,2
Female,0,No,9,Yes,Yes,Fiber optic,Month-to-month,20,No,1
Male,0,No,15,Yes,Yes,DSL,Two year,100,No,0
Male,0,Yes,72,Yes,Yes,Fiber optic,Two year,106,No,2
Male,0,Yes,12,Yes,No,Fiber optic,Month-to-month,19,No,1
Male,0,No,60,No,Yes,Fiber optic,Month-to-month,40,No,1
Female,0,No,32,Yes,No,DSL,Month-to-month,19,No,1
Male,0,No,6,Yes,Yes,Fiber optic,Month-to-month,80,Yes,0
Male,0,Yes,39,Yes,Yes,Fiber optic,Two year,100,No,2
Male,0,No,2,Yes,Yes,Fiber optic,Month-to-month,75,No,0
Male,0,No,71,Yes,No,DSL,One year,79,No,2
Female,0,No,1,Yes,No,DSL,Month-to-month,60,Yes,0
Male,0,No,2,Yes,No,DSL,Month-to-month,80,Yes,0
Female,0,Yes,72,Yes,Yes,Fiber optic,Month-to-month,110,No,2
Female,0,No,41,Yes,No,DSL,Two year,69,No,2
Male,1,No,7,Yes,Yes,Fiber optic,Two year,75,No,3
Male,1,No,35,Yes,Yes,Fiber optic,One year,95,No,3
Male,0,No,31,Yes,Yes,Fiber optic,Two year,80,No,0
Male,0,Yes,45,Yes,No,DSL,One year,24,No,1
Male,0,No,15,Yes,No,DSL,Two year,93,Yes,0
Male,0,Yes,27,Yes,No,Fiber optic,Month-to-month,20,No,1
Female,1,No,31,Yes,No,DSL,One year,91,No,3
Female,0,Yes,41,Yes,Yes,DSL,Two year,66,Yes,2
Male,0,No,19,Yes,No,DSL,Month-to-month,19,No,1
Female,0,Yes,25,No,No,DSL,One year,59,Yes,1
Female,0,Yes,15,Yes,Yes,DSL,One year,105,No,0
Female,0,Yes,2,Yes,Yes,Fiber optic,Month-to-month,72,No,0
Male,0,No,12,Yes,No,DSL,Month-to-month,50,Yes,0
Female,1,No,23,Yes,No,Fiber optic,Two year,79,No,3
Female,0,Yes,22,Yes,No,Fiber optic,Month-to-month,20,No,1
Male,0,Yes,71,Yes,Yes,DSL,Two year,101,No,2
Female,1,Yes,30,Yes,Yes,Fiber optic,Month-to-month,101,No,3
Female,0,No,1,Yes,Yes,Fiber optic,Month-to-month,45,Yes,0
Female,0,No,20,Yes,Yes,DSL,Two year,19,No,1
Male,0,No,1,Yes,No,DSL,Month-to-month,56,No,0
Female,0,Yes,68,Yes,Yes,DSL,Two year,85,No,2
Male,0,No,14,Yes,No,DSL,Month-to-month,20,No,1
Male,0,Yes,2,Yes,Yes,Fiber optic,Two year,20,Yes,1
Male,0,No,38,Yes,Yes,Fiber optic,Month-to-month,70,No,0
Male,0,No,18,Yes,Yes,DSL,One year,20,No,1
Female,0,No,31,Yes,No,DSL,Month-to-month,104,No,0
Female,0,Yes,71,Yes,No,Fiber optic,Month-to-month,64,No,2
Male,0,No,67,Yes,Yes,Fiber optic,Month-to-month,110,No,2
Male,0,No,72,Yes,Yes,DSL,Two year,92,No,2
Male,1,No,32,Yes,Yes,DSL,Two year,106,Yes,3
Male,0,Yes,4,Yes,Yes,Fiber optic,One year,81,Yes,0
Female,0,No,23,Yes,No,Fiber optic,Month-to-month,60,No,0
Female,0,Yes,66,Yes,No,DSL,Two year,67,No,2
Male,1,No,57,Yes,No,DSL,Two year,105,No,3
Female,0,No,36,Yes,No,DSL,Month-to-month,90,No,2
Male,0,No,13,No,No,Fiber optic,Month-to-month,25,No,1
Female,0,No,9,Yes,Yes,Fiber optic,Month-to-month,83,Yes,0
Female,0,Yes,5,Yes,Yes,Fiber optic,Two year,81,No,0
Female,0,No,67,Yes,Yes,DSL,Two year,86,No,2
Male,0,No,1,Yes,No,DSL,Two year,70,Yes,0
Male,0,No,4,Yes,Yes,DSL,Two year,75,Yes,0
Female,0,No,1,Yes,Yes,DSL,Month-to-month,70,Yes,0
Female,0,Yes,31,Yes,No,DSL,Two year,20,Yes,1
Male,0,No,3,Yes,Yes,DSL,Two year,43,Yes,0
Female,0,Yes,4,Yes,No,DSL,One year,79,No,0
Female,0,No,33,Yes,No,DSL,Two year,95,No,0
Female,0,Yes,58,Yes,No,DSL,Month-to-month,25,No,1
Male,0,Yes,25,Yes,No,DSL,Two year,25,No,1
Male,0,No,4,Yes,No,DSL,Month-to-month,76,Yes,0
Male,1,No,51,Yes,Yes,DSL,Month-to-month,94,No,3
Male,0,No,19,No,Yes,Fiber optic,Month-to-month,25,No,1
Female,0,No,11,Yes,Yes,DSL,One year,44,Yes,0
Female,0,No,24,Yes,No,DSL,Month-to-month,56,No,0
Male,0,No,18,Yes,Yes,DSL,One year,74,No,0
Female,0,No,4,No,No,DSL,One year,24,Yes,1
Female,0,No,12,Yes,Yes,Fiber optic,Month-to-month,78,Yes,0
Male,1,No,19,Yes,No,DSL,Two year,88,Yes,3
Male,1,No,31,Yes,No,DSL,Month-to-month,97,No,3
Male,1,No,61,Yes,No,DSL,Month-to-month,64,No,3
Male,1,No,8,Yes,No,DSL,One year,70,No,3
Female,0,Yes,49,Yes,No,DSL,Month-to-month,87,No,2
Male,0,No,5,No,No,Fiber optic,Month-to-month,51,Yes,0
Male,0,Yes,35,Yes,Yes,Fiber optic,Two year,73,No,2
Male,0,No,70,Yes,No,DSL,Month-to-month,116,Yes,2
Male,0,No,1,Yes,No,Fiber optic,Two year,101,Yes,0
Female,0,No,31,Yes,No,DSL,Two year,88,No,0
Female,1,No,13,Yes,No,DSL,Month-to-month,74,Yes,3
Male,0,Yes,28,No,Yes,Fiber optic,Two year,51,No,1
Male,1,No,50,Yes,Yes,Fiber optic,Month-to-month,70,No,3
Female,1,No,22,Yes,No,DSL,One year,20,No,3
Male,0,Yes,36,No,No,DSL,Month-to-month,61,No,1
Male,0,No,40,Yes,Yes,Fiber optic,Month-to-month,106,No,2
Male,0,Yes,19,Yes,No,DSL,Month-to-month,50,No,1
Female,0,Yes,4,Yes,Yes,DSL,Two year,81,Yes,0
Female,0,No,35,Yes,No,DSL,Two year,86,Yes,0
Female,0,No,20,Yes,Yes,Fiber optic,Month-to-month,69,No,0
Male,0,No,11,Yes,No,DSL,One year,20,No,1
Female,0,Yes,9,Yes,No,DSL,Two year,20,No,1
Female,0,Yes,71,Yes,No,DSL,Month-to-month,99,No,2
Female,0,Yes,71,Yes,No,DSL,Two year,20,No,1
Female,0,No,71,Yes,Yes,DSL,Two year,113,No,2
Female,0,No,31,Yes,No,Fiber optic,Month-to-month,79,No,0
Female,1,No,1,Yes,Yes,DSL,Month-to-month,70,Yes,3
Male,0,No,31,Yes,Yes,Fiber optic,Two year,76,No,0
Female,0,No,1,Yes,No,DSL,Two year,71,Yes,0
Male,0,No,1,Yes,Yes,Fiber optic,One year,69,Yes,0
Male,0,Yes,67,Yes,Yes,Fiber optic,Month-to-month,80,Yes,2
Female,1,No,43,Yes,Yes,Fiber optic,Two year,94,No,3
Male,1,No,21,Yes,No,DSL,Month-to-month,87,No,3
Female,0,No,61,Yes,Yes,DSL,Month-to-month,106,No,2
Female,0,No,72,Yes,No,DSL,Month-to-month,25,No,1
Male,0,Yes,6,Yes,No,DSL,Two year,25,No,1
Female,0,Yes,47,Yes,No,DSL,Month-to-month,20,No,1
Female,0,No,24,Yes,Yes,DSL,Two year,20,No,1
Male,0,No,39,Yes,Yes,Fiber optic,Month-to-month,81,No,2
Female,0,Yes,65,Yes,No,DSL,Month-to-month,25,No,1
Female,0,No,1,Yes,Yes,DSL,Two year,86,Yes,0
Male,0,No,6,Yes,No,DSL,Month-to-month,88,No,0
Female,1,No,56,Yes,No,Fiber optic,Month-to-month,101,Yes,3
Female,0,No,23,Yes,Yes,Fiber optic,Month-to-month,69,No,0
Male,0,No,34,Yes,No,DSL,Month-to-month,20,No,1
Male,0,No,21,Yes,No,DSL,Month-to-month,20,No,1
Male,0,No,62,Yes,Yes,DSL,One year,69,No,2
Male,0,No,62,Yes,No,DSL,Two year,20,No,1
Female,0,No,51,Yes,No,DSL,One year,112,No,2
Male,0,No,18,Yes,No,Fiber optic,Two year,57,No,0
Female,0,No,34,Yes,Yes,Fiber optic,Month-to-month,74,Yes,0
Female,0,No,61,Yes,No,DSL,Month-to-month,94,No,2
Male,1,No,2,Yes,No,Fiber optic,Month-to-month,50,No,3
Male,0,Yes,72,Yes,No,DSL,Month-to-month,55,No,2
Female,0,No,53,Yes,Yes,Fiber optic,Month-to-month,110,No,2
Male,0,No,6,Yes,No,DSL,Month-to-month,79,No,0
Female,0,No,24,Yes,Yes,Fiber optic,Two year,84,No,0
Male,0,Yes,68,Yes,Yes,Fiber optic,Month-to-month,71,No,2
Female,0,Yes,47,No,No,DSL,One year,60,No,2
Male,1,No,47,Yes,Yes,Fiber optic,Month-to-month,86,Yes,3
Female,0,Yes,36,Yes,Yes,DSL,Two year,19,No,1
Male,0,No,9,Yes,No,Fiber optic,Month-to-month,20,No,1
Female,0,Yes,61,Yes,Yes,DSL,One year,101,No,2
Male,0,No,72,Yes,Yes,Fiber optic,Month-to-month,79,No,2
Female,0,Yes,35,Yes,No,Fiber optic,Month-to-month,55,No,1
Female,0,No,25,Yes,No,DSL,One year,27,No,1
Male,1,No,35,Yes,Yes,DSL,Two year,101,Yes,3
Female,0,Yes,24,No,No,DSL,Month-to-month,58,No,1
Male,0,No,56,Yes,Yes,Fiber optic,Month-to-month,25,Yes,1
Male,1,No,26,Yes,Yes,Fiber optic,Month-to-month,94,No,3
Female,0,No,72,Yes,No,DSL,Month-to-month,80,No,2
Female,0,No,37,Yes,Yes,DSL,Month-to-month,65,No,0
Female,0,No,7,Yes,No,DSL,Month-to-month,75,Yes,0
Male,0,No,7,Yes,Yes,Fiber optic,Month-to-month,74,Yes,0
Male,0,No,69,Yes,No,Fiber optic,Month-to-month,79,Yes,2
Male,0,Yes,8,Yes,No,Fiber optic,Month-to-month,20,No,1
Female,0,Yes,12,No,No,Fiber optic,Month-to-month,30,No,1
Male,0,Yes,44,Yes,No,Fiber optic,Month-to-month,26,No,1
Male,0,Yes,72,Yes,No,DSL,Month-to-month,81,No,2
Male,0,No,56,Yes,No,DSL,Month-to-month,94,Yes,2
Female,0,No,10,Yes,No,DSL,Two year,20,No,1
Male,1,No,1,Yes,No,DSL,Month-to-month,69,Yes,3
Male,0,Yes,47,Yes,No,DSL,Month-to-month,54,No,1
Male,0,No,44,Yes,Yes,Fiber optic,Two year,20,No,1
Male,0,No,3,Yes,No,DSL,Month-to-month,78,Yes,0
Female,0,No,8,Yes,Yes,Fiber optic,Two year,71,Yes,0
Male,0,No,16,Yes,Yes,Fiber optic,Month-to-month,21,No,1
Male,0,Yes,72,Yes,Yes,Fiber optic,Two year,82,No,2
Female,0,No,1,Yes,No,DSL,One year,46,Yes,0
Female,1,No,71,Yes,No,DSL,Month-to-month,89,No,3
Female,1,No,56,Yes,No,DSL,Two year,68,No,3
Female,0,Yes,3,Yes,No,DSL,One year,19,No,1
Male,0,Yes,11,Yes,Yes,Fiber optic,Month-to-month,65,No,0
Female,0,No,60,Yes,No,DSL,One year,81,No,2
Female,1,No,42,Yes,No,DSL,Two year,105,No,3
Female,0,No,2,Yes,Yes,DSL,One year,51,No,0
Female,0,No,9,Yes,No,DSL,One year,20,No,1
Male,0,No,1,Yes,No,Fiber optic,Two year,75,No,0
Male,0,Yes,52,No,No,Fiber optic,Month-to-month,50,No,1
Male,1,No,35,Yes,No,DSL,One year,99,Yes,3
Male,0,Yes,20,Yes,No,Fiber optic,One year,19,Yes,1
Female,0,No,15,Yes,Yes,Fiber optic,Month-to-month,75,No,0
Male,0,No,17,Yes,No,DSL,One year,71,No,0
Male,0,No,30,Yes,No,Fiber optic,Month-to-month,90,Yes,0
Female,0,No,1,Yes,Yes,Fiber optic,Month-to-month,96,No,0
Male,0,No,10,Yes,No,Fiber optic,Month-to-month,85,Yes,0
Female,0,No,13,Yes,No,DSL,Month-to-month,70,No,0
Male,0,No,4,Yes,Yes,DSL,Two year,100,Yes,0
Female,1,No,3,Yes,No,DSL,Month-to-month,70,Yes,3
Female,0,No,59,Yes,No,Fiber optic,Month-to-month,80,No,2
Female,0,No,2,Yes,No,DSL,Month-to-month,70,Yes,0
Female,0,Yes,14,Yes,No,DSL,Month-to-month,81,No,0
Male,0,No,1,No,No,DSL,Month-to-month,25,Yes,1
Male,1,No,43,Yes,Yes,Fiber optic,Month-to-month,103,Yes,3
Female,0,No,16,Yes,Yes,Fiber optic,Month-to-month,75,No,0
Male,1,No,53,No,Yes,DSL,Two year,54,Yes,3
Female,0,Yes,4,Yes,No,DSL,One year,25,No,1
Female,0,No,16,Yes,No,DSL,Month-to-month,75,No,0
Female,0,No,43,Yes,No,Fiber optic,Month-to-month,55,No,1
Male,1,No,8,Yes,Yes,Fiber optic,Month-to-month,81,Yes,3
Male,0,Yes,6,Yes,Yes,Fiber optic,One year,49,No,0
Female,0,No,72,Yes,No,DSL,Month-to-month,112,No,2
Female,0,Yes,60,No,No,DSL,One year,50,No,1
Male,0,Yes,0,Yes,Yes,Fiber optic,Month-to-month,20,No,1
Female,0,No,2,Yes,Yes,Fiber optic,Month-to-month,20,No,1
Female,0,No,55,Yes,No,DSL,Month-to-month,90,No,2
Female,0,No,56,Yes,Yes,Fiber optic,Month-to-month,99,No,2
Male,0,Yes,71,Yes,Yes,DSL,Two year,85,No,2
Male,0,No,2,Yes,No,DSL,Month-to-month,62,Yes,0
Female,0,No,64,Yes,No,DSL,Two year,105,No,2
Female,0,No,42,Yes,No,Fiber optic,Month-to-month,74,Yes,2
Male,1,No,25,Yes,No,DSL,Month-to-month,89,Yes,3
Female,0,Yes,5,Yes,Yes,DSL,Two year,49,No,0
Male,0,Yes,72,Yes,No,DSL,One year,117,No,2
Female,1,No,33,Yes,Yes,Fiber optic,Month-to-month,81,Yes,3
Male,1,No,32,Yes,Yes,Fiber optic,Two year,85,Yes,3
Male,0,Yes,5,Yes,No,DSL,Month-to-month,20,No,1
Female,0,No,3,Yes,No,DSL,Month-to-month,74,Yes,0
Female,1,No,6,Yes,Yes,DSL,Two year,84,Yes,3
Male,0,No,69,Yes,Yes,Fiber optic,Month-to-month,106,Yes,2
Female,0,No,13,Yes,No,DSL,One year,80,No,0
Male,0,Yes,22,Yes,No,DSL,Month-to-month,75,No,0
Male,0,No,61,Yes,No,DSL,Two year,70,No,2
Female,1,No,33,No,Yes,DSL,One year,59,No,3
Male,0,No,41,Yes,Yes,Fiber optic,Two year,73,Yes,2
Female,0,No,45,Yes,Yes,Fiber optic,Month-to-month,113,No,2
Male,1,No,70,Yes,No,DSL,One year,90,No,3
Male,0,Yes,55,Yes,Yes,DSL,One year,58,Yes,2
Male,0,Yes,52,No,No,DSL,Two year,44,No,1
Male,0,No,3,No,No,Fiber optic,Month-to-month,40,Yes,1
Female,0,No,30,Yes,Yes,Fiber optic,Two year,100,Yes,0
Male,1,No,70,No,No,DSL,Month-to-month,45,Yes,3
Female,0,Yes,9,Yes,No,DSL,Month-to-month,93,No,0
Male,0,Yes,21,Yes,Yes,Fiber optic,Month-to-month,20,No,1
Female,0,Yes,55,Yes,No,DSL,Month-to-month,76,No,2
Male,0,No,41,Yes,No,DSL,One year,65,No,2
Female,0,Yes,62,Yes,No,DSL,One year,26,No,1
Female,0,No,1,Yes,No,DSL,Month-to-month,80,Yes,0
Female,1,No,67,Yes,No,DSL,Two year,55,No,3
Female,0,No,63,Yes,Yes,Fiber optic,Month-to-month,80,No,2
Male,0,No,38,Yes,No,DSL,Month-to-month,69,No,0
Female,0,No,70,No,Yes,Fiber optic,Month-to-month,58,No,2
Male,0,Yes,38,Yes,Yes,Fiber optic,Month-to-month,20,No,1
Female,0,Yes,5,No,No,DSL,Month-to-month,30,No,1
Male,0,No,24,Yes,Yes,Fiber optic,Month-to-month,50,No,0
Male,0,No,16,Yes,No,DSL,Month-to-month,74,Yes,0
Female,0,No,68,No,Yes,Fiber optic,Two year,39,No,1
Female,0,Yes,57,Yes,No,DSL,Two year,101,No,2
Male,1,No,60,Yes,Yes,Fiber optic,Month-to-month,104,No,3
Female,0,No,29,Yes,Yes,DSL,One year,71,No,0
Female,0,Yes,9,Yes,Yes,Fiber optic,Month-to-month,66,No,0
Female,0,No,71,Yes,Yes,Fiber optic,Month-to-month,26,No,1
Female,0,No,24,No,No,DSL,One year,54,Yes,1
Male,1,No,2,Yes,No,DSL,Month-to-month,49,Yes,3
Male,0,Yes,66,Yes,Yes,DSL,Two year,21,No,1
Male,0,No,54,Yes,Yes,DSL,Month-to-month,104,Yes,2
Female,0,No,72,Yes,Yes,DSL,Two year,114,No,2
Male,0,No,52,Yes,Yes,Fiber optic,Month-to-month,20,No,1
Male,0,Yes,71,Yes,Yes,DSL,Two year,77,No,2
Female,1,No,5,Yes,Yes,Fiber optic,One year,79,Yes,3
Male,0,No,42,Yes,No,DSL,Two year,20,No,1
Female,0,No,2,Yes,No,DSL,Two year,45,Yes,0
Male,0,No,11,Yes,No,DSL,One year,75,Yes,0
Female,0,Yes,41,Yes,No,DSL,One year,80,Yes,2
Female,0,Yes,68,Yes,No,Fiber optic,Month-to-month,88,No,2
Female,1,No,50,Yes,Yes,DSL,Two year,95,Yes,3
Male,0,No,53,Yes,Yes,Fiber optic,Two year,94,Yes,2
Female,0,Yes,8,Yes,No,DSL,Month-to-month,84,Yes,0
Female,0,No,50,Yes,No,DSL,One year,104,No,2
Female,0,No,50,Yes,No,DSL,Month-to-month,100,No,2
Female,0,No,8,Yes,Yes,DSL,One year,60,No,0
Female,0,No,10,No,Yes,Fiber optic,Month-to-month,30,No,1
Female,0,Yes,37,Yes,No,Fiber optic,Month-to-month,24,No,1
Female,0,Yes,49,Yes,No,DSL,Month-to-month,62,No,2
Female,0,No,17,No,Yes,Fiber optic,Month-to-month,36,No,1
Male,0,Yes,12,Yes,Yes,Fiber optic,Two year,20,No,1
Male,0,Yes,23,Yes,Yes,DSL,Two year,100,Yes,0
Female,0,Yes,71,No,Yes,Fiber optic,Month-to-month,59,No,2
Female,0,Yes,71,Yes,Yes,DSL,Month-to-month,78,No,2
Male,0,No,24,Yes,No,Fiber optic,One year,89,No,0
Male,0,Yes,45,Yes,No,DSL,One year,79,No,2
Male,0,Yes,42,Yes,No,DSL,Month-to-month,64,No,2
Female,0,No,18,Yes,No,Fiber optic,One year,96,Yes,0
Female,0,No,26,Yes,No,Fiber optic,Month-to-month,74,No,0
Male,0,Yes,9,Yes,No,DSL,Two year,55,Yes,0
Female,0,No,2,Yes,No,DSL,Month-to-month,44,No,0
Female,0,Yes,5,Yes,Yes,Fiber optic,Month-to-month,45,No,1
Male,1,No,6,Yes,No,DSL,Two year,84,Yes,3
Male,1,No,52,Yes,No,Fiber optic,Month-to-month,111,No,3
Male,0,No,57,Yes,Yes,Fiber optic,Two year,74,No,2
Male,0,No,29,Yes,No,Fiber optic,Month-to-month,75,No,0
Female,0,Yes,67,Yes,Yes,DSL,Two year,25,No,1
Female,0,No,42,Yes,No,Fiber optic,Month-to-month,105,Yes,2
Female,0,No,12,Yes,No,DSL,Two year,19,No,1
Male,0,Yes,7,No,No,DSL,One year,34,Yes,1
Female,0,No,12,Yes,Yes,Fiber optic,One year,20,No,1
Female,0,No,13,No,No,DSL,Month-to-month,49,Yes,1
Male,0,No,31,Yes,No,DSL,Month-to-month,71,No,0
Male,0,Yes,9,No,No,DSL,One year,30,Yes,1
Male,0,No,63,Yes,No,DSL,One year,20,No,1
Male,1,No,45,Yes,Yes,Fiber optic,Month-to-month,99,No,3
Female,1,No,12,Yes,No,DSL,Month-to-month,79,No,3
Male,0,No,41,Yes,No,DSL,Month-to-month,80,No,2
Male,0,No,5,Yes,No,DSL,Month-to-month,21,Yes,1
Male,1,No,71,No,No,DSL,Two year,46,No,3
Female,0,Yes,72,Yes,No,DSL,Two year,79,No,2
Male,0,No,9,Yes,Yes,Fiber optic,Two year,69,No,0
Female,0,Yes,51,Yes,No,Fiber optic,Two year,90,No,2
Female,0,Yes,35,No,Yes,Fiber optic,Month-to-month,41,No,1
Male,0,No,56,Yes,No,DSL,One year,101,No,2
Female,1,No,18,Yes,Yes,Fiber optic,One year,75,No,3
Male,0,No,44,Yes,No,DSL,Two year,112,No,2
Female,0,Yes,48,No,Yes,DSL,Month-to-month,30,No,1
Female,0,No,11,Yes,Yes,Fiber optic,Month-to-month,65,No,0
Male,0,Yes,71,Yes,Yes,Fiber optic,Month-to-month,106,Yes,2
Male,1,No,35,Yes,Yes,DSL,One year,82,No,3
Male,1,No,24,No,Yes,DSL,Two year,34,No,3
Female,0,No,60,Yes,No,Fiber optic,Month-to-month,105,No,2
Male,0,No,6,No,Yes,Fiber optic,One year,30,Yes,1
Male,0,Yes,15,Yes,No,DSL,Month-to-month,20,Yes,1
Male,1,No,21,Yes,No,DSL,One year,104,No,3
Male,0,Yes,33,Yes,No,DSL,One year,21,No,1
Female,0,No,1,Yes,No,DSL,Month-to-month,21,No,1
Female,0,Yes,58,Yes,Yes,Fiber optic,Two year,20,No,1
Female,0,No,10,Yes,Yes,Fiber optic,Month-to-month,65,No,0
Female,0,Yes,33,Yes,Yes,Fiber optic,Month-to-month,24,No,1
Female,1,No,1,No,Yes,Fiber optic,One year,25,Yes,3
Female,0,Yes,1,Yes,Yes,DSL,Two year,46,Yes,0
Male,0,Yes,42,Yes,No,Fiber optic,One year,73,No,2
Male,0,Yes,1,Yes,Yes,Fiber optic,Month-to-month,20,No,1
Male,0,No,38,Yes,Yes,DSL,Two year,20,No,1
Female,0,No,5,Yes,No,DSL,One year,51,Yes,0
Male,0,No,65,Yes,Yes,DSL,Two year,110,No,2
Female,1,No,43,No,Yes,Fiber optic,Month-to-month,33,No,3
Female,0,No,72,Yes,No,DSL,One year,85,No,2
Male,0,No,60,Yes,Yes,DSL,Month-to-month,94,Yes,2
Male,0,No,55,Yes,No,DSL,Month-to-month,101,No,2
Female,0,Yes,70,Yes,No,DSL,Month-to-month,113,No,2
Female,0,No,6,Yes,No,Fiber optic,One year,74,No,0
Female,0,Yes,13,Yes,Yes,DSL,Month-to-month,104,No,0
Male,0,Yes,8,Yes,No,DSL,Two year,20,No,1
Male,0,Yes,45,Yes,No,DSL,Month-to-month,100,No,2
Female,0,No,54,Yes,Yes,Fiber optic,One year,110,Yes,2
Female,0,No,33,Yes,No,Fiber optic,Month-to-month,83,Yes,0
Male,0,Yes,21,Yes,No,Fiber optic,Month-to-month,76,No,0
Female,1,No,55,Yes,Yes,DSL,Two year,100,Yes,3
Female,0,No,1,Yes,Yes,Fiber optic,Month-to-month,75,Yes,0
Male,0,No,44,Yes,Yes,Fiber optic,One year,69,No,2
Male,0,No,72,Yes,Yes,Fiber optic,Month-to-month,87,No,2
Male,0,Yes,13,Yes,No,DSL,Two year,62,No,0
Female,0,Yes,36,Yes,No,DSL,Month-to-month,104,No,2
Male,0,No,71,Yes,Yes,Fiber optic,Two year,26,No,1
Male,1,No,9,Yes,Yes,Fiber optic,Month-to-month,100,Yes,3
Female,0,No,46,Yes,No,Fiber optic,Month-to-month,55,No,2
Female,1,No,61,Yes,No,Fiber optic,One year,104,Yes,3
Male,1,No,72,Yes,No,DSL,One year,77,No,3
Male,0,No,11,Yes,Yes,DSL,Month-to-month,75,Yes,0
Female,0,No,2,Yes,Yes,DSL,Two year,70,No,0
Male,0,No,2,Yes,No,DSL,Month-to-month,19,No,1
Female,0,No,4,Yes,Yes,DSL,Month-to-month,79,Yes,0
Male,0,No,3,Yes,Yes,DSL,One year,49,Yes,0
Female,0,No,3,No,No,DSL,Two year,35,No,1
Female,0,No,43,Yes,No,Fiber optic,One year,65,No,2
Female,0,Yes,61,Yes,Yes,DSL,Two year,20,No,1
Female,1,No,49,Yes,No,DSL,One year,91,Yes,3
Female,0,No,34,Yes,No,DSL,Two year,64,No,0
Male,0,No,1,Yes,Yes,Fiber optic,Month-to-month,50,No,0
Female,0,No,1,Yes,Yes,Fiber optic,Month-to-month,46,Yes,0
Female,0,No,61,Yes,No,Fiber optic,Month-to-month,86,No,2
Female,0,Yes,4,Yes,No,DSL,Month-to-month,74,Yes,0
Male,0,No,59,Yes,No,DSL,Two year,69,No,2
Male,0,Yes,4,Yes,No,DSL,Month-to-month,45,No,1
Male,0,Yes,0,Yes,No,DSL,Two year,20,No,1
Male,0,No,22,Yes,No,Fiber optic,Month-to-month,20,No,1
Female,0,No,72,Yes,Yes,Fiber optic,Month-to-month,85,No,2
Male,0,Yes,15,No,No,Fiber optic,Month-to-month,30,No,1
Female,0,No,1,Yes,Yes,DSL,Two year,19,Yes,1
Female,0,No,57,Yes,No,DSL,One year,95,Yes,2
Male,0,Yes,39,Yes,No,DSL,One year,86,Yes,2
Female,1,No,6,Yes,Yes,Fiber optic,One year,20,No,3
Female,0,No,16,Yes,No,DSL,One year,63,No,0
Female,0,Yes,39,No,Yes,Fiber optic,Month-to-month,30,Yes,1
Male,0,Yes,4,Yes,No,Fiber optic,Month-to-month,20,No,1
Male,0,No,59,Yes,Yes,Fiber optic,One year,107,Yes,2
Female,0,Yes,69,Yes,No,DSL,Month-to-month,84,No,2
Male,0,Yes,24,Yes,No,DSL,Month-to-month,70,No,0
Male,0,Yes,6,Yes,No,Fiber optic,Month-to-month,20,No,1
Male,0,No,9,Yes,No,Fiber optic,Month-to-month,94,No,0
Female,0,Yes,8,Yes,Yes,DSL,Month-to-month,20,No,1
Female,0,No,30,Yes,Yes,Fiber optic,Month-to-month,20,Yes,1
Male,0,Yes,62,Yes,No,Fiber optic,Month-to-month,71,No,2
Female,0,No,35,Yes,Yes,DSL,Two year,21,No,1
Female,0,Yes,55,Yes,Yes,DSL,Two year,19,No,1
Female,0,No,2,Yes,Yes,Fiber optic,Month-to-month,61,No,0
Male,1,No,29,Yes,No,Fiber optic,Month-to-month,94,Yes,3
Male,0,No,2,Yes,No,Fiber optic,Month-to-month,75,No,0
Male,1,No,33,No,Yes,Fiber optic,Two year,55,No,3
Male,0,No,5,Yes,Yes,Fiber optic,Month-to-month,76,Yes,0
Female,0,No,1,Yes,No,DSL,Month-to-month,69,Yes,0
Female,0,No,72,Yes,Yes,DSL,One year,106,No,2
Male,1,No,43,Yes,No,DSL,Month-to-month,90,Yes,3
Female,0,No,10,Yes,No,DSL,Month-to-month,75,Yes,0
Female,0,No,70,Yes,Yes,DSL,Two year,26,No,1
Male,0,No,24,Yes,Yes,Fiber optic,Month-to-month,96,Yes,0
Female,0,No,23,Yes,Yes,DSL,Two year,20,No,1
Female,0,Yes,43,No,No,DSL,One year,51,No,1
Female,0,No,1,Yes,Yes,DSL,Month-to-month,19,Yes,1
Male,0,No,24,Yes,No,Fiber optic,Two year,80,Yes,0
Female,1,Yes,65,Yes,No,DSL,Month-to-month,104,No,3
Female,0,Yes,56,Yes,Yes,Fiber optic,Month-to-month,110,No,2
Male,1,No,1,Yes,No,DSL,Month-to-month,79,Yes,3
Male,1,No,28,Yes,No,DSL,Month-to-month,106,No,3
Female,0,No,13,No,Yes,Fiber optic,Month-to-month,29,No,1
Female,0,No,8,Yes,No,Fiber optic,Month-to-month,80,Yes,0
Female,0,No,3,Yes,No,DSL,Two year,70,No,0
Male,0,No,1,Yes,Yes,DSL,Month-to-month,20,Yes,1
Female,1,No,26,Yes,No,DSL,Month-to-month,89,Yes,3
Male,1,No,1,Yes,No,DSL,Month-to-month,76,Yes,3
Female,0,No,5,Yes,No,DSL,One year,20,No,1
Male,0,No,28,Yes,Yes,Fiber optic,Month-to-month,94,Yes,0
Female,0,No,11,Yes,Yes,Fiber optic,Month-to-month,59,No,0
Female,1,No,11,Yes,No,DSL,One year,104,Yes,3
Female,1,No,66,Yes,No,DSL,One year,80,Yes,3
Male,0,No,56,Yes,Yes,Fiber optic,Month-to-month,20,No,1
Female,1,No,53,Yes,Yes,DSL,Two year,25,No,3
Female,0,Yes,3,No,Yes,DSL,Two year,31,Yes,1
Female,1,No,72,Yes,Yes,Fiber optic,Month-to-month,117,No,3
Female,0,No,6,Yes,No,DSL,One year,71,No,0
Female,0,Yes,71,Yes,No,Fiber optic,Month-to-month,115,No,2
Male,0,No,15,Yes,No,DSL,Month-to-month,20,No,1
Female,1,No,57,Yes,No,DSL,One year,70,No,3
Male,0,No,68,Yes,Yes,DSL,One year,25,No,1
Female,0,No,13,No,No,DSL,Month-to-month,31,Yes,1
Female,0,Yes,71,Yes,No,DSL,One year,25,No,1
Male,0,No,5,No,No,DSL,Two year,40,Yes,1
Male,0,No,18,Yes,Yes,Fiber optic,One year,90,No,0
Male,0,Yes,36,Yes,No,Fiber optic,One year,95,No,2
Male,0,No,63,Yes,No,Fiber optic,Month-to-month,85,No,2
Male,0,Yes,39,No,No,DSL,One year,55,No,1
Female,0,No,3,Yes,Yes,Fiber optic,Two year,20,No,1
Male,0,No,32,Yes,No,DSL,Two year,20,No,1
Male,1,No,4,Yes,Yes,Fiber optic,Month-to-month,70,No,3
Female,1,No,32,Yes,Yes,DSL,Month-to-month,93,Yes,3
Male,1,No,15,Yes,Yes,DSL,One year,74,Yes,3
Female,1,No,5,Yes,No,Fiber optic,Month-to-month,81,Yes,3
Female,0,Yes,9,Yes,No,DSL,One year,20,No,1
Female,0,Yes,31,Yes,No,DSL,Two year,81,No,0
Female,0,No,1,Yes,No,DSL,Month-to-month,50,No,0
Male,0,Yes,1,Yes,No,DSL,Two year,81,No,0
Male,0,No,2,Yes,Yes,Fiber optic,Month-to-month,100,No,0
Female,0,No,35,Yes,No,DSL,Month-to-month,23,No,1
Female,0,No,5,Yes,No,DSL,Month-to-month,20,No,1
Male,0,Yes,3,Yes,No,DSL,Month-to-month,50,Yes,0
Male,0,No,12,Yes,Yes,Fiber optic,Month-to-month,49,No,0
Male,0,Yes,56,Yes,Yes,DSL,Month-to-month,24,No,1
Male,0,Yes,72,Yes,Yes,Fiber optic,Month-to-month,25,No,1
Female,0,No,1,Yes,No,DSL,Month-to-month,69,Yes,0
Male,0,No,1,Yes,Yes,Fiber optic,Two year,85,Yes,0
Female,0,No,26,Yes,Yes,DSL,Two year,90,No,0
Female,0,No,13,No,Yes,Fiber optic,Month-to-month,49,No,1
Female,0,Yes,15,Yes,No,DSL,Month-to-month,66,No,0
Male,1,No,68,Yes,Yes,Fiber optic,Month-to-month,96,No,3
Female,1,No,27,Yes,No,DSL,Month-to-month,101,Yes,3
Female,1,No,5,Yes,Yes,DSL,Month-to-month,69,No,3
Female,0,No,64,Yes,No,Fiber optic,Month-to-month,25,No,1
Female,0,No,16,Yes,No,Fiber optic,Month-to-month,65,Yes,0
Female,0,No,2,Yes,Yes,DSL,Month-to-month,80,Yes,0
Female,0,No,52,No,No,DSL,Month-to-month,39,No,1
Female,0,No,15,Yes,Yes,DSL,Two year,25,No,1
Female,0,Yes,41,Yes,No,DSL,Two year,109,No,2
Male,1,No,20,Yes,No,Fiber optic,Month-to-month,71,Yes,3
Female,0,No,32,Yes,No,DSL,Month-to-month,19,No,1
Male,0,No,1,Yes,Yes,DSL,One year,50,Yes,0
Female,0,Yes,72,Yes,No,Fiber optic,Month-to-month,83,No,2
Female,0,Yes,34,Yes,No,DSL,Month-to-month,85,No,2
Male,0,Yes,44,Yes,Yes,DSL,Two year,20,No,1
Male,0,No,72,Yes,Yes,DSL,Month-to-month,75,No,2
Male,0,Yes,8,Yes,No,Fiber optic,Month-to-month,95,No,0
Male,0,No,7,No,No,DSL,One year,34,No,1
Male,0,Yes,59,Yes,No,DSL,Month-to-month,20,No,1
Female,0,No,3,Yes,No,DSL,One year,97,Yes,0
Female,0,No,41,Yes,Yes,Fiber optic,Month-to-month,99,No,2
Female,0,No,61,Yes,No,Fiber optic,One year,25,No,1
Male,0,No,29,Yes,No,DSL,Month-to-month,80,Yes,0
Female,0,Yes,48,Yes,No,DSL,Month-to-month,20,No,1
Male,0,No,1,Yes,Yes,DSL,Month-to-month,20,Yes,1
Male,0,Yes,64,Yes,Yes,Fiber optic,One year,25,No,1
Male,0,No,58,Yes,No,Fiber optic,Two year,21,No,1
Male,0,No,29,Yes,Yes,Fiber optic,Month-to-month,85,No,0
Male,1,No,7,Yes,Yes,DSL,Two year,95,Yes,3
Male,0,No,67,Yes,No,DSL,Month-to-month,111,No,2
Male,0,No,5,Yes,No,Fiber optic,Month-to-month,70,Yes,0
Female,0,No,27,Yes,No,DSL,Two year,53,No,0
Male,0,No,4,No,Yes,Fiber optic,Month-to-month,49,Yes,0
Male,0,No,1,Yes,Yes,Fiber optic,Month-to-month,20,No,1
Female,0,Yes,4,Yes,Yes,Fiber optic,Month-to-month,20,No,1
Male,0,Yes,6,Yes,No,DSL,Month-to-month,20,No,1
Male,0,Yes,1,No,Yes,Fiber optic,Two year,34,No,1
Male,0,No,49,Yes,Yes,DSL,Two year,84,Yes,2
Female,0,No,2,Yes,No,DSL,Two year,55,Yes,0
Male,0,Yes,16,Yes,No,DSL,Two year,85,No,0
Female,0,Yes,1,Yes,No,DSL,Two year,25,No,1
Male,0,No,25,Yes,No,Fiber optic,Month-to-month,70,No,0
Male,0,Yes,25,Yes,No,DSL,Month-to-month,54,No,1
Female,0,No,72,Yes,No,DSL,Month-to-month,111,No,2
Male,0,No,10,Yes,Yes,Fiber optic,Two year,20,No,1
Male,0,No,54,Yes,No,Fiber optic,Month-to-month,84,No,2
Male,1,Yes,1,Yes,Yes,Fiber optic,Month-to-month,49,Yes,3
Female,0,No,66,Yes,Yes,Fiber optic,Month-to-month,67,No,2
Male,0,No,4,Yes,Yes,Fiber optic,Two year,66,No,0
Female,0,No,7,Yes,Yes,DSL,Month-to-month,20,No,1
Male,1,No,69,No,Yes,Fiber optic,Month-to-month,57,No,3
Female,0,No,8,Yes,No,DSL,Two year,96,Yes,0
Male,0,No,25,Yes,Yes,Fiber optic,Month-to-month,56,No,0
Male,1,No,37,Yes,No,DSL,Month-to-month,101,Yes,3
Male,0,Yes,1,Yes,No,DSL,Month-to-month,20,No,1
Male,0,Yes,4,Yes,Yes,DSL,Two year,24,No,1
Male,0,No,10,No,No,Fiber optic,Month-to-month,34,Yes,1
Female,0,No,13,No,Yes,Fiber optic,Month-to-month,35,No,1
Female,0,No,12,Yes,Yes,Fiber optic,Month-to-month,79,No,0
Male,0,No,61,Yes,No,Fiber optic,Month-to-month,25,No,1
Male,0,No,65,Yes,No,Fiber optic,Month-to-month,99,No,2
Male,0,No,56,Yes,Yes,Fiber optic,Month-to-month,65,No,2
Male,0,No,51,Yes,No,Fiber optic,Month-to-month,81,No,2
Male,0,Yes,43,Yes,No,Fiber optic,Month-to-month,91,No,2
Female,0,No,1,Yes,No,DSL,One year,50,No,0
Female,0,No,3,Yes,No,Fiber optic,Month-to-month,54,No,0
Female,0,No,19,No,Yes,DSL,One year,40,No,1
Male,0,No,45,Yes,Yes,DSL,Month-to-month,108,No,2
Female,1,No,68,Yes,No,Fiber optic,One year,100,Yes,3
Female,0,No,1,Yes,No,DSL,Month-to-month,20,Yes,1
Female,0,Yes,32,Yes,Yes,Fiber optic,Month-to-month,90,No,2
Male,0,Yes,59,No,No,Fiber optic,Two year,35,No,1
Male,0,Yes,45,Yes,Yes,Fiber optic,Month-to-month,20,No,1
Male,1,No,24,Yes,No,DSL,Two year,104,Yes,3
Male,0,Yes,63,Yes,No,DSL,Month-to-month,89,No,2
Male,1,No,29,Yes,No,DSL,Month-to-month,52,No,3
Male,0,Yes,55,Yes,No,DSL,One year,86,No,2
Female,0,No,8,Yes,No,DSL,Month-to-month,85,Yes,0
Male,0,No,34,No,Yes,DSL,Two year,25,No,1
Female,0,No,1,Yes,No,Fiber optic,Month-to-month,70,Yes,0
Male,0,No,10,Yes,No,DSL,Month-to-month,55,No,0
Male,0,Yes,71,Yes,Yes,Fiber optic,Month-to-month,73,No,2
Male,0,No,5,Yes,Yes,DSL,Two year,56,No,0
Male,0,No,31,Yes,No,Fiber optic,Month-to-month,79,No,0
Female,0,No,1,Yes,Yes,DSL,Two year,75,Yes,0
Male,0,No,20,Yes,Yes,Fiber optic,Month-to-month,89,Yes,0
Female,0,Yes,19,Yes,Yes,DSL,One year,20,No,1
Male,0,Yes,72,Yes,No,Fiber optic,Month-to-month,113,No,2
Female,0,Yes,11,Yes,Yes,DSL,One year,25,No,1
Male,0,No,4,Yes,Yes,Fiber optic,One year,90,Yes,0
Female,0,No,25,Yes,No,DSL,Month-to-month,105,Yes,0
Male,1,No,45,Yes,Yes,DSL,Two year,25,No,3
Female,1,No,64,Yes,Yes,DSL,Two year,109,No,3
Male,0,No,4,Yes,No,Fiber optic,Month-to-month,21,No,1
Male,0,No,34,Yes,No,Fiber optic,Month-to-month,20,No,1
Female,0,Yes,48,Yes,Yes,DSL,Two year,70,No,2
Female,0,No,24,Yes,No,Fiber optic,One year,80,No,0
Male,1,No,8,Yes,No,DSL,One year,61,No,3
Female,0,Yes,67,Yes,Yes,Fiber optic,Month-to-month,104,No,2
Male,0,No,14,Yes,No,Fiber optic,One year,67,No,0
Female,1,No,10,No,No,DSL,Two year,30,Yes,3
Male,0,Yes,42,Yes,Yes,Fiber optic,Month-to-month,97,No,2
Female,0,Yes,15,Yes,Yes,Fiber optic,Month-to-month,20,No,1
Female,0,No,2,Yes,No,DSL,One year,46,No,0
Female,0,Yes,45,Yes,Yes,DSL,Two year,105,No,2
Female,0,Yes,4,Yes,Yes,DSL,Two year,84,Yes,0
Female,0,Yes,67,Yes,No,DSL,Month-to-month,109,Yes,2
Male,0,No,12,Yes,No,DSL,Month-to-month,57,Yes,0
Male,0,No,60,Yes,No,Fiber optic,Month-to-month,96,Yes,2
Male,0,Yes,1,Yes,Yes,DSL,Month-to-month,51,Yes,0
Female,1,No,1,Yes,No,DSL,One year,71,No,3
Female,0,No,1,Yes,Yes,DSL,Two year,20,Yes,1
Male,0,Yes,8,Yes,Yes,DSL,Two year,43,No,1
Male,1,No,5,Yes,No,Fiber optic,Month-to-month,90,Yes,3
Male,0,No,1,Yes,No,Fiber optic,Month-to-month,69,Yes,0
Female,0,Yes,58,Yes,Yes,DSL,Two year,20,No,1
Male,0,No,72,Yes,Yes,Fiber optic,Month-to-month,109,No,2
Female,0,Yes,23,Yes,Yes,Fiber optic,Month-to-month,25,No,1
Male,0,No,5,Yes,Yes,Fiber optic,One year,96,Yes,0
Male,0,No,70,No,No,DSL,Month-to-month,39,No,1
Female,0,Yes,12,Yes,No,DSL,Month-to-month,84,Yes,0
Female,0,No,7,Yes,No,DSL,One year,70,No,0
Male,0,No,1,Yes,No,Fiber optic,Month-to-month,46,Yes,0
Male,0,Yes,44,No,Yes,Fiber optic,Month-to-month,54,No,1
Male,0,Yes,46,Yes,No,Fiber optic,Month-to-month,81,No,2
Male,0,No,20,Yes,No,Fiber optic,Month-to-month,20,No,1
Male,1,Yes,32,Yes,No,Fiber optic,Two year,94,No,3
Male,0,No,1,Yes,No,Fiber optic,Month-to-month,20,No,1
Female,0,No,67,Yes,No,DSL,Month-to-month,85,No,2
Female,1,No,29,Yes,No,DSL,Two year,99,Yes,3
Female,0,Yes,72,Yes,Yes,Fiber optic,Month-to-month,23,No,1
Male,1,No,12,Yes,Yes,Fiber optic,Month-to-month,101,Yes,3
Male,0,Yes,27,Yes,Yes,Fiber optic,Two year,72,No,0
Male,0,Yes,56,Yes,No,DSL,Month-to-month,116,No,2
Female,0,Yes,62,Yes,Yes,Fiber optic,Month-to-month,100,Yes,2
Male,0,No,11,No,No,Fiber optic,Month-to-month,35,No,1
Male,1,No,30,Yes,No,DSL,Month-to-month,75,No,3
Female,0,No,40,Yes,No,Fiber optic,Month-to-month,20,No,1
Male,1,No,38,No,Yes,DSL,Two year,25,No,3
Female,0,No,28,No,No,DSL,Month-to-month,30,No,1
Female,0,No,1,Yes,Yes,DSL,Month-to-month,94,Yes,0
Female,0,No,12,Yes,Yes,Fiber optic,Month-to-month,45,No,0
Female,0,Yes,24,Yes,No,DSL,One year,78,No,0
Male,1,No,72,Yes,No,Fiber optic,Month-to-month,25,No,3
Male,0,No,3,Yes,No,DSL,Month-to-month,82,No,0
Female,0,Yes,72,Yes,Yes,Fiber optic,Month-to-month,116,No,2
Male,0,No,4,Yes,Yes,Fiber optic,Month-to-month,25,No,1
Female,0,No,3,Yes,No,Fiber optic,Month-to-month,76,No,0
Female,1,No,1,Yes,Yes,Fiber optic,Month-to-month,50,Yes,3
Male,0,No,43,Yes,Yes,DSL,Two year,78,Yes,2
Female,0,No,10,No,Yes,Fiber optic,Month-to-month,41,No,1
Female,1,No,2,Yes,No,DSL,Month-to-month,44,No,3
Male,0,No,15,Yes,Yes,Fiber optic,Two year,19,No,1
Female,1,No,3,Yes,No,Fiber optic,Month-to-month,75,No,3
Female,0,No,65,No,No,DSL,Two year,60,No,2
Male,0,No,27,Yes,No,Fiber optic,Month-to-month,20,No,1
Male,1,No,1,Yes,No,DSL,One year,74,Yes,3
Male,0,No,35,Yes,Yes,Fiber optic,Month-to-month,21,No,1
Male,0,No,2,Yes,No,DSL,Month-to-month,47,No,0
Female,0,No,60,Yes,Yes,Fiber optic,One year,100,No,2
Female,0,Yes,49,Yes,Yes,DSL,Month-to-month,19,No,1
Male,0,No,3,No,Yes,Fiber optic,Two year,35,Yes,1
Female,0,Yes,24,Yes,Yes,Fiber optic,Month-to-month,20,No,1
Male,0,Yes,62,Yes,No,DSL,Month-to-month,89,No,2
Female,0,Yes,25,Yes,No,DSL,One year,89,Yes,0
Female,0,Yes,10,Yes,No,Fiber optic,One year,89,No,0
Male,0,Yes,67,Yes,Yes,Fiber optic,Month-to-month,54,No,2
Male,1,No,7,Yes,No,Fiber optic,One year,85,Yes,3
Male,0,Yes,24,Yes,No,DSL,Month-to-month,81,No,0
Male,1,No,72,Yes,No,DSL,Month-to-month,116,No,3
Male,0,No,53,Yes,No,Fiber optic,Month-to-month,74,No,2
Male,1,No,2,Yes,Yes,Fiber optic,Month-to-month,87,Yes,3
Female,0,No,5,Yes,No,DSL,Two year,76,Yes,0
Female,0,No,52,No,Yes,Fiber optic,One year,35,No,1
Female,0,Yes,72,Yes,Yes,DSL,Month-to-month,74,No,2
Male,0,Yes,70,Yes,No,DSL,Month-to-month,79,No,2
Male,0,No,9,Yes,Yes,Fiber optic,One year,20,No,1
Female,0,No,2,Yes,No,DSL,Month-to-month,20,No,1
Female,0,No,28,Yes,Yes,Fiber optic,Month-to-month,60,No,0
Male,0,No,72,Yes,No,DSL,Two year,86,No,2
Male,0,No,42,No,No,DSL,Two year,40,No,1
Female,0,No,11,Yes,Yes,DSL,Two year,102,Yes,0
Female,0,Yes,61,Yes,Yes,DSL,Two year,50,No,2
Male,0,Yes,63,Yes,Yes,DSL,Two year,76,No,2
Male,0,No,1,Yes,Yes,Fiber optic,Month-to-month,46,Yes,0
Male,0,Yes,23,Yes,Yes,Fiber optic,Two year,48,Yes,1
Female,0,No,61,Yes,No,Fiber optic,Month-to-month,20,No,1
Male,0,No,7,Yes,Yes,Fiber optic,Month-to-month,20,No,1
Male,0,No,14,Yes,No,DSL,Two year,20,No,1
Female,1,Yes,23,Yes,Yes,Fiber optic,Two year,88,No,3
Female,0,No,9,Yes,No,DSL,Month-to-month,92,Yes,0
Female,1,No,11,Yes,Yes,DSL,One year,100,Yes,3
Female,0,No,48,Yes,No,DSL,Month-to-month,75,No,2
Male,0,No,63,Yes,No,Fiber optic,Month-to-month,20,No,1
Female,0,No,6,Yes,Yes,DSL,Two year,100,Yes,0
Female,0,No,5,No,Yes,Fiber optic,One year,51,No,0
Male,0,No,70,Yes,No,Fiber optic,Month-to-month,88,No,2
Male,0,No,8,Yes,Yes,DSL,Month-to-month,66,No,0
Female,0,Yes,46,Yes,No,DSL,One year,25,No,1
Male,0,Yes,6,Yes,Yes,Fiber optic,Two year,20,No,1
Female,0,Yes,68,Yes,Yes,Fiber optic,Month-to-month,84,No,2
Male,0,Yes,31,Yes,Yes,DSL,Two year,21,No,1
Female,0,Yes,23,Yes,No,DSL,Month-to-month,20,No,1
Female,0,No,6,Yes,No,Fiber optic,Month-to-month,84,Yes,0
Male,0,No,1,Yes,Yes,DSL,Two year,51,Yes,0
Male,0,No,2,Yes,Yes,DSL,Two year,79,No,0
Male,1,No,43,Yes,No,DSL,Month-to-month,94,No,3
Male,0,Yes,46,Yes,Yes,DSL,Two year,20,No,1
Male,0,No,49,Yes,Yes,DSL,One year,99,No,2
Male,0,No,51,Yes,Yes,Fiber optic,One year,95,Yes,2
Male,0,Yes,28,Yes,Yes,DSL,Two year,93,No,0
Male,0,No,65,Yes,No,DSL,Two year,92,Yes,2
Male,0,No,51,Yes,Yes,Fiber optic,Month-to-month,83,No,2
Male,0,No,1,Yes,No,DSL,Month-to-month,21,No,1
Male,0,Yes,1,Yes,Yes,DSL,Two year,75,Yes,0
Female,0,No,24,Yes,No,DSL,Month-to-month,20,No,1
Female,0,No,48,No,No,DSL,Month-to-month,35,Yes,1
Male,1,No,1,Yes,No,Fiber optic,Month-to-month,80,Yes,3
Female,0,No,2,Yes,Yes,Fiber optic,Month-to-month,54,No,0
Male,0,No,27,Yes,Yes,Fiber optic,Two year,55,No,0
Male,0,Yes,1,Yes,No,DSL,Month-to-month,50,Yes,0
Female,0,Yes,70,No,No,Fiber optic,Month-to-month,58,No,2
Male,0,No,35,Yes,Yes,Fiber optic,Month-to-month,75,Yes,0
Male,0,No,67,No,No,Fiber optic,Month-to-month,49,No,2
Male,0,No,2,Yes,No,Fiber optic,Month-to-month,46,Yes,0
Female,0,Yes,15,Yes,Yes,Fiber optic,Month-to-month,21,No,1
Female,0,No,1,Yes,Yes,Fiber optic,One year,20,No,1
Male,0,Yes,62,Yes,No,DSL,Month-to-month,25,No,1
Female,0,Yes,36,Yes,No,DSL,Month-to-month,20,No,1
Male,0,No,1,Yes,Yes,DSL,Month-to-month,20,Yes,1
Male,0,No,72,Yes,Yes,Fiber optic,Month-to-month,105,No,2
Male,0,No,70,Yes,No,DSL,Month-to-month,79,No,2
Male,0,No,1,Yes,Yes,DSL,Two year,54,Yes,0
Male,0,No,24,Yes,No,DSL,Month-to-month,58,No,0
Male,1,No,45,Yes,No,DSL,Two year,63,Yes,3
Male,0,No,29,Yes,No,DSL,One year,20,No,1
Female,0,Yes,33,Yes,No,DSL,One year,89,No,2
Female,0,No,7,Yes,Yes,Fiber optic,Month-to-month,100,No,0
Female,0,No,7,Yes,Yes,Fiber optic,Month-to-month,80,Yes,0
Male,0,No,18,Yes,No,Fiber optic,Month-to-month,73,No,0
Male,0,Yes,2,Yes,No,DSL,Month-to-month,19,No,1
Male,0,Yes,66,Yes,No,DSL,Two year,80,No,2
Female,0,No,3,Yes,Yes,DSL,Month-to-month,20,Yes,1
Female,0,No,72,Yes,No,DSL,Month-to-month,26,No,1
Female,0,Yes,72,Yes,Yes,Fiber optic,Month-to-month,67,No,2
Female,1,No,13,No,No,Fiber optic,Month-to-month,45,No,3
Male,0,No,24,Yes,No,DSL,Month-to-month,86,No,0
Male,0,No,70,Yes,No,Fiber optic,Month-to-month,75,No,2
Male,0,Yes,71,Yes,Yes,Fiber optic,Two year,97,No,2
Male,0,No,56,Yes,Yes,DSL,Month-to-month,60,No,2
Female,0,No,6,Yes,No,Fiber optic,Month-to-month,94,Yes,0
Female,0,No,1,Yes,No,DSL,One year,45,Yes,0
Female,0,Yes,21,Yes,No,DSL,Month-to-month,45,No,1
Male,0,Yes,14,Yes,No,DSL,One year,65,Yes,0
Male,0,No,13,Yes,Yes,DSL,One year,66,No,0
Female,0,No,12,Yes,Yes,Fiber optic,Month-to-month,94,Yes,0
Male,0,No,65,Yes,No,DSL,Month-to-month,91,No,2
Male,0,No,30,Yes,No,DSL,Month-to-month,84,No,0
Female,0,No,2,No,Yes,Fiber optic,Two year,24,No,1
Female,0,Yes,12,Yes,No,DSL,Month-to-month,20,No,1
Male,0,No,56,Yes,Yes,DSL,Two year,107,No,2
Female,1,No,67,Yes,No,DSL,Month-to-month,92,No,3
Male,0,Yes,4,Yes,Yes,Fiber optic,Month-to-month,51,Yes,0
Female,1,No,65,Yes,Yes,Fiber optic,Month-to-month,94,No,3
Male,0,No,60,Yes,No,DSL,Two year,101,No,2
Female,0,No,37,Yes,No,DSL,Month-to-month,100,Yes,2
Male,0,No,72,Yes,No,DSL,Month-to-month,20,No,1
Female,0,Yes,52,Yes,No,DSL,Month-to-month,100,No,2
Male,1,No,13,Yes,No,DSL,Two year,107,Yes,3
Female,1,No,56,Yes,No,DSL,Month-to-month,97,No,3
Female,0,No,51,Yes,Yes,Fiber optic,Month-to-month,21,No,1
Male,0,Yes,7,No,No,DSL,Month-to-month,59,No,0
Female,1,No,17,Yes,Yes,Fiber optic,Month-to-month,94,No,3
Male,0,No,18,Yes,No,DSL,One year,20,No,1
Male,0,No,50,Yes,Yes,Fiber optic,One year,99,No,2
Female,1,No,32,Yes,No,DSL,Month-to-month,55,No,3
Female,0,No,1,Yes,No,Fiber optic,Month-to-month,75,Yes,0
Male,0,No,46,Yes,Yes,Fiber optic,Month-to-month,95,No,2
Male,0,Yes,16,Yes,Yes,DSL,Two year,20,No,1
Female,0,No,1,Yes,Yes,DSL,Month-to-month,71,Yes,0
Female,0,No,51,Yes,Yes,Fiber optic,Month-to-month,99,No,2
Female,0,No,25,Yes,Yes,Fiber optic,Month-to-month,109,No,0
Male,0,No,8,Yes,Yes,Fiber optic,Month-to-month,44,No,0
Female,0,No,33,Yes,No,Fiber optic,One year,54,No,0
Male,0,No,54,Yes,Yes,Fiber optic,Two year,65,No,2
Female,0,Yes,18,Yes,Yes,Fiber optic,Two year,25,No,1
Female,0,Yes,27,Yes,No,Fiber optic,Month-to-month,21,No,1
Male,0,Yes,68,Yes,Yes,Fiber optic,Month-to-month,101,No,2
Female,0,Yes,59,Yes,No,DSL,Month-to-month,25,No,1
Female,1,No,56,Yes,No,DSL,Month-to-month,77,No,3
Male,1,No,72,Yes,Yes,Fiber optic,Month-to-month,25,No,3
Female,1,No,54,Yes,No,Fiber optic,Month-to-month,72,No,3
Female,0,No,47,Yes,Yes,DSL,Two year,21,No,1
Male,0,Yes,50,No,No,DSL,Month-to-month,43,No,1
Male,0,No,71,Yes,No,DSL,One year,104,No,2
Female,0,No,1,Yes,No,Fiber optic,Two year,45,No,0
Female,0,No,3,Yes,No,Fiber optic,Month-to-month,76,Yes,0
Female,0,No,21,No,Yes,DSL,Two year,35,No,1
Male,0,Yes,66,No,Yes,Fiber optic,Two year,51,No,2
Female,0,Yes,48,Yes,No,DSL,Month-to-month,96,Yes,2
Male,1,No,47,Yes,Yes,Fiber optic,Month-to-month,100,Yes,3
Male,0,Yes,60,Yes,No,DSL,One year,24,No,1
Male,0,No,37,Yes,Yes,Fiber optic,Month-to-month,91,No,2
Male,0,Yes,18,Yes,Yes,DSL,Month-to-month,81,No,0
Male,0,Yes,72,Yes,No,Fiber optic,Month-to-month,90,No,2
Female,0,No,6,Yes,No,DSL,Month-to-month,91,No,0
Male,1,No,33,Yes,Yes,Fiber optic,One year,94,No,3
Male,0,No,35,Yes,No,DSL,Two year,97,No,2
Female,0,No,37,Yes,Yes,Fiber optic,Month-to-month,79,No,0
Male,1,No,1,Yes,No,DSL,Two year,70,Yes,3
Male,0,No,71,Yes,No,DSL,One year,24,No,1
Male,1,No,16,Yes,Yes,Fiber optic,One year,85,No,3
Male,1,No,54,Yes,Yes,Fiber optic,One year,74,No,3
Female,0,Yes,72,Yes,Yes,DSL,Two year,85,No,2
Female,0,No,12,Yes,Yes,DSL,Two year,80,No,0
Female,0,Yes,69,Yes,Yes,DSL,Two year,20,No,1
Male,1,No,24,Yes,Yes,Fiber optic,One year,103,Yes,3
Female,0,Yes,8,Yes,No,DSL,One year,20,Yes,1
Male,1,Yes,11,Yes,Yes,Fiber optic,Month-to-month,55,No,3
Female,0,No,9,Yes,Yes,Fiber optic,One year,44,No,0
Male,0,Yes,34,Yes,No,DSL,Month-to-month,78,Yes,2
Female,0,No,66,No,No,DSL,One year,47,No,2
Female,0,No,41,Yes,No,Fiber optic,Month-to-month,21,No,1
Female,0,Yes,16,Yes,Yes,DSL,One year,19,No,1
Male,0,No,65,Yes,Yes,DSL,Month-to-month,105,No,2
Male,0,No,27,Yes,No,DSL,Two year,20,No,1
Male,0,Yes,68,Yes,No,DSL,Two year,106,No,2
Male,1,No,23,Yes,No,DSL,Two year,106,Yes,3
Male,0,No,33,Yes,No,DSL,Two year,20,No,1
Male,1,No,25,Yes,Yes,Fiber optic,Month-to-month,90,Yes,3
Male,0,Yes,72,Yes,No,DSL,One year,114,No,2
Male,0,No,39,Yes,No,DSL,Two year,20,No,1
Male,0,Yes,62,Yes,No,Fiber optic,Month-to-month,20,No,1
Male,0,Yes,53,Yes,No,DSL,One year,20,Yes,1
Female,0,No,53,Yes,Yes,DSL,One year,100,No,2
Male,0,No,18,Yes,Yes,DSL,Two year,82,Yes,0
Male,1,No,62,Yes,Yes,Fiber optic,Two year,89,No,3
Female,0,No,70,Yes,Yes,Fiber optic,Month-to-month,65,Yes,2
Male,1,No,27,Yes,Yes,Fiber optic,Month-to-month,105,No,3
Female,0,No,61,Yes,No,DSL,Month-to-month,103,No,2
Male,1,No,53,Yes,No,Fiber optic,Month-to-month,104,Yes,3
Female,0,No,54,Yes,No,DSL,Two year,104,Yes,2
Male,1,Yes,64,Yes,Yes,DSL,Two year,112,No,3
Female,1,No,30,Yes,No,DSL,Two year,100,Yes,3
Female,0,Yes,50,Yes,Yes,Fiber optic,Month-to-month,21,No,1
Male,0,No,38,Yes,Yes,Fiber optic,Month-to-month,105,No,2
Female,0,Yes,72,Yes,No,DSL,One year,99,No,2
Male,1,No,39,Yes,No,DSL,One year,106,Yes,3
Male,0,No,30,Yes,No,DSL,Month-to-month,64,No,0
Female,1,No,26,Yes,No,DSL,One year,95,Yes,3
Female,0,No,6,Yes,Yes,DSL,Month-to-month,86,No,0
Female,0,No,16,Yes,No,DSL,One year,54,Yes,0
Female,0,Yes,51,No,No,Fiber optic,Month-to-month,56,No,1
Female,0,Yes,17,Yes,Yes,DSL,Two year,99,Yes,0
Female,0,No,1,Yes,No,Fiber optic,Month-to-month,79,Yes,0
Male,0,No,62,Yes,No,DSL,Month-to-month,20,No,1
Male,0,Yes,13,Yes,Yes,DSL,Month-to-month,65,No,0
Male,0,Yes,64,Yes,No,DSL,Two year,73,No,2
Male,0,No,44,Yes,No,Fiber optic,Month-to-month,85,No,2
Female,0,Yes,16,Yes,No,DSL,One year,113,No,0
Male,0,Yes,15,Yes,Yes,DSL,Two year,25,No,1
Female,0,Yes,36,No,No,Fiber optic,Month-to-month,41,No,1
Male,0,Yes,1,Yes,No,Fiber optic,Month-to-month,91,Yes,0
Male,1,No,24,Yes,No,DSL,Month-to-month,70,No,3
Female,0,No,60,Yes,No,DSL,Two year,20,No,1
Female,0,No,3,Yes,Yes,Fiber optic,Two year,92,Yes,0
Male,0,Yes,16,Yes,No,DSL,One year,91,No,0
Male,0,No,66,Yes,No,DSL,Two year,86,No,2
Male,0,No,66,Yes,No,DSL,One year,104,No,2
Male,0,No,45,Yes,No,DSL,One year,20,Yes,1
Male,1,Yes,43,Yes,No,Fiber optic,Month-to-month,111,Yes,3
Male,1,Yes,71,Yes,No,DSL,One year,20,No,3
Male,0,No,1,Yes,No,DSL,One year,45,Yes,0
Male,0,Yes,1,Yes,Yes,Fiber optic,One year,71,Yes,0
Female,1,No,20,Yes,No,Fiber optic,Month-to-month,81,No,3
Female,1,No,65,No,No,Fiber optic,Month-to-month,54,No,3
Male,0,Yes,19,Yes,No,DSL,Month-to-month,20,No,1
Male,0,No,36,Yes,Yes,DSL,Two year,20,No,1
Male,0,No,71,Yes,No,Fiber optic,Month-to-month,109,Yes,2
Female,1,No,1,No,No,Fiber optic,Month-to-month,25,Yes,3
Male,0,No,33,Yes,No,DSL,Two year,68,Yes,0
Male,0,No,71,Yes,No,Fiber optic,Month-to-month,54,No,2
Female,0,No,13,Yes,Yes,DSL,One year,68,No,0
Female,0,No,29,Yes,No,DSL,Month-to-month,19,No,1
Female,0,No,13,Yes,Yes,Fiber optic,Month-to-month,72,No,0
Male,0,No,22,No,Yes,Fiber optic,Two year,57,No,0
Male,1,No,7,Yes,No,DSL,Month-to-month,99,Yes,3
Male,0,No,47,Yes,Yes,DSL,Two year,25,No,1
Male,0,No,26,Yes,No,Fiber optic,Month-to-month,20,No,1
Male,1,No,13,Yes,Yes,Fiber optic,Month-to-month,60,No,3
Male,0,No,26,Yes,No,DSL,Month-to-month,90,Yes,0
Male,0,Yes,2,Yes,Yes,Fiber optic,One year,20,No,1
Female,0,No,4,No,No,Fiber optic,One year,24,Yes,1
Female,0,No,52,Yes,No,DSL,Month-to-month,81,No,2
Male,1,No,3,Yes,No,DSL,One year,91,Yes,3
Male,1,No,62,Yes,No,Fiber optic,One year,111,No,3
Female,0,Yes,70,Yes,Yes,Fiber optic,Two year,94,Yes,2
Female,0,No,71,Yes,Yes,Fiber optic,Month-to-month,104,No,2
Male,0,No,69,No,No,DSL,Month-to-month,36,No,1
Male,0,No,35,Yes,Yes,Fiber optic,Month-to-month,26,No,1
Male,0,No,63,Yes,Yes,DSL,Two year,103,No,2
Female,1,No,69,Yes,No,DSL,Month-to-month,105,No,3
Female,0,Yes,72,Yes,Yes,Fiber optic,Month-to-month,100,No,2
Female,0,No,36,Yes,Yes,Fiber optic,One year,80,No,0
Male,0,No,33,Yes,Yes,DSL,Two year,73,No,0
Female,0,No,28,Yes,No,DSL,One year,90,No,0
Female,0,No,27,Yes,Yes,Fiber optic,Two year,20,No,1
Female,0,No,1,Yes,No,DSL,Two year,74,No,0
Male,0,Yes,72,No,No,DSL,Month-to-month,38,No,1
Female,0,No,63,Yes,Yes,Fiber optic,Month-to-month,98,No,2
Male,0,Yes,12,Yes,No,DSL,Month-to-month,70,No,0
Male,0,Yes,12,Yes,No,DSL,Month-to-month,25,No,1
Female,1,No,70,Yes,No,Fiber optic,Month-to-month,113,No,3
Female,0,No,1,Yes,Yes,Fiber optic,Month-to-month,45,No,0
Female,0,No,20,Yes,No,Fiber optic,One year,89,No,0
Female,0,No,72,Yes,Yes,DSL,One year,25,No,1
Female,0,No,5,Yes,No,DSL,Month-to-month,76,No,0
Male,0,Yes,39,No,No,Fiber optic,One year,25,No,1
Male,0,No,1,Yes,No,DSL,Two year,54,No,0
Male,0,Yes,15,Yes,Yes,DSL,Two year,55,No,0
Female,0,No,72,Yes,No,DSL,One year,25,No,1
Male,0,Yes,24,No,No,Fiber optic,Two year,36,No,1
Male,0,Yes,34,Yes,No,DSL,Month-to-month,104,No,2
Female,0,No,9,Yes,Yes,Fiber optic,One year,80,Yes,0
Female,1,Yes,72,Yes,Yes,Fiber optic,Month-to-month,88,No,3
Female,0,Yes,8,Yes,Yes,Fiber optic,Month-to-month,21,No,1
Female,0,Yes,6,Yes,No,Fiber optic,Month-to-month,19,No,1
Female,0,No,36,Yes,No,DSL,Month-to-month,88,Yes,2
Male,0,No,72,Yes,No,DSL,Month-to-month,25,No,1
Female,0,No,8,Yes,No,DSL,Two year,50,Yes,0
Male,0,No,44,Yes,No,DSL,One year,20,No,1
Female,0,No,18,Yes,No,DSL,One year,70,No,0
Female,0,Yes,39,Yes,No,DSL,One year,100,No,2
Male,0,Yes,60,Yes,Yes,DSL,Two year,95,No,2
Male,1,No,1,No,Yes,Fiber optic,Month-to-month,40,Yes,3
Male,0,No,21,Yes,Yes,DSL,Month-to-month,20,No,1
Male,0,Yes,60,Yes,No,Fiber optic,Month-to-month,85,No,2
Female,0,Yes,62,Yes,Yes,Fiber optic,One year,71,No,2
Female,0,Yes,8,Yes,Yes,Fiber optic,Month-to-month,20,No,1
Male,0,No,65,Yes,No,DSL,Month-to-month,25,No,1
Female,0,Yes,17,Yes,No,Fiber optic,Month-to-month,21,No,1
Male,0,No,60,Yes,Yes,DSL,Month-to-month,61,No,2
Female,0,Yes,11,Yes,No,DSL,Two year,19,Yes,1
Female,0,No,2,Yes,No,DSL,One year,20,No,1
Female,0,No,21,Yes,No,DSL,Two year,104,Yes,0
Female,0,No,66,Yes,No,Fiber optic,Month-to-month,103,No,2
Male,0,No,16,Yes,Yes,Fiber optic,Month-to-month,19,No,1
Male,0,Yes,66,Yes,Yes,Fiber optic,Month-to-month,75,No,2
Female,0,No,46,Yes,No,DSL,One year,79,No,2
Female,0,No,70,Yes,No,Fiber optic,One year,90,No,2
Male,0,Yes,72,Yes,No,Fiber optic,Month-to-month,20,No,1
Male,0,No,1,Yes,No,DSL,Two year,45,No,0
Female,0,Yes,1,Yes,No,Fiber optic,One year,24,No,1
Male,1,No,8,Yes,No,DSL,One year,101,Yes,3
Female,0,No,2,Yes,No,Fiber optic,Two year,49,No,0
Male,0,Yes,1,Yes,Yes,Fiber optic,Month-to-month,19,No,1
Male,0,No,17,Yes,No,DSL,Month-to-month,20,No,1
Male,0,Yes,58,No,No,DSL,One year,50,No,1
Male,0,Yes,59,Yes,Yes,Fiber optic,Two year,87,No,2
Female,0,No,12,Yes,No,DSL,Two year,89,Yes,0
Female,0,No,3,Yes,No,DSL,One year,64,Yes,0
Male,0,Yes,32,No,No,Fiber optic,Month-to-month,51,No,1
Female,0,Yes,7,No,No,DSL,Two year,25,No,1
Male,0,Yes,8,Yes,Yes,Fiber optic,One year,20,No,1
Male,0,No,22,Yes,Yes,DSL,Month-to-month,85,Yes,0
Male,0,No,66,Yes,Yes,DSL,Month-to-month,97,No,2
Female,1,No,23,Yes,Yes,Fiber optic,Month-to-month,75,No,3
Female,1,No,1,Yes,Yes,Fiber optic,Month-to-month,86,Yes,3
Male,0,No,21,Yes,Yes,Fiber optic,Month-to-month,65,No,0
Female,0,No,9,Yes,Yes,DSL,One year,75,Yes,0
Female,0,Yes,44,Yes,No,DSL,One year,56,No,1
Male,1,No,15,Yes,Yes,DSL,Two year,79,Yes,3
Female,0,Yes,67,Yes,No,DSL,Month-to-month,74,No,2
Female,0,No,56,Yes,No,Fiber optic,Month-to-month,98,Yes,2
Female,0,No,4,No,Yes,Fiber optic,Month-to-month,29,No,1
Male,0,Yes,43,Yes,No,Fiber optic,Month-to-month,79,No,2
Male,1,No,61,Yes,No,DSL,One year,82,No,3
Male,0,No,44,Yes,Yes,DSL,Month-to-month,65,No,2
Female,0,Yes,9,Yes,Yes,DSL,One year,76,No,0
Female,0,Yes,72,Yes,No,DSL,Two year,116,No,2
Female,0,No,7,Yes,No,Fiber optic,Month-to-month,95,Yes,0
Male,0,No,9,Yes,No,DSL,Two year,44,No,0
Female,0,Yes,51,Yes,No,DSL,Month-to-month,20,No,1
Male,0,No,66,No,No,Fiber optic,Month-to-month,29,No,1
Male,0,No,14,Yes,Yes,Fiber optic,Two year,25,No,1
Female,0,Yes,10,Yes,No,DSL,One year,20,No,1
Female,0,No,17,Yes,No,DSL,Month-to-month,19,No,1
Male,0,No,48,Yes,No,Fiber optic,One year,95,No,2
Male,0,No,19,Yes,Yes,Fiber optic,One year,20,No,1
Male,0,Yes,1,Yes,No,Fiber optic,Month-to-month,19,No,1
Male,0,Yes,63,Yes,Yes,DSL,Month-to-month,20,No,1
Male,1,No,67,Yes,Yes,Fiber optic,Month-to-month,105,No,3
Female,0,Yes,63,Yes,No,DSL,Month-to-month,64,No,2
Female,1,Yes,71,Yes,Yes,DSL,One year,69,No,3
Male,0,Yes,36,Yes,No,Fiber optic,Month-to-month,54,No,1
Male,1,No,16,Yes,No,DSL,Month-to-month,92,No,3
Female,0,No,2,Yes,No,DSL,Month-to-month,21,No,1
Male,0,No,72,Yes,No,DSL,Month-to-month,105,No,2
Female,0,Yes,24,Yes,Yes,Fiber optic,Month-to-month,55,No,1
Male,0,No,42,Yes,Yes,Fiber optic,Month-to-month,102,Yes,2
Female,0,Yes,45,Yes,No,Fiber optic,Month-to-month,21,No,1
Male,0,No,59,Yes,No,DSL,Month-to-month,100,Yes,2
Female,0,No,63,Yes,Yes,Fiber optic,Month-to-month,96,No,2
Male,0,No,1,Yes,Yes,Fiber optic,Month-to-month,20,No,1
Male,0,No,43,Yes,No,DSL,Two year,60,No,2
Female,0,Yes,71,Yes,Yes,Fiber optic,Two year,87,No,2
Female,0,No,12,Yes,Yes,DSL,Two year,44,No,0
Male,0,Yes,25,Yes,Yes,Fiber optic,Month-to-month,19,No,1
Male,0,Yes,72,Yes,No,DSL,Two year,84,No,2
Female,0,No,6,Yes,No,DSL,One year,55,No,0
Male,0,Yes,30,Yes,No,Fiber optic,Two year,25,No,1
Female,1,No,46,Yes,Yes,Fiber optic,Month-to-month,100,No,3
Male,0,No,2,Yes,No,DSL,Two year,73,Yes,0
Female,0,No,47,Yes,Yes,DSL,Two year,106,No,2
Female,0,Yes,51,No,No,DSL,Month-to-month,34,No,1
Female,0,No,42,Yes,Yes,Fiber optic,Month-to-month,21,No,1
Female,0,No,62,Yes,No,DSL,Month-to-month,101,No,2
Female,0,No,5,Yes,No,DSL,Two year,21,No,1
Male,0,Yes,53,Yes,No,DSL,Two year,72,No,2
Female,0,No,10,Yes,No,DSL,Two year,99,Yes,0
Male,0,Yes,18,Yes,Yes,Fiber optic,Month-to-month,57,Yes,0
Male,0,No,1,Yes,Yes,DSL,Month-to-month,20,No,1
Female,0,Yes,51,Yes,No,DSL,Month-to-month,86,No,2
Male,1,No,61,Yes,No,DSL,Month-to-month,86,No,3
Male,0,No,7,Yes,Yes,Fiber optic,One year,45,No,0
Male,0,Yes,50,Yes,No,DSL,Two year,104,Yes,2
Male,0,No,4,Yes,No,DSL,Two year,80,No,0
Female,1,No,47,Yes,No,DSL,Month-to-month,85,Yes,3
Female,0,Yes,32,Yes,No,DSL,One year,62,No,0
Female,0,No,2,No,No,DSL,Month-to-month,45,Yes,0
Male,1,No,27,No,Yes,Fiber optic,Month-to-month,36,Yes,3
Female,0,Yes,10,Yes,No,Fiber optic,One year,56,No,0
Female,0,No,1,Yes,No,DSL,Month-to-month,80,Yes,0
Female,0,Yes,21,Yes,Yes,Fiber optic,Two year,74,Yes,0
Male,0,Yes,12,Yes,Yes,DSL,One year,21,No,1
Male,0,No,1,Yes,Yes,Fiber optic,Month-to-month,20,Yes,1
Female,1,No,51,Yes,No,DSL,One year,20,No,3
Female,0,Yes,3,Yes,No,Fiber optic,Month-to-month,59,No,0
Female,0,Yes,72,Yes,No,DSL,Month-to-month,107,No,2
Female,0,No,1,Yes,Yes,Fiber optic,Month-to-month,44,Yes,0
Male,0,No,5,Yes,No,DSL,Month-to-month,85,Yes,0
Female,1,No,1,Yes,Yes,DSL,Month-to-month,85,Yes,3
Male,0,No,66,Yes,No,DSL,Two year,25,No,1
Male,0,No,61,Yes,Yes,DSL,Month-to-month,75,No,2
Male,0,Yes,32,Yes,No,DSL,Two year,100,Yes,2
Female,0,No,65,Yes,No,Fiber optic,Month-to-month,19,No,1
Female,1,No,41,Yes,Yes,Fiber optic,Month-to-month,101,No,3
Female,0,No,14,Yes,No,DSL,Month-to-month,90,Yes,0
Male,0,Yes,2,Yes,No,DSL,Month-to-month,90,Yes,0
Female,0,No,29,Yes,Yes,Fiber optic,Month-to-month,58,No,0
Female,0,No,10,Yes,Yes,Fiber optic,Month-to-month,51,No,0
Male,0,Yes,32,Yes,No,Fiber optic,Month-to-month,70,Yes,0
Male,0,No,7,Yes,No,DSL,Two year,20,No,1
Female,0,No,71,Yes,No,Fiber optic,Month-to-month,77,No,2
Male,0,No,11,Yes,No,Fiber optic,Month-to-month,20,No,1
Male,0,No,2,Yes,No,Fiber optic,Month-to-month,21,No,1
Male,0,Yes,1,Yes,No,DSL,Month-to-month,21,No,1
Male,0,Yes,23,Yes,Yes,Fiber optic,Month-to-month,20,No,1
Female,0,Yes,62,Yes,No,DSL,Month-to-month,101,No,2
Female,0,No,7,Yes,Yes,Fiber optic,Month-to-month,79,No,0
Female,0,Yes,71,Yes,No,DSL,Month-to-month,114,No,2
Female,0,No,2,Yes,No,DSL,Month-to-month,87,Yes,0
Female,0,Yes,72,Yes,No,DSL,Two year,69,No,2
Female,0,Yes,71,Yes,Yes,Fiber optic,Month-to-month,20,No,1
Male,1,No,12,Yes,No,DSL,Month-to-month,80,Yes,3
Female,0,Yes,3,Yes,Yes,DSL,Month-to-month,44,Yes,1
Female,0,No,21,Yes,Yes,DSL,Month-to-month,99,No,0
Male,0,No,8,Yes,No,DSL,Two year,20,No,1
Male,0,No,10,Yes,No,DSL,Month-to-month,20,No,1
Male,0,No,3,Yes,No,DSL,One year,50,Yes,0
Male,0,No,52,Yes,No,DSL,Month-to-month,84,Yes,2
Male,0,No,58,Yes,Yes,DSL,Two year,19,No,1
Female,0,No,36,Yes,Yes,Fiber optic,Month-to-month,76,No,0
Male,0,No,61,Yes,No,DSL,Month-to-month,81,No,2
Male,0,Yes,62,Yes,Yes,Fiber optic,Two year,20,No,1
Female,1,No,72,Yes,No,DSL,Two year,115,No,3
Female,0,No,59,Yes,No,DSL,One year,93,No,2
Male,0,No,13,Yes,No,DSL,Month-to-month,20,No,1
Male,0,Yes,34,Yes,Yes,DSL,Two year,90,No,2
Female,0,Yes,1,Yes,Yes,DSL,One year,46,Yes,0
Male,0,No,22,Yes,No,DSL,Month-to-month,54,Yes,0
Female,0,No,71,Yes,Yes,Fiber optic,One year,24,No,1
Male,1,No,49,Yes,No,DSL,Month-to-month,90,Yes,3
Female,1,No,9,Yes,No,DSL,Month-to-month,90,No,3
Male,0,No,4,Yes,Yes,DSL,Two year,78,Yes,0
Male,0,Yes,72,Yes,Yes,Fiber optic,Month-to-month,25,No,1
Female,0,No,25,Yes,Yes,DSL,Two year,100,Yes,0
Male,1,No,1,No,No,DSL,One year,25,Yes,3
Male,0,No,42,Yes,No,DSL,Month-to-month,20,No,1
Female,1,No,35,Yes,No,DSL,Month-to-month,99,No,3
Female,0,Yes,1,No,No,Fiber optic,One year,25,No,1
Female,0,No,3,Yes,No,DSL,Month-to-month,19,No,1
Male,0,No,44,Yes,No,DSL,Two year,60,No,2
Male,0,Yes,45,Yes,No,Fiber optic,Month-to-month,95,No,2
Male,0,Yes,1,No,Yes,Fiber optic,Month-to-month,30,Yes,1
Male,0,No,71,Yes,Yes,DSL,Two year,91,No,2
Female,0,No,18,Yes,No,DSL,Month-to-month,96,No,0
Female,0,No,2,Yes,Yes,Fiber optic,One year,75,No,0
Female,0,Yes,1,Yes,No,DSL,Two year,50,Yes,0
Female,0,No,33,Yes,No,DSL,Month-to-month,100,No,0
Male,0,No,72,Yes,No,DSL,Month-to-month,89,No,2
Male,1,No,71,No,No,DSL,Two year,56,No,3
Female,0,Yes,2,Yes,Yes,Fiber optic,Month-to-month,74,Yes,0
Female,0,Yes,57,Yes,Yes,Fiber optic,Month-to-month,20,No,1
Female,0,Yes,52,Yes,No,Fiber optic,One year,51,No,1
Male,0,No,49,Yes,Yes,DSL,Month-to-month,104,Yes,2
Female,0,No,1,Yes,No,DSL,Month-to-month,71,Yes,0
Female,0,No,1,Yes,No,DSL,Two year,21,Yes,1
Female,0,Yes,7,Yes,Yes,Fiber optic,One year,21,No,1
Male,1,No,18,Yes,Yes,DSL,Two year,94,No,3
Male,0,No,2,Yes,Yes,Fiber optic,Month-to-month,70,No,0
Male,0,No,37,Yes,No,DSL,Month-to-month,55,No,1
Male,0,No,1,Yes,No,DSL,Month-to-month,24,Yes,1
Female,0,Yes,48,No,No,DSL,Month-to-month,45,No,1
Male,0,No,37,Yes,Yes,DSL,Month-to-month,96,No,2
Male,0,No,3,Yes,No,DSL,Month-to-month,74,No,0
Male,0,No,35,Yes,No,DSL,One year,55,Yes,1
Female,0,No,15,Yes,No,DSL,Two year,20,No,1
Male,0,No,1,Yes,Yes,Fiber optic,Month-to-month,20,No,1
Male,0,Yes,72,Yes,No,DSL,Two year,21,No,1
Male,0,No,18,Yes,Yes,Fiber optic,One year,19,No,1
Female,0,No,2,Yes,No,Fiber optic,Two year,86,Yes,0
Male,0,No,35,Yes,No,Fiber optic,Month-to-month,55,No,1
Female,0,No,11,Yes,Yes,DSL,Two year,49,Yes,0
Female,1,No,26,Yes,No,Fiber optic,Month-to-month,79,No,3
Male,1,No,37,Yes,No,DSL,One year,72,No,3
Female,1,No,56,Yes,Yes,Fiber optic,Month-to-month,100,No,3
Male,0,Yes,69,Yes,No,Fiber optic,Two year,60,No,2
Female,0,Yes,71,Yes,No,DSL,Month-to-month,20,No,1
Male,0,Yes,62,Yes,No,Fiber optic,Month-to-month,116,No,2
Male,0,No,50,No,No,Fiber optic,Month-to-month,35,No,1
Female,0,Yes,62,Yes,Yes,Fiber optic,Month-to-month,111,No,2
Female,0,No,54,Yes,No,DSL,Month-to-month,100,No,2
Male,0,No,63,Yes,No,DSL,One year,87,No,2
Male,0,Yes,22,Yes,No,Fiber optic,Month-to-month,58,No,0
Female,0,No,30,Yes,Yes,Fiber optic,Month-to-month,19,No,1
Male,1,No,57,Yes,No,Fiber optic,Month-to-month,54,No,3
Female,1,No,58,Yes,No,DSL,One year,98,No,3
Male,1,No,55,No,No,Fiber optic,Month-to-month,45,No,3
Female,0,No,37,Yes,Yes,Fiber optic,Month-to-month,102,Yes,2
Male,0,No,2,Yes,No,DSL,One year,54,No,0
Male,1,No,49,Yes,No,DSL,One year,88,No,3
Male,1,No,24,Yes,Yes,Fiber optic,Month-to-month,79,Yes,3
Female,0,No,29,Yes,No,Fiber optic,Month-to-month,55,No,0
Male,0,No,1,Yes,Yes,Fiber optic,Month-to-month,45,Yes,0
Male,0,No,72,Yes,No,DSL,Month-to-month,110,No,2
Female,0,No,11,Yes,Yes,Fiber optic,Month-to-month,64,No,0
Female,0,Yes,7,Yes,No,Fiber optic,One year,69,Yes,0
Female,0,Yes,59,Yes,No,DSL,Month-to-month,21,No,1
Female,0,No,68,Yes,Yes,Fiber optic,Two year,56,No,2
Female,0,Yes,67,Yes,Yes,Fiber optic,Month-to-month,94,No,2
Female,1,No,2,Yes,No,DSL,Month-to-month,79,Yes,3
Male,1,No,31,Yes,Yes,Fiber optic,Month-to-month,91,No,3
Male,0,Yes,16,Yes,No,DSL,One year,64,No,0
Female,0,No,1,Yes,Yes,DSL,Two year,80,Yes,0
Male,0,No,17,Yes,Yes,DSL,Two year,94,Yes,0
Female,1,No,7,Yes,Yes,Fiber optic,Month-to-month,89,No,3
Male,0,No,1,Yes,No,DSL,Month-to-month,21,No,1
Female,0,No,10,No,Yes,Fiber optic,Month-to-month,36,No,1
Female,0,No,2,Yes,No,DSL,Month-to-month,90,No,0
Female,0,Yes,59,Yes,Yes,DSL,One year,90,No,2
Female,1,No,3,Yes,No,DSL,Month-to-month,75,Yes,3
Female,0,No,72,Yes,Yes,Fiber optic,Month-to-month,85,No,2
Female,0,No,22,Yes,No,DSL,Month-to-month,89,No,0
Male,0,No,13,Yes,Yes,DSL,One year,51,No,0
Female,0,No,10,Yes,No,DSL,Two year,45,No,0
Female,0,Yes,35,No,No,DSL,Month-to-month,46,No,1
Male,0,No,71,Yes,No,DSL,Two year,99,No,2
Male,1,No,32,Yes,Yes,Fiber optic,Month-to-month,75,Yes,3
Male,0,No,5,Yes,No,Fiber optic,One year,56,No,0
Female,1,No,31,Yes,No,Fiber optic,Month-to-month,85,No,3
Male,0,No,46,Yes,Yes,Fiber optic,Month-to-month,45,No,1
Female,1,No,20,Yes,No,DSL,One year,79,Yes,3
Male,0,No,10,Yes,No,DSL,One year,80,No,0
Male,0,Yes,47,Yes,No,Fiber optic,Month-to-month,107,Yes,2
Female,0,No,23,Yes,No,Fiber optic,One year,90,No,0
Female,0,No,21,Yes,No,DSL,Two year,94,No,0
Female,0,No,63,Yes,Yes,Fiber optic,One year,90,No,2
Female,1,No,2,Yes,Yes,Fiber optic,Month-to-month,50,Yes,3
Female,0,No,5,Yes,Yes,Fiber optic,Two year,20,No,1
Female,1,No,4,Yes,No,DSL,Two year,80,No,3
Female,0,No,52,No,No,DSL,One year,66,No,2
Male,0,No,26,Yes,No,DSL,Month-to-month,20,No,1
Female,1,No,2,Yes,No,DSL,One year,70,Yes,3
Female,0,No,1,Yes,No,DSL,Month-to-month,20,No,1
Male,0,No,44,No,No,DSL,One year,54,No,1
Male,0,No,2,No,No,DSL,Month-to-month,25,Yes,1
Female,0,No,2,Yes,No,DSL,Two year,20,No,1
Female,0,No,33,Yes,No,DSL,Month-to-month,108,No,2
Male,0,No,30,Yes,Yes,Fiber optic,Month-to-month,95,No,0
Female,1,No,14,Yes,No,DSL,Month-to-month,100,Yes,3
Male,0,No,1,Yes,No,DSL,Month-to-month,20,Yes,1
Male,0,No,12,Yes,Yes,DSL,Two year,95,No,0
Male,0,No,41,Yes,Yes,Fiber optic,One year,89,No,2
Male,0,Yes,9,Yes,No,DSL,One year,103,No,0
Female,1,No,69,Yes,Yes,DSL,Two year,110,No,3
Male,0,No,1,Yes,Yes,Fiber optic,Month-to-month,80,Yes,0
Male,0,No,2,Yes,Yes,Fiber optic,Month-to-month,20,No,1
Female,0,No,2,Yes,No,DSL,Month-to-month,49,Yes,0
Male,0,No,30,Yes,No,Fiber optic,Month-to-month,56,No,0
Female,0,No,51,Yes,Yes,Fiber optic,Month-to-month,94,No,2
Female,1,No,50,Yes,Yes,Fiber optic,Two year,101,No,3
Female,0,No,69,Yes,No,Fiber optic,One year,24,No,1
Female,0,No,70,Yes,No,DSL,Two year,110,No,2
Male,0,No,52,Yes,No,Fiber optic,One year,61,No,2
Male,0,No,18,Yes,No,DSL,Month-to-month,49,Yes,0
Male,0,No,46,Yes,No,DSL,Month-to-month,89,No,2
Male,0,Yes,55,Yes,No,DSL,Month-to-month,19,No,1
Female,1,No,5,Yes,No,DSL,Two year,76,Yes,3
Female,1,No,3,Yes,Yes,Fiber optic,Month-to-month,87,Yes,3
Male,0,No,6,Yes,No,Fiber optic,Month-to-month,19,No,1
Male,0,Yes,70,Yes,No,DSL,Month-to-month,84,No,2
Female,0,Yes,59,Yes,Yes,Fiber optic,Two year,72,No,2
Female,0,No,40,No,Yes,Fiber optic,Month-to-month,55,No,1
Male,0,No,71,Yes,No,DSL,Two year,20,No,1
Male,0,No,5,Yes,No,Fiber optic,Month-to-month,80,No,0
Female,0,Yes,10,Yes,No,DSL,Two year,86,No,0
Female,1,Yes,65,Yes,Yes,Fiber optic,Month-to-month,107,No,3
Male,0,No,5,No,No,Fiber optic,Month-to-month,24,No,1
Male,0,Yes,1,Yes,No,DSL,One year,50,No,0
Male,0,Yes,57,Yes,Yes,DSL,One year,19,No,1
Female,0,No,62,Yes,No,DSL,Month-to-month,81,No,2
Male,1,No,30,Yes,No,Fiber optic,Month-to-month,69,No,3
Male,0,No,29,No,No,DSL,Two year,34,No,1
Female,0,Yes,56,Yes,Yes,Fiber optic,Month-to-month,25,No,1
Male,0,No,58,No,Yes,Fiber optic,Month-to-month,45,No,1
Male,1,No,35,Yes,Yes,Fiber optic,One year,73,No,3
Male,0,Yes,67,Yes,Yes,Fiber optic,Month-to-month,105,No,2
Female,0,No,70,Yes,No,Fiber optic,Month-to-month,85,No,2
Male,0,Yes,24,Yes,No,DSL,Month-to-month,56,No,1
Male,0,No,34,Yes,Yes,Fiber optic,Month-to-month,57,No,0
Female,1,No,71,Yes,Yes,DSL,One year,100,No,3
Female,1,No,4,Yes,Yes,Fiber optic,Month-to-month,83,No,3
Male,0,No,12,Yes,Yes,Fiber optic,Month-to-month,81,Yes,0
Male,0,No,15,Yes,No,DSL,Month-to-month,52,Yes,0
Male,0,Yes,46,Yes,Yes,Fiber optic,Month-to-month,25,No,1
Male,0,Yes,44,Yes,Yes,Fiber optic,Month-to-month,62,No,2
Male,0,No,40,Yes,Yes,Fiber optic,Two year,103,No,2
Female,1,No,14,Yes,Yes,DSL,Two year,105,Yes,3
Female,1,No,68,Yes,No,Fiber optic,Month-to-month,61,No,3
Male,0,No,33,Yes,No,DSL,Month-to-month,61,No,0
Female,0,Yes,29,Yes,Yes,Fiber optic,One year,20,No,1
Female,0,No,59,Yes,No,DSL,One year,107,No,2
Male,0,No,25,Yes,No,DSL,Month-to-month,74,No,0
Female,0,No,7,Yes,Yes,DSL,One year,69,No,0
Male,1,No,16,Yes,Yes,Fiber optic,Month-to-month,70,No,3
Male,0,Yes,38,Yes,No,DSL,Month-to-month,74,No,2
Female,0,No,10,Yes,Yes,Fiber optic,Two year,68,No,0
Male,0,No,69,Yes,No,DSL,Two year,20,No,1
Male,1,No,54,No,No,DSL,Month-to-month,55,No,3
Female,0,Yes,53,Yes,No,DSL,Month-to-month,85,No,2
Male,0,Yes,1,Yes,Yes,DSL,Two year,20,Yes,1
Female,0,No,41,Yes,No,Fiber optic,Month-to-month,75,No,2
Female,0,Yes,31,Yes,Yes,Fiber optic,Month-to-month,20,No,1
Male,1,No,20,Yes,No,Fiber optic,One year,107,No,3
Male,0,Yes,19,No,No,DSL,One year,25,No,1
Female,0,No,50,Yes,No,DSL,Two year,76,No,2
Male,0,Yes,27,Yes,Yes,DSL,Two year,20,No,1
Male,0,No,54,Yes,Yes,Fiber optic,Month-to-month,110,Yes,2
Female,1,No,42,Yes,No,Fiber optic,Month-to-month,95,No,3
Female,0,Yes,1,Yes,No,DSL,Month-to-month,19,No,1
Male,0,Yes,12,Yes,No,DSL,Month-to-month,19,No,1
Male,0,Yes,49,Yes,No,DSL,Month-to-month,101,Yes,2
Male,0,No,27,Yes,Yes,DSL,Month-to-month,69,No,0
Female,0,No,24,Yes,No,Fiber optic,Month-to-month,20,No,1
Male,0,Yes,67,Yes,Yes,Fiber optic,One year,105,No,2
Female,0,No,2,Yes,No,DSL,Two year,45,No,0
Male,0,No,72,Yes,No,Fiber optic,Month-to-month,114,No,2
Female,1,No,52,Yes,No,DSL,One year,106,No,3
Male,0,No,10,Yes,No,DSL,Month-to-month,74,Yes,0
Male,1,No,72,Yes,No,DSL,Month-to-month,74,No,3
Female,0,No,7,Yes,No,DSL,Two year,75,Yes,0
Male,1,Yes,72,Yes,No,DSL,Month-to-month,116,No,3
Female,0,Yes,51,Yes,No,Fiber optic,Month-to-month,81,No,2
Female,1,No,26,Yes,No,DSL,One year,98,No,3
Female,1,No,52,Yes,No,DSL,Month-to-month,109,No,3
Male,0,Yes,47,Yes,Yes,Fiber optic,Month-to-month,21,No,1
Male,0,No,36,Yes,Yes,Fiber optic,One year,19,No,1
Female,0,No,3,Yes,No,DSL,Month-to-month,20,Yes,1
Female,1,No,1,Yes,No,DSL,Two year,71,No,3
Male,1,No,12,No,Yes,DSL,Two year,44,Yes,3
Male,0,No,72,Yes,Yes,DSL,One year,112,No,2
Male,0,No,12,Yes,Yes,Fiber optic,Month-to-month,20,No,1
Male,1,No,1,Yes,Yes,Fiber optic,Two year,95,Yes,3
Male,0,No,30,Yes,No,DSL,One year,70,No,0
Female,0,No,42,Yes,No,DSL,Month-to-month,50,No,1
Male,0,No,3,Yes,Yes,Fiber optic,Month-to-month,69,Yes,0
Male,1,No,13,Yes,Yes,Fiber optic,Month-to-month,89,Yes,3
Female,0,No,12,Yes,Yes,DSL,Month-to-month,100,Yes,0
Male,1,No,57,Yes,Yes,Fiber optic,Month-to-month,101,Yes,3
Male,1,No,32,Yes,Yes,DSL,Two year,85,Yes,3
Male,0,No,68,Yes,No,DSL,Two year,77,No,2
Female,0,Yes,8,Yes,Yes,DSL,Two year,20,No,1
Female,0,No,1,Yes,No,Fiber optic,Month-to-month,20,Yes,1
Male,0,Yes,46,Yes,No,DSL,Two year,20,No,1
Male,0,No,10,Yes,Yes,Fiber optic,One year,95,No,0
Male,1,No,4,No,Yes,Fiber optic,Two year,30,No,3
Male,1,No,1,Yes,Yes,Fiber optic,Month-to-month,46,No,3
Female,1,No,4,Yes,Yes,Fiber optic,One year,85,Yes,3
Female,0,No,68,Yes,Yes,Fiber optic,One year,20,No,1
Male,0,Yes,58,Yes,No,DSL,One year,94,No,2
Male,0,No,1,No,Yes,Fiber optic,Two year,24,No,1
Male,1,No,12,Yes,No,DSL,Month-to-month,73,No,3
Male,0,Yes,72,Yes,No,DSL,Month-to-month,114,No,2
Female,0,No,5,Yes,Yes,Fiber optic,Month-to-month,100,Yes,0
Female,0,Yes,20,Yes,No,DSL,Two year,20,No,1
Male,0,Yes,27,Yes,No,DSL,Month-to-month,19,No,1
Female,0,No,31,Yes,No,DSL,Month-to-month,85,No,0
Female,0,No,70,Yes,Yes,Fiber optic,Two year,98,No,2
Male,0,Yes,67,Yes,No,DSL,One year,69,No,2
Male,0,No,3,Yes,Yes,Fiber optic,Month-to-month,50,No,0
Male,0,No,1,Yes,No,DSL,Two year,20,Yes,1
Male,0,Yes,28,Yes,Yes,Fiber optic,Month-to-month,54,No,1
Male,0,Yes,29,Yes,No,Fiber optic,Month-to-month,20,No,1
Female,0,No,4,Yes,No,DSL,Month-to-month,75,Yes,0
Female,0,No,50,Yes,No,DSL,One year,80,No,2
Female,1,No,34,Yes,Yes,DSL,Month-to-month,64,No,3
Male,0,Yes,67,Yes,No,DSL,One year,90,No,2
Male,0,Yes,72,Yes,No,DSL,Month-to-month,104,No,2
Female,1,No,4,Yes,No,DSL,One year,100,Yes,3
Female,1,No,7,Yes,Yes,Fiber optic,One year,84,No,3
Female,0,No,47,Yes,Yes,DSL,Month-to-month,104,No,2
Female,0,Yes,11,Yes,Yes,DSL,Two year,51,No,0
Male,0,No,40,Yes,Yes,Fiber optic,One year,105,Yes,2
Male,1,No,40,Yes,Yes,Fiber optic,One year,102,Yes,3
Female,0,No,41,Yes,No,DSL,Month-to-month,20,No,1
Male,0,No,31,Yes,Yes,Fiber optic,Month-to-month,94,No,0
Male,0,No,62,Yes,No,DSL,Month-to-month,23,No,1
Female,0,No,61,Yes,Yes,Fiber optic,One year,104,No,2
Female,0,Yes,67,No,Yes,Fiber optic,Two year,36,No,1
Female,1,No,72,Yes,Yes,Fiber optic,Month-to-month,24,No,3
Male,0,No,62,No,No,DSL,Month-to-month,39,No,1
Female,1,No,2,Yes,No,Fiber optic,Month-to-month,70,Yes,3
Female,0,No,59,Yes,Yes,Fiber optic,One year,100,No,2
Male,0,No,4,Yes,Yes,Fiber optic,Month-to-month,56,No,0
Male,0,No,72,Yes,No,Fiber optic,One year,90,No,2
Male,0,Yes,70,Yes,No,DSL,Month-to-month,65,No,2
Male,0,No,71,Yes,No,DSL,One year,24,No,1
Male,0,Yes,38,Yes,No,Fiber optic,One year,99,Yes,2
Male,1,No,19,Yes,No,Fiber optic,Two year,91,Yes,3
Male,0,No,3,Yes,No,DSL,One year,70,Yes,0
Female,0,Yes,4,Yes,Yes,Fiber optic,Month-to-month,58,No,0
Female,0,No,4,Yes,No,Fiber optic,One year,46,Yes,0
Male,0,Yes,18,Yes,Yes,Fiber optic,Month-to-month,95,Yes,0
Male,0,No,51,Yes,No,DSL,Two year,25,No,1
Female,0,No,13,Yes,No,Fiber optic,Month-to-month,85,Yes,0
Male,0,No,3,Yes,Yes,Fiber optic,Month-to-month,80,No,0
Female,1,No,10,Yes,No,DSL,Two year,85,Yes,3
Male,0,No,61,Yes,No,DSL,Two year,99,No,2
Male,0,No,12,Yes,Yes,Fiber optic,Month-to-month,20,No,1
Male,0,Yes,31,No,No,Fiber optic,Month-to-month,35,Yes,1
Male,0,No,1,Yes,Yes,Fiber optic,Month-to-month,20,No,1
Male,0,No,72,No,No,DSL,One year,66,No,2
Male,1,No,14,Yes,Yes,Fiber optic,Two year,90,Yes,3
Male,0,No,11,Yes,Yes,Fiber optic,Month-to-month,80,Yes,0
Male,1,Yes,56,Yes,Yes,Fiber optic,Two year,95,No,3
Male,0,No,31,Yes,Yes,Fiber optic,Month-to-month,81,No,0
Male,0,No,4,Yes,Yes,Fiber optic,One year,20,No,1
Male,1,No,21,Yes,Yes,Fiber optic,Month-to-month,65,No,3
Female,0,Yes,22,Yes,Yes,Fiber optic,Month-to-month,21,No,1
Male,0,Yes,1,Yes,Yes,Fiber optic,Two year,70,Yes,0
Male,1,No,23,Yes,Yes,DSL,One year,90,No,3
Female,0,No,29,No,No,DSL,Month-to-month,40,No,1
Male,1,No,47,Yes,No,DSL,One year,60,No,3
Female,1,No,65,Yes,Yes,Fiber optic,One year,109,No,3
Female,0,No,1,No,No,DSL,One year,30,No,1
Male,0,Yes,8,Yes,No,DSL,One year,54,No,0
Female,0,Yes,24,Yes,Yes,DSL,Two year,83,No,0
Male,1,No,9,Yes,No,DSL,Month-to-month,84,Yes,3
Male,1,No,5,Yes,No,DSL,Month-to-month,50,Yes,3
Female,1,No,25,Yes,No,DSL,Month-to-month,90,Yes,3
Female,0,No,2,Yes,Yes,Fiber optic,Month-to-month,69,Yes,0
Female,0,Yes,6,Yes,No,DSL,Two year,20,No,1
Male,0,Yes,41,Yes,Yes,Fiber optic,One year,20,No,1
Female,0,No,11,Yes,Yes,DSL,Month-to-month,45,No,0
Female,1,No,29,Yes,No,DSL,One year,99,Yes,3
Female,0,Yes,30,Yes,No,Fiber optic,Month-to-month,20,No,1
Female,0,Yes,72,Yes,Yes,Fiber optic,Month-to-month,116,No,2
Male,0,Yes,70,Yes,Yes,DSL,Two year,98,No,2
Female,0,No,25,Yes,Yes,DSL,One year,54,No,0
Female,0,Yes,12,No,Yes,DSL,Two year,29,Yes,1
Female,0,No,12,Yes,Yes,Fiber optic,Month-to-month,20,No,1
Female,0,No,63,Yes,No,DSL,Month-to-month,108,Yes,2
Female,0,No,47,Yes,No,DSL,Month-to-month,99,Yes,2
Male,0,No,72,Yes,No,DSL,Two year,99,No,2
Female,0,No,18,Yes,No,Fiber optic,Month-to-month,50,No,0
Female,0,No,71,Yes,No,DSL,Month-to-month,85,No,2
Male,0,No,1,Yes,No,Fiber optic,Month-to-month,75,Yes,0
Male,0,Yes,42,Yes,Yes,Fiber optic,One year,54,No,1
Female,0,No,19,Yes,No,DSL,Two year,89,No,0
Male,0,Yes,72,Yes,Yes,Fiber optic,One year,105,No,2
Female,0,No,70,Yes,No,DSL,One year,114,No,2
Female,1,Yes,56,Yes,Yes,Fiber optic,One year,73,No,3
Female,0,No,46,No,Yes,Fiber optic,Two year,46,No,1
Female,0,No,2,Yes,Yes,Fiber optic,Month-to-month,20,No,1
Female,0,Yes,72,Yes,No,DSL,One year,108,No,2
Male,1,No,69,Yes,No,DSL,Two year,85,No,3
Female,0,No,1,Yes,Yes,Fiber optic,Month-to-month,20,No,1
Female,0,No,53,Yes,Yes,Fiber optic,Month-to-month,21,Yes,1
Female,0,No,29,Yes,No,Fiber optic,Month-to-month,20,No,1
Male,0,No,35,No,Yes,Fiber optic,Month-to-month,49,No,1
Male,0,No,9,Yes,No,DSL,Month-to-month,88,No,0
Male,0,No,19,Yes,No,DSL,Month-to-month,89,No,0
Female,0,No,61,Yes,No,Fiber optic,Month-to-month,115,No,2
Male,0,No,8,Yes,No,DSL,Two year,55,No,0
Female,0,No,29,Yes,Yes,Fiber optic,Month-to-month,101,No,0
Male,0,No,72,Yes,No,Fiber optic,Month-to-month,108,No,2
Male,0,Yes,1,Yes,No,DSL,Two year,100,Yes,0
Female,0,No,7,Yes,No,DSL,Two year,67,No,0
Male,0,No,16,Yes,Yes,DSL,Month-to-month,49,No,0
Male,0,Yes,21,No,No,DSL,Month-to-month,26,No,1
Female,0,No,7,No,No,DSL,Month-to-month,40,Yes,1
Male,1,No,7,Yes,No,Fiber optic,Month-to-month,90,Yes,3
Male,0,Yes,32,Yes,No,DSL,Two year,91,No,2
Male,0,No,67,Yes,No,DSL,Month-to-month,116,Yes,2
Female,0,Yes,67,Yes,Yes,Fiber optic,One year,109,No,2
Male,0,No,24,Yes,No,DSL,Month-to-month,55,No,0
Male,0,No,17,Yes,No,DSL,Two year,21,No,1
Male,0,No,24,Yes,Yes,Fiber optic,Two year,50,No,0
Male,0,No,28,Yes,No,DSL,Two year,97,No,0
Female,1,No,38,Yes,No,Fiber optic,One year,95,No,3
Female,0,Yes,38,Yes,No,DSL,Month-to-month,80,Yes,2
Male,0,No,1,Yes,Yes,Fiber optic,One year,79,Yes,0
Male,0,Yes,72,Yes,Yes,DSL,One year,103,Yes,2
Female,0,No,8,Yes,No,DSL,One year,101,Yes,0
Male,1,No,62,Yes,No,DSL,Month-to-month,90,No,3
Male,0,No,67,Yes,No,DSL,Two year,88,No,2
Female,0,Yes,18,Yes,Yes,DSL,One year,20,No,1
Male,0,No,2,Yes,No,DSL,Month-to-month,64,No,0
Male,0,Yes,33,No,No,Fiber optic,Month-to-month,34,No,1
Female,0,No,71,Yes,No,DSL,Two year,24,No,1
Female,0,No,7,Yes,No,DSL,One year,21,No,1
Male,0,No,5,Yes,No,Fiber optic,Month-to-month,70,Yes,0
Female,0,Yes,17,Yes,Yes,Fiber optic,Two year,93,No,0
Male,0,No,12,Yes,No,Fiber optic,One year,20,No,1
Female,1,No,50,Yes,No,DSL,Month-to-month,109,No,3
Male,0,No,45,Yes,No,DSL,Month-to-month,51,No,1
Male,0,No,56,Yes,No,DSL,Two year,99,No,2
Female,0,Yes,59,Yes,Yes,Fiber optic,Month-to-month,76,No,2
Male,0,No,1,Yes,Yes,DSL,One year,87,Yes,0
Male,0,No,1,Yes,Yes,Fiber optic,Month-to-month,81,Yes,0
Male,0,Yes,67,Yes,No,DSL,Month-to-month,90,No,2
Male,0,Yes,39,No,No,DSL,Two year,45,No,1
Female,0,Yes,36,Yes,No,DSL,Two year,93,No,2
Female,0,Yes,72,Yes,No,Fiber optic,Month-to-month,70,No,2
Male,1,No,66,Yes,Yes,DSL,Two year,100,Yes,3
Female,0,No,9,Yes,Yes,Fiber optic,Two year,20,No,1
Female,0,No,68,Yes,No,DSL,One year,26,No,1
Male,0,No,7,Yes,Yes,Fiber optic,Two year,24,No,1
Male,0,No,1,Yes,Yes,DSL,Two year,20,No,1
Male,0,No,4,Yes,No,Fiber optic,One year,50,Yes,0
Male,0,No,39,Yes,No,Fiber optic,Month-to-month,73,No,2
Female,0,Yes,7,Yes,No,DSL,Month-to-month,21,No,1
Male,1,No,72,Yes,No,Fiber optic,Month-to-month,84,No,3
Male,1,No,46,Yes,Yes,Fiber optic,Month-to-month,101,Yes,3
Male,0,Yes,61,Yes,No,DSL,One year,98,No,2
Male,0,No,20,Yes,No,DSL,Two year,20,No,1
Male,0,No,43,Yes,No,DSL,Month-to-month,100,Yes,2
Male,0,Yes,62,Yes,No,DSL,Month-to-month,21,No,1
Female,0,Yes,69,No,Yes,Fiber optic,Month-to-month,46,No,2
Male,0,Yes,2,Yes,No,DSL,One year,61,No,0
Male,1,No,32,Yes,Yes,DSL,Two year,81,No,3
Male,0,No,10,Yes,Yes,DSL,Two year,104,Yes,0
Male,0,Yes,68,Yes,Yes,Fiber optic,Month-to-month,100,No,2
Male,0,No,13,Yes,No,DSL,Two year,75,Yes,0
Male,0,No,2,Yes,No,DSL,Two year,54,Yes,0
Male,0,No,34,Yes,Yes,DSL,Two year,26,No,1
Female,0,Yes,72,Yes,No,Fiber optic,Month-to-month,90,No,2
Male,0,No,64,Yes,No,DSL,Month-to-month,105,No,2
Male,0,Yes,60,Yes,Yes,Fiber optic,Month-to-month,21,No,1
Female,0,No,3,Yes,Yes,Fiber optic,One year,65,No,0
Female,0,No,2,Yes,Yes,Fiber optic,Month-to-month,70,No,0
Female,0,No,65,Yes,No,Fiber optic,Two year,96,No,2
Male,0,Yes,50,Yes,Yes,Fiber optic,Month-to-month,25,No,1
Female,0,No,63,Yes,No,DSL,Month-to-month,81,No,2
Female,1,No,60,Yes,Yes,DSL,One year,89,No,3
Female,0,No,22,Yes,No,DSL,Month-to-month,26,No,1
Female,1,No,8,Yes,Yes,DSL,Two year,81,Yes,3
Female,0,No,23,Yes,Yes,Fiber optic,One year,74,No,0
Male,0,No,4,Yes,No,Fiber optic,Month-to-month,74,Yes,0
Male,1,No,2,Yes,Yes,Fiber optic,Month-to-month,19,No,3
Female,0,Yes,20,Yes,No,DSL,One year,20,No,1
Female,0,Yes,0,Yes,Yes,Fiber optic,Month-to-month,81,No,0
Female,0,Yes,2,Yes,Yes,DSL,Month-to-month,20,Yes,1
Female,0,No,62,Yes,Yes,Fiber optic,Month-to-month,26,No,1
Female,1,No,14,Yes,No,DSL,Month-to-month,80,No,3
Female,0,No,56,Yes,No,DSL,Month-to-month,20,No,1
Female,1,No,34,Yes,No,DSL,Month-to-month,94,Yes,3
Male,0,No,63,Yes,No,Fiber optic,Month-to-month,90,No,2
Female,0,Yes,49,No,Yes,Fiber optic,Month-to-month,36,No,1
Male,0,No,34,Yes,No,DSL,One year,101,No,2
Male,0,No,1,Yes,No,DSL,Two year,44,No,0
Male,0,Yes,72,Yes,No,Fiber optic,Month-to-month,91,No,2
Male,0,Yes,13,Yes,Yes,Fiber optic,Month-to-month,50,No,1
Female,0,Yes,68,Yes,No,Fiber optic,Month-to-month,83,Yes,2
Female,0,No,4,Yes,No,DSL,One year,70,Yes,0
Male,0,No,18,Yes,No,Fiber optic,Month-to-month,55,No,0
Male,0,No,19,Yes,No,DSL,Month-to-month,100,Yes,0
Female,1,No,40,Yes,No,DSL,One year,79,Yes,3
Female,0,Yes,14,Yes,No,Fiber optic,Month-to-month,20,No,1
Female,0,No,46,Yes,No,DSL,Two year,45,No,1
Male,0,No,1,Yes,No,DSL,Two year,85,Yes,0
Female,0,No,8,Yes,Yes,DSL,Month-to-month,65,No,0
Male,0,Yes,23,Yes,No,Fiber optic,One year,60,No,0
Female,1,No,56,Yes,Yes,Fiber optic,One year,73,No,3
Male,0,No,3,Yes,Yes,Fiber optic,Two year,84,No,0
Female,0,No,55,Yes,No,DSL,Two year,65,No,2
Male,0,No,4,Yes,Yes,DSL,Two year,49,No,0
Female,0,Yes,72,No,Yes,Fiber optic,Month-to-month,65,No,2
Female,0,No,17,Yes,No,Fiber optic,Two year,19,No,1
Female,0,Yes,65,Yes,No,DSL,Month-to-month,99,No,2
Male,0,No,1,Yes,Yes,Fiber optic,One year,20,Yes,1
Female,0,No,52,Yes,No,Fiber optic,Month-to-month,80,No,2
Male,0,No,25,Yes,Yes,Fiber optic,One year,20,No,1
Female,0,No,58,Yes,Yes,DSL,Month-to-month,94,No,2
Female,0,No,71,No,No,Fiber optic,One year,48,No,2
Male,0,No,3,Yes,No,DSL,Two year,74,No,0
Male,0,Yes,17,Yes,Yes,Fiber optic,Month-to-month,67,No,0
Male,0,No,1,Yes,Yes,Fiber optic,Two year,70,No,0
Male,0,No,17,Yes,Yes,Fiber optic,Two year,80,No,0
Female,0,Yes,13,Yes,No,DSL,Two year,54,No,0
Female,1,No,1,Yes,No,DSL,Two year,70,Yes,3
Male,0,No,29,Yes,No,Fiber optic,Month-to-month,59,No,0
Female,0,No,57,Yes,Yes,Fiber optic,Two year,113,Yes,2
Female,0,No,12,Yes,Yes,Fiber optic,Month-to-month,51,No,0
Male,1,No,13,Yes,Yes,DSL,Two year,90,Yes,3
Male,0,No,53,Yes,Yes,Fiber optic,Month-to-month,25,No,1
Male,0,No,57,Yes,No,Fiber optic,Month-to-month,60,No,2
Female,1,No,65,Yes,Yes,DSL,Two year,106,Yes,3
Female,0,No,4,Yes,Yes,DSL,Month-to-month,60,Yes,0
Female,1,No,13,Yes,No,DSL,One year,55,No,3
Female,0,Yes,8,Yes,No,DSL,Month-to-month,19,No,1
Female,0,No,60,Yes,No,Fiber optic,One year,106,No,2
Female,0,No,15,Yes,Yes,Fiber optic,Month-to-month,88,Yes,0
Female,0,No,1,Yes,No,Fiber optic,One year,70,Yes,0
Female,0,No,4,Yes,No,DSL,Month-to-month,20,No,1
Male,0,Yes,34,No,Yes,DSL,Month-to-month,30,No,1
Male,0,Yes,1,Yes,No,Fiber optic,Month-to-month,45,No,1
Female,1,No,35,Yes,Yes,Fiber optic,Month-to-month,108,No,3
Male,0,Yes,2,Yes,No,DSL,Month-to-month,55,No,0
Female,0,Yes,34,Yes,Yes,DSL,Two year,21,No,1
Male,0,No,15,Yes,Yes,DSL,Two year,20,No,1
Female,0,No,42,Yes,No,DSL,Month-to-month,66,No,2
Female,0,No,70,Yes,Yes,Fiber optic,Month-to-month,20,No,1
Male,0,Yes,34,Yes,Yes,Fiber optic,Two year,79,No,2
Male,0,No,1,Yes,No,DSL,Month-to-month,20,Yes,1
Male,1,No,42,Yes,No,DSL,Month-to-month,79,No,3
Female,0,No,1,Yes,Yes,Fiber optic,One year,19,No,1
Female,0,Yes,57,Yes,No,Fiber optic,Two year,53,No,2
Female,0,No,14,Yes,Yes,Fiber optic,Month-to-month,65,Yes,0
Male,0,No,10,Yes,Yes,Fiber optic,One year,57,No,0
Female,0,No,22,Yes,No,DSL,One year,65,No,0
Female,0,No,15,Yes,No,DSL,Two year,20,Yes,1
Male,0,No,60,Yes,No,Fiber optic,Month-to-month,24,No,1
Male,1,No,9,Yes,No,DSL,Month-to-month,99,Yes,3
Male,0,No,59,Yes,No,DSL,Month-to-month,61,No,2
Male,0,No,34,Yes,No,DSL,Month-to-month,106,Yes,2
Female,0,No,1,Yes,No,DSL,Month-to-month,100,Yes,0
Female,0,No,48,Yes,No,Fiber optic,Month-to-month,97,No,2
Male,0,Yes,71,Yes,No,DSL,Two year,90,No,2
Female,0,Yes,71,No,No,DSL,Two year,60,No,2
Female,0,No,9,Yes,Yes,DSL,One year,44,Yes,0
Female,0,No,10,Yes,No,DSL,Month-to-month,24,No,1
Female,0,No,72,Yes,No,DSL,Two year,115,No,2
Male,0,No,3,No,No,DSL,One year,30,No,1
Male,0,No,57,No,No,DSL,One year,54,No,2
Female,0,No,35,Yes,Yes,Fiber optic,One year,57,No,0
Male,0,No,50,Yes,No,Fiber optic,Month-to-month,70,No,2
Male,0,No,9,Yes,No,Fiber optic,Month-to-month,86,No,0
Male,0,Yes,12,Yes,No,Fiber optic,Two year,49,No,1
Male,1,No,60,Yes,Yes,Fiber optic,Month-to-month,98,No,3
Male,0,No,46,No,Yes,DSL,Month-to-month,30,Yes,1
Female,0,No,12,No,No,DSL,Month-to-month,34,No,1
Female,0,No,11,Yes,Yes,Fiber optic,Month-to-month,54,No,0
Male,0,No,39,No,Yes,DSL,Month-to-month,41,No,1
Male,0,Yes,50,Yes,No,Fiber optic,Month-to-month,104,Yes,2
Female,0,No,19,Yes,Yes,DSL,Two year,87,No,0
Male,0,Yes,72,Yes,No,Fiber optic,Two year,105,No,2
Male,1,No,7,Yes,No,Fiber optic,Month-to-month,96,Yes,3
Male,0,No,37,Yes,No,DSL,Month-to-month,67,No,0
Male,0,Yes,31,Yes,Yes,Fiber optic,Month-to-month,26,No,1
Female,0,No,1,Yes,No,DSL,One year,70,Yes,0
Female,1,No,72,Yes,Yes,Fiber optic,Month-to-month,112,No,3
Female,0,Yes,32,Yes,Yes,Fiber optic,Two year,61,No,0
Male,0,No,46,Yes,No,DSL,Month-to-month,73,No,2
Female,0,No,27,Yes,Yes,DSL,Two year,96,No,0
Male,0,Yes,69,Yes,No,DSL,One year,21,No,1
Female,1,No,4,Yes,Yes,Fiber optic,One year,89,Yes,3
Male,0,No,14,Yes,No,DSL,Month-to-month,93,No,0
Female,0,No,32,Yes,No,DSL,Month-to-month,20,No,1
Male,0,No,67,Yes,No,DSL,Month-to-month,19,No,1
Female,0,No,1,Yes,Yes,DSL,Two year,20,No,1
Male,0,No,43,Yes,Yes,Fiber optic,Month-to-month,91,No,2
Male,0,No,21,Yes,No,Fiber optic,Month-to-month,20,No,1
Male,0,No,2,Yes,No,Fiber optic,Month-to-month,49,No,0
Female,0,No,12,No,Yes,DSL,Two year,50,No,0
Female,0,No,28,No,No,DSL,One year,36,No,1
Female,1,No,30,Yes,No,DSL,Month-to-month,104,No,3
Male,0,No,16,Yes,No,Fiber optic,Month-to-month,89,Yes,0
Male,0,Yes,31,Yes,No,DSL,Two year,79,Yes,0
Female,0,Yes,14,Yes,No,DSL,Month-to-month,59,No,0
Female,1,No,72,Yes,No,Fiber optic,Month-to-month,110,No,3
Female,0,Yes,53,Yes,No,DSL,One year,21,No,1
Male,0,No,68,No,Yes,Fiber optic,One year,40,No,1
Female,0,No,50,Yes,No,DSL,One year,90,No,2
Female,1,No,70,Yes,No,DSL,Month-to-month,106,No,3
Female,0,No,65,Yes,No,DSL,One year,60,No,2
Female,0,No,1,Yes,Yes,DSL,Two year,70,Yes,0
Female,0,No,36,Yes,No,DSL,Month-to-month,95,No,2
Female,0,No,57,No,No,Fiber optic,Month-to-month,59,No,2
Female,0,No,9,Yes,Yes,DSL,Two year,88,No,0
Male,0,Yes,3,Yes,Yes,DSL,Month-to-month,55,Yes,0
Female,0,Yes,19,Yes,No,Fiber optic,Two year,25,No,1
Female,0,No,68,Yes,No,DSL,Month-to-month,119,No,2
Male,1,No,29,Yes,No,DSL,Two year,96,Yes,3
Female,1,No,17,Yes,Yes,DSL,Month-to-month,83,No,3
Male,1,No,71,Yes,No,Fiber optic,One year,115,No,3
Male,0,Yes,1,Yes,Yes,Fiber optic,Month-to-month,89,Yes,0
Female,0,Yes,49,Yes,No,DSL,Month-to-month,79,No,2
Female,0,No,13,Yes,Yes,Fiber optic,One year,84,Yes,0
Male,0,No,39,Yes,No,DSL,Month-to-month,100,No,2
Female,0,Yes,49,Yes,No,Fiber optic,Month-to-month,20,No,1
Female,0,Yes,22,Yes,No,Fiber optic,Month-to-month,85,No,0
Male,0,Yes,61,Yes,No,DSL,Two year,68,No,2
Male,0,No,1,Yes,Yes,DSL,One year,21,Yes,1
Female,0,No,2,Yes,Yes,DSL,One year,104,Yes,0
Female,0,Yes,7,Yes,Yes,Fiber optic,One year,20,No,1
Male,1,No,71,Yes,No,DSL,One year,25,No,3
Male,0,No,17,Yes,No,DSL,Month-to-month,20,No,1
Female,0,No,3,Yes,Yes,Fiber optic,One year,76,Yes,0
Male,0,No,72,Yes,No,DSL,One year,25,No,1
Male,1,No,40,Yes,No,DSL,Two year,56,No,3
Male,0,No,14,Yes,Yes,Fiber optic,Month-to-month,20,No,1
Female,0,No,65,Yes,Yes,Fiber optic,Month-to-month,108,No,2
Female,0,No,47,Yes,Yes,DSL,Two year,100,No,2
Male,0,No,25,Yes,No,DSL,Month-to-month,20,No,1
Male,1,No,2,Yes,Yes,Fiber optic,Two year,73,No,3
Male,1,No,46,No,No,Fiber optic,Month-to-month,60,Yes,3
Female,0,Yes,55,Yes,No,DSL,One year,21,No,1
Female,0,No,63,Yes,No,DSL,Month-to-month,110,No,2
Male,0,Yes,62,Yes,Yes,Fiber optic,Two year,86,No,2
Female,0,No,48,No,Yes,DSL,Two year,45,Yes,1
Male,0,No,18,Yes,No,Fiber optic,Month-to-month,78,No,0
Male,0,No,71,Yes,Yes,Fiber optic,Month-to-month,86,No,2
Male,0,Yes,35,Yes,No,Fiber optic,Month-to-month,90,No,2
Female,0,No,27,Yes,No,DSL,Month-to-month,57,No,0
Male,0,Yes,68,Yes,No,Fiber optic,Month-to-month,92,No,2
Female,0,No,3,Yes,Yes,DSL,Two year,20,No,1
Female,0,No,39,Yes,No,Fiber optic,Month-to-month,21,No,1
Female,0,No,53,Yes,No,DSL,One year,94,No,2
Female,0,Yes,28,Yes,No,DSL,Month-to-month,90,Yes,0
Male,0,No,5,Yes,No,DSL,One year,75,No,0
Male,0,No,10,Yes,No,DSL,Month-to-month,20,No,1
Male,0,No,50,No,No,DSL,Two year,35,No,1
Male,0,No,19,Yes,No,DSL,Two year,79,No,0
Male,0,Yes,17,Yes,No,Fiber optic,Month-to-month,70,No,0
Male,0,No,20,Yes,No,Fiber optic,Month-to-month,52,No,0
Female,0,Yes,63,Yes,Yes,Fiber optic,Two year,20,No,1
Male,0,No,72,Yes,No,DSL,Month-to-month,87,No,2
Male,0,No,52,Yes,No,Fiber optic,Month-to-month,92,No,2
Female,0,Yes,59,Yes,No,DSL,Month-to-month,20,No,1
Male,0,Yes,30,Yes,Yes,Fiber optic,Month-to-month,64,No,0
Female,1,No,19,Yes,No,DSL,Month-to-month,95,No,3
Male,0,Yes,47,Yes,Yes,DSL,Two year,113,No,2
Male,0,No,43,No,No,DSL,Month-to-month,44,No,1
Male,0,No,57,No,Yes,DSL,Two year,58,No,2
Male,0,No,59,Yes,Yes,Fiber optic,One year,54,No,2
Female,0,No,12,Yes,Yes,Fiber optic,Month-to-month,85,No,0
Male,0,No,43,Yes,No,Fiber optic,Month-to-month,56,No,1
Male,0,No,64,Yes,Yes,Fiber optic,Month-to-month,87,No,2
Male,0,Yes,6,Yes,Yes,DSL,One year,20,No,1
Male,1,No,1,Yes,Yes,DSL,Two year,70,Yes,3
Male,0,Yes,17,Yes,No,Fiber optic,Month-to-month,25,No,1
Female,1,No,60,Yes,No,DSL,Month-to-month,106,Yes,3
Male,0,Yes,72,Yes,Yes,DSL,One year,114,No,2
Male,0,No,5,No,No,DSL,Month-to-month,43,Yes,1
Female,0,Yes,65,Yes,No,DSL,One year,109,No,2
Male,0,No,6,Yes,No,DSL,Two year,59,No,0
Male,0,No,4,Yes,Yes,Fiber optic,Two year,74,Yes,0
Female,0,Yes,20,Yes,No,DSL,One year,106,Yes,0
Female,0,No,61,Yes,Yes,Fiber optic,Two year,24,No,1
Female,1,No,65,Yes,Yes,DSL,Two year,105,Yes,3
Female,0,No,72,Yes,No,Fiber optic,Month-to-month,116,No,2
Female,1,No,8,Yes,Yes,Fiber optic,Month-to-month,106,Yes,3
Female,0,No,12,Yes,No,DSL,Month-to-month,74,Yes,0
Female,1,No,43,Yes,No,DSL,One year,108,Yes,3
Female,1,No,30,No,No,Fiber optic,One year,40,Yes,3
Male,0,No,58,Yes,No,DSL,Month-to-month,81,No,2
Female,0,No,46,Yes,No,DSL,Two year,71,No,2
Male,0,No,24,Yes,No,DSL,Month-to-month,94,No,0
Male,0,Yes,49,No,No,Fiber optic,Month-to-month,52,Yes,1
Male,1,No,4,Yes,No,DSL,Two year,71,No,3
Male,0,Yes,10,Yes,No,DSL,One year,50,No,1
Male,0,Yes,54,Yes,Yes,Fiber optic,Month-to-month,55,Yes,2
Female,0,No,50,No,No,DSL,Month-to-month,40,No,1
Female,0,Yes,48,Yes,Yes,DSL,Two year,82,Yes,2
Female,0,No,30,Yes,Yes,Fiber optic,Month-to-month,85,Yes,0
Female,0,Yes,3,Yes,No,DSL,One year,64,No,0
Female,0,Yes,1,Yes,No,Fiber optic,Month-to-month,20,Yes,1
Female,0,Yes,48,No,No,Fiber optic,Month-to-month,46,No,1
Female,0,No,29,Yes,No,DSL,One year,66,No,0
Female,0,No,3,Yes,No,DSL,Two year,20,No,1
Female,0,No,14,Yes,No,DSL,Month-to-month,59,No,0
Female,1,No,49,Yes,No,Fiber optic,Month-to-month,102,No,3
Female,0,Yes,69,Yes,No,DSL,Month-to-month,19,No,1
Female,0,Yes,72,No,No,DSL,One year,54,No,2
Female,0,Yes,66,Yes,No,DSL,Month-to-month,58,No,2
Male,0,Yes,53,Yes,No,DSL,One year,96,No,2
Male,1,No,15,Yes,Yes,Fiber optic,Month-to-month,86,Yes,3
Female,0,No,10,No,Yes,Fiber optic,Month-to-month,30,No,1
Male,0,No,27,Yes,Yes,Fiber optic,Month-to-month,50,No,0
Female,0,No,72,Yes,No,DSL,One year,73,No,2
Male,0,No,21,Yes,Yes,DSL,Two year,55,No,0
Female,0,No,1,Yes,Yes,Fiber optic,One year,55,Yes,0
Male,0,No,55,Yes,No,DSL,Month-to-month,59,No,2
Female,0,Yes,58,Yes,No,DSL,Month-to-month,20,No,1
Female,1,No,6,Yes,No,DSL,Month-to-month,74,Yes,3
Female,0,No,12,Yes,No,DSL,Month-to-month,20,No,1
Female,0,No,18,No,No,Fiber optic,One year,40,No,1
Male,0,No,3,Yes,Yes,Fiber optic,Two year,70,No,0
Male,0,Yes,55,Yes,Yes,Fiber optic,Month-to-month,59,No,2
Male,0,No,4,Yes,Yes,Fiber optic,Month-to-month,75,Yes,0
Female,1,No,10,No,No,DSL,Month-to-month,35,Yes,3
Female,1,No,70,Yes,Yes,Fiber optic,Month-to-month,91,No,3
Female,0,No,50,Yes,No,DSL,Month-to-month,20,No,1
Male,0,Yes,72,Yes,No,DSL,Month-to-month,24,No,1
Male,1,No,66,Yes,Yes,Fiber optic,Month-to-month,111,Yes,3
Male,1,No,2,Yes,Yes,Fiber optic,Month-to-month,94,Yes,3
Female,0,Yes,44,Yes,No,DSL,Month-to-month,78,No,2
Male,0,No,56,Yes,Yes,Fiber optic,Month-to-month,25,Yes,1
Male,0,No,6,Yes,No,DSL,Month-to-month,50,No,0
Male,0,No,25,Yes,No,DSL,Two year,21,No,1
Male,0,No,6,Yes,Yes,DSL,Month-to-month,21,No,1
Male,0,No,1,Yes,No,DSL,Month-to-month,45,Yes,0
Female,0,No,53,Yes,No,DSL,Month-to-month,106,Yes,2
Female,0,No,14,Yes,No,DSL,Month-to-month,106,Yes,0
Male,0,Yes,66,No,Yes,Fiber optic,One year,55,No,2
Male,0,No,68,Yes,No,DSL,Month-to-month,100,No,2
Female,0,No,28,Yes,No,DSL,Month-to-month,55,No,0
Female,0,Yes,3,No,No,Fiber optic,Month-to-month,30,Yes,1
Female,0,No,24,Yes,Yes,DSL,One year,95,No,0
Female,0,No,9,No,No,DSL,One year,41,No,1
Male,0,No,22,Yes,No,Fiber optic,Month-to-month,20,No,1
Female,0,No,56,Yes,No,Fiber optic,Month-to-month,105,No,2
Male,0,Yes,21,Yes,Yes,DSL,One year,46,No,1
Male,1,No,16,Yes,No,DSL,Month-to-month,87,Yes,3
Male,0,Yes,72,Yes,No,DSL,Month-to-month,25,No,1
Male,0,No,1,Yes,No,DSL,One year,45,No,0
Female,0,Yes,32,Yes,No,DSL,Month-to-month,99,No,2
Female,0,No,1,Yes,No,DSL,One year,20,No,1
Female,0,No,25,Yes,Yes,Fiber optic,Month-to-month,19,No,1
Female,0,Yes,17,Yes,No,DSL,Month-to-month,62,No,0
Male,0,No,33,Yes,No,Fiber optic,Month-to-month,96,Yes,0
Male,0,Yes,14,Yes,No,Fiber optic,Two year,69,No,0
Female,0,No,72,No,Yes,DSL,Two year,66,No,2
Male,0,No,47,Yes,No,DSL,Month-to-month,103,No,2
Female,0,No,39,Yes,Yes,Fiber optic,Month-to-month,105,Yes,2
Female,0,No,6,Yes,Yes,Fiber optic,Month-to-month,21,No,1
Female,0,Yes,11,Yes,Yes,DSL,Two year,21,No,1
Female,1,No,20,Yes,Yes,DSL,One year,91,No,3
Male,0,Yes,62,Yes,No,DSL,Month-to-month,106,No,2
Male,0,No,1,No,No,Fiber optic,Month-to-month,24,Yes,1
Male,0,Yes,34,No,Yes,Fiber optic,Month-to-month,41,No,1
Male,0,Yes,28,Yes,No,Fiber optic,Month-to-month,85,No,0
Male,0,Yes,42,No,No,DSL,Month-to-month,45,No,1
Female,1,No,24,No,No,DSL,One year,41,Yes,3
Female,0,No,55,Yes,No,DSL,Month-to-month,73,No,2
Male,0,No,36,Yes,Yes,Fiber optic,Month-to-month,85,Yes,2
Male,0,No,24,Yes,No,Fiber optic,One year,56,Yes,0
Female,0,No,25,Yes,Yes,DSL,Month-to-month,66,No,0
Female,0,Yes,33,Yes,Yes,DSL,Two year,20,No,1
Female,1,No,1,Yes,Yes,DSL,One year,78,Yes,3
Female,1,No,2,Yes,No,DSL,One year,70,Yes,3
Male,0,Yes,39,Yes,No,DSL,Two year,101,No,2
Male,0,No,55,No,No,Fiber optic,Month-to-month,55,Yes,2
Female,0,Yes,72,Yes,No,DSL,Month-to-month,71,No,2
Female,0,Yes,70,Yes,No,Fiber optic,One year,74,No,2
Female,0,No,4,Yes,No,DSL,Month-to-month,69,Yes,0
Male,0,No,7,Yes,Yes,Fiber optic,Month-to-month,85,Yes,0
Female,0,Yes,54,Yes,No,DSL,Month-to-month,20,No,1
Female,0,Yes,31,Yes,No,DSL,One year,104,Yes,2
Female,1,Yes,60,Yes,No,DSL,Month-to-month,75,No,3
Female,0,No,1,Yes,No,DSL,Month-to-month,50,No,0
Male,1,No,65,Yes,No,Fiber optic,One year,71,No,3
Female,0,No,12,Yes,No,DSL,Two year,20,No,1
Male,0,Yes,72,No,No,Fiber optic,Month-to-month,65,No,2
Female,0,No,7,Yes,No,Fiber optic,One year,19,No,1
Female,1,No,44,Yes,No,DSL,Two year,85,No,3
Male,1,No,7,Yes,No,Fiber optic,Month-to-month,89,No,3
Male,0,No,12,Yes,No,DSL,Two year,25,No,1
Male,0,No,62,Yes,No,DSL,One year,60,No,2
Male,0,Yes,4,Yes,No,DSL,Month-to-month,20,No,1
Female,0,No,5,Yes,Yes,DSL,Two year,64,No,0
Female,0,No,2,Yes,No,DSL,One year,76,Yes,0
Male,0,No,1,Yes,Yes,Fiber optic,Two year,70,Yes,0
Female,0,Yes,40,Yes,No,DSL,Month-to-month,71,No,2
Female,0,No,1,No,Yes,Fiber optic,One year,36,No,1
Male,0,Yes,25,Yes,Yes,Fiber optic,Month-to-month,20,No,1
Male,0,No,6,Yes,No,Fiber optic,Month-to-month,56,No,0
Male,0,No,41,Yes,Yes,Fiber optic,Month-to-month,74,No,2
Male,0,Yes,9,Yes,No,DSL,Month-to-month,50,No,0
Male,1,No,1,Yes,Yes,Fiber optic,Month-to-month,75,Yes,3
Female,0,No,22,Yes,Yes,DSL,Two year,76,No,0
Female,0,No,38,Yes,Yes,Fiber optic,Month-to-month,89,No,2
Male,0,No,23,Yes,No,DSL,Month-to-month,99,Yes,0
Male,0,Yes,60,Yes,No,Fiber optic,Month-to-month,77,No,2
Female,0,No,47,Yes,No,DSL,Month-to-month,66,No,2
Female,0,Yes,72,Yes,Yes,Fiber optic,Month-to-month,93,No,2
Male,0,Yes,70,Yes,No,DSL,One year,106,No,2
Male,0,No,1,Yes,Yes,Fiber optic,Two year,71,No,0
Female,0,Yes,4,Yes,Yes,Fiber optic,Month-to-month,86,Yes,0
Female,0,No,8,Yes,No,DSL,Month-to-month,76,No,0
Male,0,Yes,71,Yes,Yes,DSL,Two year,114,No,2
Female,0,No,2,Yes,Yes,Fiber optic,Month-to-month,80,Yes,0
Male,0,Yes,34,Yes,Yes,Fiber optic,Month-to-month,20,No,1
Male,0,No,40,Yes,No,DSL,Month-to-month,80,No,2
Male,0,No,20,Yes,No,DSL,Two year,19,No,1
Female,0,No,27,Yes,No,Fiber optic,Month-to-month,89,No,0
Male,0,No,30,Yes,No,DSL,Two year,97,No,0
Female,0,No,9,Yes,Yes,Fiber optic,One year,69,No,0
Female,0,No,3,Yes,No,DSL,Two year,95,No,0
Male,0,No,12,Yes,Yes,Fiber optic,Month-to-month,25,No,1
Female,0,No,71,Yes,Yes,Fiber optic,Month-to-month,86,No,2
Female,0,Yes,27,Yes,No,Fiber optic,Month-to-month,24,No,1
Female,0,Yes,40,Yes,Yes,DSL,Two year,64,No,2
Male,0,No,52,No,No,DSL,Two year,30,No,1
Female,0,No,70,Yes,Yes,Fiber optic,Two year,95,No,2
Male,0,Yes,3,Yes,Yes,Fiber optic,Month-to-month,71,No,0
Male,0,Yes,10,Yes,No,DSL,Month-to-month,24,No,1
Male,0,No,7,Yes,No,DSL,Two year,19,Yes,1
Male,0,No,61,Yes,No,DSL,Month-to-month,96,No,2
Female,0,No,7,Yes,No,Fiber optic,Month-to-month,63,No,0
Male,0,Yes,72,Yes,No,DSL,Two year,105,No,2
Male,0,No,1,Yes,Yes,DSL,Two year,20,No,1
Male,0,No,1,Yes,No,DSL,Two year,60,Yes,0
Male,1,No,3,Yes,No,DSL,Month-to-month,77,Yes,3
Male,0,Yes,25,Yes,No,DSL,Month-to-month,26,No,1
Female,0,Yes,1,No,No,DSL,Month-to-month,30,Yes,1
Female,0,Yes,33,Yes,Yes,Fiber optic,Two year,79,No,2
Female,1,No,32,Yes,No,DSL,Two year,80,No,3
Male,0,Yes,52,Yes,Yes,Fiber optic,Month-to-month,25,No,1
Female,1,No,28,Yes,Yes,Fiber optic,Two year,101,Yes,3
Female,1,No,16,Yes,No,DSL,Two year,85,Yes,3
Male,0,Yes,26,Yes,No,DSL,One year,79,No,0
Male,0,No,1,Yes,Yes,DSL,Two year,79,Yes,0
Male,0,Yes,58,Yes,Yes,Fiber optic,Month-to-month,82,No,2
Female,1,No,60,Yes,Yes,DSL,One year,106,No,3
Male,0,No,32,Yes,Yes,Fiber optic,Month-to-month,91,No,0
Female,0,No,18,Yes,Yes,Fiber optic,One year,20,No,1
Male,0,No,1,Yes,No,Fiber optic,Month-to-month,95,Yes,0
Female,1,Yes,48,No,No,DSL,Two year,30,No,3
Male,1,Yes,51,Yes,Yes,DSL,Two year,84,Yes,3
Female,0,No,72,No,No,DSL,Month-to-month,54,Yes,2
Male,0,No,23,Yes,No,DSL,Month-to-month,81,Yes,0
Male,0,No,5,Yes,Yes,Fiber optic,Month-to-month,81,Yes,0
Male,1,No,11,Yes,No,DSL,Two year,20,Yes,3
Male,1,No,52,Yes,Yes,DSL,Month-to-month,104,Yes,3
Female,0,No,41,Yes,No,DSL,One year,50,No,1
Female,0,No,63,Yes,No,Fiber optic,Month-to-month,82,No,2
Male,0,No,61,Yes,No,Fiber optic,Month-to-month,106,No,2
Female,0,No,12,Yes,No,DSL,Two year,89,No,0
Female,0,No,1,Yes,Yes,Fiber optic,Month-to-month,91,Yes,0
Male,0,No,4,Yes,No,Fiber optic,Month-to-month,20,No,1
Female,0,No,14,Yes,Yes,Fiber optic,Two year,80,No,0
Male,0,No,69,Yes,Yes,Fiber optic,One year,24,No,1
Male,0,No,44,No,No,DSL,One year,54,No,1
Female,1,No,13,Yes,No,DSL,Two year,101,Yes,3
Male,0,Yes,9,Yes,No,Fiber optic,One year,102,No,0
Male,0,Yes,22,Yes,Yes,Fiber optic,Two year,20,No,1
Female,0,Yes,1,Yes,Yes,DSL,One year,20,Yes,1
Male,1,No,1,No,No,DSL,Month-to-month,43,Yes,3
Female,0,No,71,Yes,Yes,DSL,Two year,94,Yes,2
Female,0,Yes,42,Yes,No,DSL,Month-to-month,23,No,1
Male,0,No,1,Yes,No,DSL,Month-to-month,80,Yes,0
Male,0,No,1,Yes,Yes,Fiber optic,Two year,75,Yes,0
Female,1,No,42,Yes,Yes,DSL,Two year,85,Yes,3
Female,0,Yes,8,Yes,Yes,DSL,Two year,56,No,0
Male,1,No,65,Yes,No,DSL,Month-to-month,101,No,3
Male,0,No,20,Yes,No,Fiber optic,One year,69,No,0
Female,0,No,1,Yes,No,DSL,One year,82,Yes,0
Male,0,Yes,42,Yes,No,Fiber optic,Month-to-month,69,No,2
Male,0,Yes,51,Yes,No,Fiber optic,Month-to-month,24,No,1
Male,0,No,43,Yes,No,Fiber optic,Month-to-month,80,No,2
Female,0,No,46,Yes,No,Fiber optic,Month-to-month,94,No,2
Male,0,No,52,Yes,No,DSL,Two year,89,No,2
Female,0,No,10,Yes,Yes,DSL,Two year,20,No,1
Male,1,No,35,Yes,No,Fiber optic,Month-to-month,91,No,3
Male,0,Yes,66,Yes,No,DSL,Month-to-month,66,No,2
Female,0,Yes,52,Yes,No,DSL,Two year,96,No,2
Male,0,No,46,Yes,No,DSL,Month-to-month,109,No,2
Male,0,Yes,50,Yes,Yes,Fiber optic,Month-to-month,70,No,2
Male,0,No,13,Yes,No,Fiber optic,Month-to-month,102,Yes,0
Female,1,No,27,Yes,Yes,DSL,Month-to-month,78,Yes,3
Male,0,No,22,Yes,Yes,Fiber optic,Two year,101,No,0
Male,0,No,71,Yes,Yes,Fiber optic,Month-to-month,86,No,2
Male,0,No,26,Yes,No,DSL,Two year,45,No,1
Male,1,No,45,Yes,Yes,Fiber optic,Month-to-month,94,No,3
Female,0,No,16,Yes,Yes,Fiber optic,Month-to-month,19,No,1
Male,0,No,49,Yes,No,DSL,Month-to-month,107,No,2
Female,0,Yes,14,Yes,Yes,Fiber optic,Month-to-month,26,No,1
Male,1,No,17,Yes,Yes,Fiber optic,Month-to-month,45,Yes,3
Female,0,Yes,72,Yes,No,DSL,Month-to-month,24,No,1
Male,0,No,49,Yes,Yes,Fiber optic,Month-to-month,95,No,2
Female,0,No,67,Yes,Yes,DSL,Two year,21,No,1
Female,0,No,29,No,No,DSL,Month-to-month,31,No,1
Male,0,Yes,13,Yes,No,DSL,Month-to-month,97,No,0
Female,0,Yes,72,Yes,No,DSL,Two year,110,No,2
Male,0,No,58,Yes,Yes,Fiber optic,Two year,50,No,2
Male,0,Yes,72,Yes,No,Fiber optic,Month-to-month,90,No,2
Female,1,No,1,Yes,Yes,Fiber optic,Month-to-month,72,No,3
Male,1,No,5,Yes,Yes,DSL,Two year,20,No,3
Female,0,Yes,34,Yes,No,Fiber optic,Month-to-month,116,No,2
Female,0,Yes,72,Yes,Yes,Fiber optic,Two year,118,No,2
Male,1,No,51,Yes,No,DSL,Month-to-month,94,No,3
Female,0,Yes,4,Yes,Yes,Fiber optic,Month-to-month,56,Yes,0
Male,0,No,4,Yes,No,DSL,Month-to-month,86,Yes,0
Female,1,No,24,Yes,No,DSL,Month-to-month,94,Yes,3
Female,1,No,31,No,Yes,Fiber optic,Two year,50,No,3
Male,0,No,1,Yes,Yes,Fiber optic,Two year,54,Yes,0
Male,1,No,1,Yes,No,DSL,One year,45,Yes,3
Female,0,Yes,34,Yes,Yes,DSL,One year,68,No,0
Female,1,No,22,Yes,No,Fiber optic,Month-to-month,74,Yes,3
Female,1,No,4,Yes,No,DSL,Month-to-month,20,No,3
Male,0,No,72,Yes,Yes,DSL,Two year,101,No,2
Male,0,No,8,Yes,No,Fiber optic,Month-to-month,20,No,1
Male,0,No,1,No,No,Fiber optic,Month-to-month,24,Yes,1
Female,0,No,1,Yes,Yes,Fiber optic,Month-to-month,80,Yes,0
Female,0,No,1,Yes,Yes,DSL,Two year,26,No,1
Female,0,No,9,Yes,No,DSL,One year,91,Yes,0
Male,1,No,33,Yes,Yes,DSL,One year,101,No,3
Male,0,Yes,53,Yes,No,Fiber optic,Month-to-month,105,No,2
Male,0,No,57,Yes,No,Fiber optic,Month-to-month,87,No,2
Female,0,No,60,Yes,No,DSL,Month-to-month,79,No,2
Male,0,No,72,No,Yes,Fiber optic,Month-to-month,65,No,2
Male,1,No,32,Yes,No,DSL,Two year,94,No,3
Male,1,No,48,Yes,No,DSL,One year,99,No,3
Female,0,Yes,22,Yes,No,DSL,Month-to-month,19,No,1
Female,0,Yes,65,No,Yes,DSL,Month-to-month,45,No,1
Female,0,No,65,Yes,Yes,Fiber optic,Month-to-month,59,No,2
Female,0,No,1,Yes,No,DSL,One year,20,No,1
Female,1,No,66,Yes,No,DSL,One year,101,No,3
Male,0,No,71,Yes,Yes,DSL,Month-to-month,105,No,2
Male,0,No,17,Yes,Yes,Fiber optic,One year,70,Yes,0
Male,1,No,2,Yes,No,Fiber optic,Month-to-month,45,Yes,3
Male,0,No,51,Yes,Yes,Fiber optic,Month-to-month,96,No,2
Male,0,No,20,Yes,Yes,Fiber optic,Month-to-month,71,No,0
Male,0,No,71,Yes,Yes,Fiber optic,One year,110,No,2
Male,0,Yes,67,Yes,Yes,Fiber optic,Two year,111,Yes,2
Female,1,No,1,Yes,No,DSL,Two year,75,Yes,3
Male,0,No,16,Yes,No,Fiber optic,Month-to-month,75,No,0
Female,1,No,55,Yes,Yes,Fiber optic,One year,89,No,3
Female,0,Yes,7,Yes,No,Fiber optic,Month-to-month,76,No,0
Female,0,Yes,43,Yes,Yes,Fiber optic,One year,64,No,2
Female,0,No,1,Yes,Yes,DSL,Month-to-month,55,Yes,0
Female,0,No,4,No,No,DSL,Month-to-month,25,No,1
Male,1,No,72,Yes,No,DSL,Month-to-month,114,No,3
Female,1,No,49,Yes,Yes,Fiber optic,Month-to-month,103,No,3
Male,0,No,53,Yes,No,DSL,One year,94,Yes,2
Female,0,No,60,No,Yes,DSL,Two year,50,No,2
Female,1,No,68,Yes,No,Fiber optic,Month-to-month,97,Yes,3
Male,1,No,57,Yes,No,DSL,Two year,80,No,3
Female,0,No,7,Yes,No,Fiber optic,Month-to-month,81,Yes,0
Female,0,No,1,Yes,Yes,Fiber optic,Month-to-month,19,No,1
Female,0,Yes,7,Yes,No,DSL,Two year,69,No,0
Male,0,No,68,Yes,No,DSL,Month-to-month,24,No,1
Male,0,Yes,19,Yes,No,DSL,Month-to-month,100,Yes,0
Female,0,No,2,Yes,No,DSL,Two year,80,No,0
Female,0,Yes,67,Yes,No,DSL,Month-to-month,106,No,2
Male,0,Yes,67,Yes,Yes,Fiber optic,One year,60,No,2
Male,0,No,35,Yes,Yes,DSL,Month-to-month,69,No,0
Female,0,Yes,67,Yes,Yes,DSL,Month-to-month,107,No,2
Female,0,No,11,Yes,No,Fiber optic,Month-to-month,90,Yes,0
Male,1,No,56,Yes,No,Fiber optic,Month-to-month,86,No,3
Male,0,No,8,No,Yes,Fiber optic,Month-to-month,29,No,1
Female,0,Yes,22,Yes,No,DSL,Two year,25,No,1
Male,0,No,71,Yes,No,Fiber optic,Month-to-month,84,No,2
Female,0,Yes,46,No,Yes,Fiber optic,One year,35,No,1
Female,0,No,66,Yes,No,DSL,One year,105,No,2
Male,0,No,15,Yes,No,DSL,Two year,49,No,0
Male,0,No,25,Yes,No,DSL,Month-to-month,96,No,0
Male,0,No,32,Yes,No,DSL,One year,20,No,1
Male,0,No,8,Yes,No,DSL,Two year,67,No,0
Male,0,No,6,Yes,No,DSL,Month-to-month,25,No,1
Female,0,No,3,Yes,No,DSL,One year,46,No,0
Male,0,Yes,11,Yes,Yes,DSL,One year,60,No,0
Male,0,Yes,15,Yes,No,DSL,Two year,91,No,0
Female,0,No,23,Yes,No,DSL,Month-to-month,90,Yes,0
Female,0,No,1,Yes,Yes,Fiber optic,Month-to-month,44,No,0
Male,0,Yes,37,No,No,DSL,Month-to-month,40,No,1
Male,0,Yes,69,Yes,Yes,DSL,Two year,81,No,2
Male,0,No,71,Yes,No,DSL,One year,79,No,2
Female,0,Yes,8,Yes,No,DSL,Month-to-month,55,No,0
Female,0,No,6,No,Yes,DSL,Two year,63,No,0
Female,0,No,58,Yes,Yes,Fiber optic,Month-to-month,84,No,2
Female,0,Yes,39,Yes,No,DSL,Month-to-month,90,Yes,2
Male,1,No,23,Yes,Yes,DSL,Two year,90,No,3
Male,0,Yes,66,Yes,Yes,DSL,Two year,20,No,1
Male,0,No,51,Yes,Yes,DSL,One year,83,No,2
Female,0,No,7,Yes,Yes,Fiber optic,Month-to-month,80,Yes,0
Male,0,Yes,15,Yes,No,DSL,Month-to-month,20,No,1
Male,0,No,51,Yes,Yes,Fiber optic,Month-to-month,80,Yes,2
Male,0,No,4,Yes,No,DSL,Month-to-month,19,No,1
Female,0,No,18,Yes,Yes,Fiber optic,Two year,50,No,0
Male,0,No,46,Yes,Yes,Fiber optic,One year,94,Yes,2
Male,1,No,3,Yes,No,Fiber optic,Month-to-month,106,Yes,3
Male,0,No,63,Yes,Yes,Fiber optic,Month-to-month,25,No,1
Male,0,Yes,52,Yes,No,DSL,Month-to-month,96,Yes,2
Female,0,No,17,Yes,No,DSL,Month-to-month,69,No,0
Female,0,No,43,Yes,Yes,Fiber optic,One year,85,No,2
Male,0,No,69,Yes,No,DSL,Month-to-month,20,No,1
Female,0,Yes,70,Yes,No,DSL,Month-to-month,80,No,2
Female,0,No,4,Yes,Yes,Fiber optic,Month-to-month,24,No,1
Male,0,Yes,60,Yes,No,Fiber optic,One year,21,No,1
Female,0,No,20,No,No,DSL,Month-to-month,24,Yes,1
Male,0,Yes,69,Yes,No,DSL,Two year,96,No,2
Female,0,Yes,48,Yes,Yes,Fiber optic,Two year,105,No,2
Female,0,No,1,No,No,DSL,Month-to-month,31,No,1
Male,0,Yes,8,Yes,No,DSL,Two year,51,Yes,0
Male,1,No,1,Yes,No,DSL,Two year,46,No,3
Female,0,No,1,Yes,No,Fiber optic,Month-to-month,20,No,1
Male,0,No,22,Yes,No,DSL,One year,20,No,1
Male,1,No,16,No,Yes,Fiber optic,Two year,39,Yes,3
Male,0,No,72,Yes,No,Fiber optic,Month-to-month,118,No,2
Male,0,No,11,Yes,No,DSL,Two year,61,No,0
Male,0,No,4,Yes,Yes,DSL,One year,91,No,0
Female,0,No,8,Yes,No,DSL,Month-to-month,20,No,1
Female,1,No,54,Yes,Yes,DSL,Two year,82,Yes,3
Male,0,No,69,Yes,No,DSL,Two year,82,No,2
Male,1,No,46,Yes,Yes,Fiber optic,Month-to-month,80,Yes,3
Female,0,Yes,67,Yes,Yes,Fiber optic,Two year,51,No,2
Male,0,Yes,71,Yes,No,Fiber optic,Month-to-month,90,No,2
Male,1,No,20,Yes,No,Fiber optic,Month-to-month,90,No,3
Female,0,No,41,Yes,Yes,Fiber optic,Month-to-month,114,Yes,2
Male,1,No,3,No,Yes,Fiber optic,Month-to-month,41,Yes,3
Male,0,No,15,No,No,DSL,Month-to-month,51,No,1
Male,0,No,22,Yes,No,DSL,Two year,79,Yes,0
Male,0,No,18,Yes,Yes,Fiber optic,Month-to-month,81,Yes,0
Female,0,No,9,Yes,Yes,Fiber optic,Month-to-month,98,Yes,0
Male,0,No,26,Yes,No,DSL,Month-to-month,76,No,0
Male,1,No,71,Yes,No,Fiber optic,One year,106,No,3
Female,0,No,16,Yes,No,DSL,Month-to-month,19,No,1
Female,1,No,72,Yes,No,DSL,Month-to-month,89,No,3
Male,0,No,42,Yes,No,Fiber optic,Month-to-month,25,No,1
Male,0,Yes,47,Yes,No,DSL,Month-to-month,96,No,2
Male,0,No,66,Yes,No,Fiber optic,Month-to-month,66,No,2
Male,0,No,5,Yes,No,DSL,One year,49,Yes,0
Male,0,No,4,No,Yes,DSL,Two year,30,Yes,1
Female,0,Yes,42,Yes,No,Fiber optic,Two year,19,No,1
Male,0,No,69,No,No,DSL,Month-to-month,61,No,2
Male,0,No,60,Yes,No,DSL,Month-to-month,117,No,2
Female,0,No,12,Yes,Yes,Fiber optic,Month-to-month,19,No,1
Male,0,No,3,Yes,Yes,DSL,Month-to-month,45,Yes,0
Male,0,No,54,Yes,No,DSL,Month-to-month,105,Yes,2
Male,0,Yes,6,Yes,No,DSL,Month-to-month,20,No,1
Male,0,No,2,Yes,No,DSL,Two year,20,No,1
Male,1,No,57,Yes,Yes,Fiber optic,Month-to-month,94,No,3
Female,0,No,63,Yes,No,Fiber optic,Month-to-month,21,No,1
Female,0,Yes,41,Yes,No,DSL,Month-to-month,94,No,2
Male,0,No,25,Yes,No,DSL,Two year,99,No,0
Female,0,No,65,Yes,Yes,Fiber optic,One year,85,No,2
Female,0,No,54,Yes,No,DSL,Month-to-month,20,No,1
Male,0,No,61,Yes,No,Fiber optic,Month-to-month,94,No,2
Male,0,Yes,19,Yes,Yes,DSL,One year,20,No,1
Female,0,No,12,Yes,No,DSL,Month-to-month,19,No,1
Female,0,Yes,18,Yes,No,DSL,One year,25,No,1
Male,0,Yes,68,Yes,Yes,Fiber optic,Month-to-month,95,No,2
Female,0,Yes,10,Yes,No,DSL,Month-to-month,100,Yes,0
Male,1,No,20,Yes,Yes,DSL,One year,95,Yes,3
Male,0,No,42,Yes,No,Fiber optic,Month-to-month,99,Yes,2
Male,0,No,45,No,Yes,Fiber optic,Month-to-month,42,No,1
Male,0,No,72,Yes,No,DSL,Two year,115,No,2
Female,1,No,35,Yes,Yes,DSL,Month-to-month,111,No,3
Male,0,Yes,72,Yes,Yes,Fiber optic,Two year,90,No,2
Female,0,No,8,Yes,No,DSL,Month-to-month,100,Yes,0
Female,0,No,37,Yes,No,Fiber optic,Month-to-month,65,Yes,0
Female,0,No,21,Yes,No,DSL,Month-to-month,105,No,0
Female,0,No,71,Yes,No,DSL,Two year,80,No,2
Male,0,No,40,Yes,Yes,Fiber optic,Month-to-month,67,No,2
Male,0,No,10,Yes,No,DSL,Two year,62,No,0
Female,1,No,25,Yes,No,DSL,One year,88,No,3
Female,0,Yes,41,Yes,No,DSL,Two year,75,No,2
Male,1,No,19,Yes,No,DSL,One year,96,Yes,3
Female,1,No,23,Yes,No,DSL,Month-to-month,95,No,3
Male,0,No,57,Yes,Yes,Fiber optic,Month-to-month,108,No,2
Female,0,No,2,Yes,Yes,DSL,One year,84,No,0
Female,0,No,70,Yes,No,Fiber optic,Month-to-month,80,No,2
Male,0,No,1,Yes,No,DSL,Two year,88,Yes,0
Male,0,No,70,Yes,No,DSL,Two year,110,Yes,2
Female,0,No,72,Yes,Yes,Fiber optic,Month-to-month,97,No,2
Male,1,No,25,Yes,No,Fiber optic,Month-to-month,106,Yes,3
Male,0,No,23,Yes,No,Fiber optic,Month-to-month,104,Yes,0
Male,0,No,65,Yes,Yes,DSL,One year,20,No,1
Male,0,Yes,25,Yes,No,Fiber optic,Month-to-month,21,No,1
Female,1,No,15,Yes,Yes,Fiber optic,Month-to-month,83,Yes,3
Male,1,No,41,No,No,Fiber optic,Two year,54,No,3
Female,0,No,1,Yes,No,DSL,Two year,55,No,0
Male,0,No,48,Yes,Yes,Fiber optic,Month-to-month,71,No,2
Male,0,Yes,4,Yes,No,DSL,Two year,61,Yes,0
Male,0,No,17,Yes,Yes,Fiber optic,Two year,20,No,1
Female,1,No,42,Yes,No,DSL,One year,105,Yes,3
Male,0,Yes,49,No,No,DSL,Month-to-month,39,No,1
Male,0,No,21,Yes,Yes,Fiber optic,Month-to-month,20,No,1
Male,0,Yes,60,Yes,Yes,DSL,Two year,111,No,2
Male,0,No,58,Yes,No,Fiber optic,One year,24,No,1
Male,0,No,31,Yes,Yes,DSL,One year,20,No,1
Female,0,No,61,Yes,No,DSL,Month-to-month,101,No,2
Male,0,Yes,64,Yes,No,DSL,One year,90,No,2
Female,0,Yes,61,No,No,DSL,One year,61,No,2
Male,0,No,67,Yes,Yes,Fiber optic,Month-to-month,71,No,2
Male,0,No,55,Yes,Yes,DSL,Two year,26,No,1
Female,0,No,20,Yes,No,DSL,Month-to-month,20,No,1
Male,0,No,11,Yes,No,Fiber optic,Month-to-month,80,No,0
Female,0,Yes,72,Yes,Yes,Fiber optic,One year,117,No,2
Female,0,Yes,57,Yes,No,Fiber optic,One year,84,No,2
Male,1,No,70,No,No,Fiber optic,Month-to-month,44,No,3
Female,0,No,68,Yes,Yes,Fiber optic,One year,110,No,2
Male,0,No,1,Yes,No,DSL,Month-to-month,85,Yes,0
Male,0,No,47,Yes,No,DSL,Two year,79,No,2
Female,0,No,15,Yes,Yes,DSL,One year,65,Yes,0
Female,0,Yes,69,Yes,No,DSL,One year,20,No,1
Female,0,No,3,Yes,No,DSL,Month-to-month,55,Yes,0
Female,0,Yes,1,Yes,No,DSL,Month-to-month,19,Yes,1
Male,0,No,33,Yes,No,DSL,Two year,89,No,0
Male,0,Yes,53,Yes,Yes,Fiber optic,Month-to-month,70,No,2
Female,1,No,20,Yes,No,DSL,Month-to-month,81,No,3
Male,1,No,1,Yes,No,DSL,Month-to-month,94,Yes,3
Male,0,No,10,Yes,Yes,DSL,Two year,99,No,0
Female,0,No,32,Yes,No,Fiber optic,Month-to-month,20,No,1
Male,1,No,56,Yes,No,Fiber optic,Month-to-month,101,No,3
Female,0,No,71,Yes,No,DSL,Month-to-month,19,No,1
Female,1,No,13,Yes,No,DSL,Month-to-month,70,Yes,3
Female,0,No,2,Yes,Yes,Fiber optic,Month-to-month,20,No,1
Male,0,No,17,Yes,Yes,Fiber optic,Month-to-month,96,No,0
Male,0,No,2,Yes,No,DSL,One year,55,Yes,0
Female,0,No,72,Yes,Yes,Fiber optic,One year,101,No,2
Male,0,No,26,No,No,Fiber optic,One year,55,No,1
Male,0,Yes,5,Yes,Yes,Fiber optic,Month-to-month,26,Yes,1
Male,0,No,3,Yes,Yes,Fiber optic,Two year,101,Yes,0
Female,0,No,26,Yes,No,DSL,Month-to-month,81,No,0
Female,0,Yes,59,Yes,No,Fiber optic,Month-to-month,66,No,2
Female,0,Yes,27,Yes,No,DSL,Month-to-month,50,No,1
Male,0,No,57,Yes,No,DSL,One year,103,No,2
Female,0,No,1,Yes,No,DSL,Month-to-month,44,Yes,0
Female,0,No,37,Yes,Yes,Fiber optic,Month-to-month,20,No,1
Female,0,No,6,Yes,No,DSL,One year,49,No,0
Male,0,No,18,Yes,No,Fiber optic,Month-to-month,76,No,0
Male,0,Yes,19,Yes,Yes,DSL,Month-to-month,101,Yes,0
Female,0,Yes,67,Yes,Yes,Fiber optic,Month-to-month,76,No,2
Male,1,No,34,Yes,No,DSL,Two year,72,No,3
Female,0,No,22,Yes,Yes,Fiber optic,Month-to-month,49,Yes,0
Male,0,No,52,Yes,No,DSL,Month-to-month,91,No,2
Male,0,No,56,No,No,DSL,Two year,54,No,2
Male,1,No,18,Yes,Yes,DSL,Two year,95,Yes,3
Male,1,Yes,56,Yes,Yes,Fiber optic,Month-to-month,105,Yes,3
Male,0,No,4,Yes,No,DSL,Month-to-month,90,No,0
Female,0,No,64,Yes,Yes,DSL,One year,115,No,2
Male,0,No,61,Yes,No,DSL,Month-to-month,81,No,2
Female,1,No,71,Yes,No,DSL,Month-to-month,99,No,3
Male,0,No,2,Yes,No,DSL,One year,70,Yes,0
Male,1,No,64,Yes,No,Fiber optic,Month-to-month,102,No,3
Male,0,No,45,Yes,Yes,DSL,Month-to-month,108,No,2
Male,0,No,18,Yes,No,Fiber optic,Month-to-month,24,No,1
Male,0,Yes,66,Yes,No,DSL,Two year,26,No,1
Male,0,No,37,No,No,DSL,Month-to-month,41,No,1
Male,0,Yes,39,Yes,Yes,DSL,Two year,25,No,1
Male,0,No,25,Yes,No,Fiber optic,Month-to-month,85,Yes,0
Male,0,No,22,Yes,No,DSL,One year,87,No,0
Male,0,No,10,Yes,No,DSL,Month-to-month,20,No,1
Female,0,No,20,Yes,No,DSL,One year,20,No,1
Male,1,No,8,Yes,Yes,DSL,Two year,64,No,3
Female,0,No,49,Yes,Yes,Fiber optic,Two year,52,No,2
Female,1,No,65,Yes,No,DSL,Month-to-month,106,No,3
Male,1,No,1,Yes,Yes,DSL,One year,45,No,3
Male,0,No,5,Yes,No,DSL,Month-to-month,94,Yes,0
Female,1,No,72,Yes,No,DSL,One year,97,No,3
Female,0,No,72,Yes,No,DSL,One year,110,No,2
Female,0,No,53,Yes,Yes,Fiber optic,Two year,100,No,2
Male,0,No,21,Yes,Yes,DSL,One year,75,No,0
Female,1,Yes,70,Yes,Yes,DSL,Month-to-month,108,No,3
Female,0,Yes,33,Yes,No,DSL,Month-to-month,104,Yes,2
Female,0,No,23,Yes,No,DSL,Month-to-month,76,Yes,0
Male,0,Yes,45,Yes,Yes,Fiber optic,Month-to-month,55,No,1
Female,0,Yes,35,Yes,Yes,DSL,Two year,20,No,1
Male,0,No,16,Yes,Yes,Fiber optic,Month-to-month,20,Yes,1
Female,0,No,49,Yes,Yes,DSL,Month-to-month,107,No,2
Male,0,No,1,Yes,Yes,DSL,Two year,19,Yes,1
Male,0,No,61,Yes,No,DSL,One year,81,No,2
Male,1,Yes,68,Yes,No,DSL,Month-to-month,20,No,3
Male,0,No,1,Yes,Yes,Fiber optic,Month-to-month,20,No,1
Female,0,No,60,No,No,Fiber optic,Two year,54,No,2
Male,0,Yes,53,Yes,Yes,Fiber optic,Month-to-month,26,No,1
Female,1,No,28,Yes,Yes,Fiber optic,Two year,103,Yes,3
Female,0,No,2,Yes,No,DSL,Two year,70,Yes,0
Female,1,No,1,Yes,No,DSL,Two year,70,No,3
Female,0,No,16,Yes,No,DSL,Month-to-month,73,Yes,0
Female,0,Yes,72,Yes,No,Fiber optic,Month-to-month,20,No,1
Female,0,No,6,Yes,Yes,DSL,Two year,55,No,0
Male,0,No,3,Yes,Yes,DSL,One year,108,No,0
Male,0,Yes,49,Yes,Yes,DSL,Two year,90,No,2
Female,0,No,1,Yes,Yes,Fiber optic,Month-to-month,50,Yes,0
Male,0,No,50,Yes,Yes,Fiber optic,Two year,94,No,2
Female,1,Yes,12,No,Yes,DSL,Two year,29,No,3
Male,1,No,32,Yes,No,DSL,Month-to-month,80,Yes,3
Male,0,Yes,68,Yes,Yes,DSL,One year,103,No,2
Male,0,No,1,Yes,Yes,Fiber optic,One year,21,No,1
Male,0,No,40,No,No,DSL,Month-to-month,36,No,1
Male,0,No,5,Yes,No,DSL,Month-to-month,51,No,0
Male,0,No,72,Yes,No,DSL,Month-to-month,79,No,2
Female,0,No,1,Yes,Yes,DSL,Month-to-month,85,Yes,0
Female,0,No,58,Yes,No,DSL,Month-to-month,109,No,2
Female,0,No,24,Yes,Yes,Fiber optic,Month-to-month,25,No,1
Female,1,No,3,Yes,Yes,Fiber optic,One year,84,Yes,3
Female,0,Yes,62,Yes,Yes,Fiber optic,Month-to-month,20,No,1
Male,0,Yes,72,Yes,No,DSL,Month-to-month,111,No,2
Female,1,No,50,Yes,No,Fiber optic,Two year,71,Yes,3
Male,0,Yes,66,Yes,Yes,DSL,One year,20,No,1
Male,0,Yes,40,Yes,No,DSL,Two year,81,No,2
Male,0,No,40,Yes,Yes,Fiber optic,Two year,71,No,2
Male,0,Yes,67,Yes,No,DSL,One year,103,No,2
Female,1,No,56,Yes,No,DSL,Month-to-month,105,No,3
Female,0,Yes,64,Yes,No,DSL,Two year,20,No,1
Male,1,No,20,Yes,No,DSL,One year,84,No,3
Male,1,No,71,Yes,Yes,Fiber optic,One year,96,No,3
Male,0,Yes,41,Yes,No,DSL,One year,75,No,2
Male,0,Yes,72,No,Yes,Fiber optic,Month-to-month,49,No,2
Male,0,Yes,18,No,No,Fiber optic,Month-to-month,46,No,1
Male,1,No,71,Yes,Yes,Fiber optic,One year,71,No,3
Male,0,No,46,Yes,No,Fiber optic,Month-to-month,66,No,2
Female,0,Yes,46,Yes,No,DSL,Month-to-month,20,No,1
Male,0,No,57,Yes,No,DSL,Two year,55,No,2
Female,0,No,68,Yes,Yes,Fiber optic,Month-to-month,81,No,2
Female,0,No,1,No,No,DSL,Month-to-month,25,No,1
Male,0,No,38,Yes,No,DSL,Month-to-month,20,No,1
Female,1,No,32,Yes,No,DSL,Month-to-month,79,No,3
Female,0,No,2,Yes,Yes,Fiber optic,Two year,45,No,0
Male,0,No,10,Yes,No,DSL,Two year,70,No,0
Female,0,No,72,Yes,No,DSL,Month-to-month,19,No,1
Female,0,Yes,65,Yes,Yes,Fiber optic,Month-to-month,111,No,2
Male,0,No,21,Yes,No,DSL,Month-to-month,84,No,0
Female,0,No,67,Yes,No,DSL,Month-to-month,20,No,1
Female,0,No,12,Yes,Yes,Fiber optic,Month-to-month,76,No,0
Female,1,No,25,Yes,Yes,DSL,Month-to-month,103,Yes,3
Female,1,No,8,Yes,No,DSL,One year,85,No,3
Male,0,No,1,Yes,No,Fiber optic,Month-to-month,19,No,1
Female,0,Yes,65,Yes,No,DSL,Two year,79,No,2
Female,1,No,2,Yes,No,Fiber optic,Month-to-month,55,Yes,3
Female,0,Yes,62,No,No,Fiber optic,One year,49,No,2
Male,0,No,36,Yes,Yes,DSL,Two year,85,Yes,0
Female,0,No,38,Yes,No,DSL,One year,19,No,1
Male,0,Yes,57,Yes,No,Fiber optic,Month-to-month,60,No,2
Male,0,No,32,Yes,No,Fiber optic,Month-to-month,20,No,1
Male,0,No,44,Yes,No,Fiber optic,Month-to-month,90,No,2
Male,0,No,2,Yes,No,DSL,Two year,54,Yes,0
Female,0,No,41,Yes,Yes,Fiber optic,Two year,114,Yes,2
Female,0,Yes,14,Yes,No,DSL,Month-to-month,91,Yes,0
Female,0,No,56,Yes,No,Fiber optic,Month-to-month,86,No,2
Female,1,No,7,Yes,No,DSL,Month-to-month,85,Yes,3
Male,0,No,11,Yes,No,DSL,Month-to-month,20,No,1
Female,0,No,13,Yes,No,DSL,One year,20,No,1
Female,0,No,71,Yes,Yes,DSL,One year,105,No,2
Male,0,No,22,Yes,No,Fiber optic,Month-to-month,25,No,1
Male,0,No,42,Yes,No,DSL,Two year,99,No,2
Female,0,Yes,15,Yes,Yes,Fiber optic,Month-to-month,20,No,1
Male,0,Yes,69,Yes,Yes,DSL,Two year,92,No,2
Female,0,Yes,23,Yes,No,Fiber optic,Month-to-month,75,No,0
Male,0,No,19,Yes,Yes,Fiber optic,Month-to-month,74,Yes,0
Female,0,Yes,63,Yes,No,Fiber optic,Month-to-month,51,No,2
Male,0,Yes,68,Yes,No,Fiber optic,Month-to-month,73,No,2
Male,0,No,1,Yes,No,DSL,Month-to-month,81,Yes,0
Female,0,No,18,No,No,DSL,Month-to-month,39,Yes,1
Female,0,No,71,No,Yes,Fiber optic,Month-to-month,58,No,2
Female,0,Yes,15,Yes,No,Fiber optic,Month-to-month,20,No,1
Male,0,Yes,8,Yes,Yes,Fiber optic,Month-to-month,20,No,1
Male,1,No,21,Yes,No,DSL,Month-to-month,97,Yes,3
Female,0,No,6,Yes,No,Fiber optic,One year,90,No,0
Male,1,No,69,No,Yes,Fiber optic,Month-to-month,30,No,3
Male,0,Yes,68,No,No,DSL,Month-to-month,56,No,2
Female,0,No,1,Yes,No,DSL,Two year,20,No,1
Male,0,Yes,62,Yes,Yes,Fiber optic,Month-to-month,20,No,1
Male,0,Yes,38,Yes,Yes,Fiber optic,Two year,79,No,2
Male,0,No,5,Yes,Yes,Fiber optic,One year,85,Yes,0
Male,1,No,3,Yes,Yes,DSL,Two year,95,Yes,3
Female,0,No,45,Yes,No,DSL,One year,116,No,2
Female,0,No,1,Yes,Yes,DSL,Month-to-month,21,Yes,1
Female,1,No,9,Yes,Yes,Fiber optic,One year,76,No,3
Female,0,No,20,Yes,Yes,Fiber optic,One year,70,No,0
Female,1,No,54,Yes,No,DSL,Two year,80,Yes,3
Male,0,No,20,Yes,No,DSL,Month-to-month,20,No,1
Male,0,No,48,Yes,Yes,DSL,Two year,108,No,2
Male,1,No,54,No,No,Fiber optic,Month-to-month,25,No,3
Female,0,No,1,Yes,Yes,DSL,Month-to-month,50,No,0
Female,0,No,1,Yes,No,Fiber optic,Month-to-month,44,No,0
Male,0,No,1,Yes,Yes,Fiber optic,One year,20,No,1
Male,0,No,48,Yes,Yes,Fiber optic,One year,20,No,1
Female,0,No,1,Yes,Yes,Fiber optic,Month-to-month,20,No,1
Female,0,No,37,Yes,Yes,Fiber optic,Two year,72,No,0
Male,0,No,1,Yes,No,DSL,Month-to-month,19,No,1
Male,0,Yes,39,Yes,Yes,DSL,Two year,25,No,1
Female,0,No,4,Yes,No,Fiber optic,Month-to-month,56,No,0
Female,0,Yes,33,Yes,No,DSL,Two year,24,No,1
Male,0,No,18,Yes,No,Fiber optic,Month-to-month,19,No,1
Male,0,No,4,Yes,Yes,DSL,One year,50,Yes,0
Male,0,Yes,56,Yes,Yes,Fiber optic,One year,21,No,1
Female,0,No,17,Yes,No,DSL,Month-to-month,70,Yes,0
Male,0,No,50,Yes,Yes,Fiber optic,Month-to-month,90,No,2
Male,0,Yes,72,Yes,Yes,Fiber optic,Month-to-month,20,No,1
Male,0,No,10,Yes,No,Fiber optic,Month-to-month,75,No,0
Female,0,Yes,25,Yes,Yes,DSL,Two year,20,No,1
Female,0,No,71,Yes,No,DSL,One year,25,No,1
Female,0,Yes,20,Yes,No,DSL,One year,26,No,1
Male,0,No,14,Yes,No,Fiber optic,Month-to-month,86,Yes,0
Male,0,Yes,62,Yes,No,DSL,One year,56,No,2
Male,0,Yes,8,No,No,DSL,Two year,26,Yes,1
Male,1,No,54,Yes,No,DSL,Two year,90,No,3
Female,0,No,61,Yes,Yes,Fiber optic,Month-to-month,119,No,2
Female,0,Yes,67,No,Yes,DSL,Two year,60,No,2
Male,1,No,49,Yes,No,Fiber optic,One year,81,No,3
Male,0,No,66,Yes,No,DSL,One year,92,No,2
Male,0,No,47,Yes,No,DSL,Month-to-month,104,No,2
Male,0,No,21,No,No,DSL,Two year,36,No,1
Male,0,No,51,Yes,No,DSL,One year,99,No,2
Female,1,No,22,Yes,Yes,Fiber optic,Month-to-month,82,No,3
Male,0,No,3,Yes,No,Fiber optic,Month-to-month,21,No,1
Female,0,No,64,Yes,Yes,Fiber optic,One year,110,No,2
Female,0,No,67,No,Yes,Fiber optic,Two year,53,No,2
Male,0,No,72,Yes,Yes,DSL,Two year,25,No,1
Male,0,Yes,37,Yes,No,DSL,Month-to-month,61,No,1
Female,1,No,37,Yes,Yes,DSL,One year,20,No,3
Male,1,No,41,Yes,Yes,DSL,Two year,98,Yes,3
Male,0,No,65,Yes,No,DSL,Month-to-month,104,No,2
Male,0,No,47,Yes,No,Fiber optic,Month-to-month,20,No,1
Female,0,No,26,Yes,Yes,Fiber optic,Month-to-month,75,Yes,0
Male,0,No,9,Yes,No,DSL,Month-to-month,85,Yes,0
Female,0,Yes,60,Yes,Yes,DSL,Two year,81,No,2
Male,1,No,1,Yes,No,DSL,Month-to-month,86,Yes,3
Female,0,No,62,No,Yes,Fiber optic,Month-to-month,44,No,1
Female,0,No,6,Yes,No,Fiber optic,Month-to-month,69,Yes,0
Female,0,No,53,Yes,Yes,Fiber optic,Month-to-month,99,No,2
Female,0,No,32,Yes,Yes,Fiber optic,Two year,76,No,0
Male,0,No,67,Yes,Yes,Fiber optic,Month-to-month,118,Yes,2
Female,0,No,15,Yes,No,DSL,Month-to-month,25,Yes,1
Male,0,No,49,No,Yes,Fiber optic,Two year,30,No,1
Female,0,Yes,22,Yes,Yes,DSL,Two year,55,Yes,0
Male,0,No,64,Yes,Yes,Fiber optic,Month-to-month,105,No,2
Male,0,No,21,Yes,Yes,DSL,One year,82,Yes,0
Female,1,No,12,Yes,No,DSL,Two year,98,Yes,3
Female,0,No,43,Yes,Yes,Fiber optic,Two year,94,No,2
Male,0,Yes,66,Yes,No,DSL,Two year,20,No,1
Female,0,No,44,Yes,Yes,Fiber optic,Month-to-month,96,Yes,2
Female,1,No,17,Yes,Yes,Fiber optic,Two year,21,No,3
Female,0,No,1,Yes,No,DSL,Month-to-month,50,Yes,0
Male,1,No,51,Yes,No,DSL,Month-to-month,98,Yes,3
Male,0,No,9,Yes,No,DSL,Month-to-month,20,Yes,1
Female,0,No,64,Yes,No,Fiber optic,Two year,100,Yes,2
Male,0,No,8,Yes,Yes,Fiber optic,One year,75,No,0
Male,0,Yes,57,Yes,No,DSL,Month-to-month,74,No,2
Female,0,No,59,Yes,No,Fiber optic,Month-to-month,69,No,2
Male,0,No,64,Yes,No,DSL,Month-to-month,66,No,2
Female,0,Yes,1,Yes,No,DSL,Two year,19,No,1
Female,0,Yes,72,Yes,No,DSL,Two year,86,No,2
Male,0,No,1,Yes,No,DSL,Two year,80,Yes,0
Male,1,No,51,Yes,Yes,Fiber optic,One year,25,No,3
Female,0,No,42,Yes,No,DSL,One year,84,Yes,2
Female,0,No,1,Yes,No,Fiber optic,Two year,20,No,1
Female,0,No,56,Yes,No,DSL,Month-to-month,103,No,2
Male,0,No,39,Yes,Yes,Fiber optic,Month-to-month,106,No,2
Male,0,Yes,25,No,No,Fiber optic,Month-to-month,41,No,1
Male,1,Yes,71,Yes,No,DSL,One year,73,No,3
Male,0,No,10,Yes,No,DSL,Month-to-month,46,No,0
Male,0,No,40,Yes,No,DSL,Two year,85,No,2
Male,0,Yes,68,Yes,Yes,Fiber optic,One year,24,No,1
Male,0,Yes,61,Yes,No,DSL,One year,20,No,1
Male,0,Yes,69,Yes,No,Fiber optic,Month-to-month,87,No,2
Female,0,No,30,Yes,Yes,Fiber optic,One year,85,Yes,0
Male,0,No,1,Yes,Yes,DSL,Two year,46,Yes,0
Female,0,No,22,Yes,No,DSL,One year,19,No,1
Male,0,Yes,38,Yes,No,DSL,Month-to-month,95,No,2
Female,0,No,3,Yes,Yes,Fiber optic,Two year,75,Yes,0
Male,0,No,1,No,No,DSL,Month-to-month,35,Yes,1
Male,0,No,41,Yes,No,DSL,One year,90,No,2
Female,0,No,7,Yes,No,DSL,One year,50,No,0
Female,0,Yes,68,Yes,No,DSL,Two year,104,No,2
Male,0,No,5,Yes,No,Fiber optic,Month-to-month,64,No,0
Male,0,Yes,41,Yes,Yes,Fiber optic,Month-to-month,103,Yes,2
Female,0,Yes,35,Yes,No,DSL,One year,26,No,1
Male,0,No,19,Yes,No,DSL,Month-to-month,86,Yes,0
Male,0,Yes,69,Yes,Yes,Fiber optic,Month-to-month,79,No,2
Male,0,Yes,45,Yes,Yes,Fiber optic,Month-to-month,74,No,2
Male,0,Yes,67,Yes,Yes,Fiber optic,Two year,68,No,2
Female,0,Yes,61,Yes,Yes,Fiber optic,Two year,79,No,2
Male,0,No,24,Yes,Yes,DSL,One year,85,No,0
Female,0,No,22,Yes,Yes,Fiber optic,One year,69,Yes,0
Female,0,No,63,Yes,No,DSL,Two year,81,No,2
Female,0,No,1,No,No,DSL,Month-to-month,36,Yes,1
Female,0,No,24,Yes,No,DSL,Two year,104,No,0
Female,0,No,39,Yes,No,DSL,One year,96,Yes,2
Male,0,Yes,63,Yes,Yes,Fiber optic,One year,91,No,2
Male,0,No,1,Yes,Yes,Fiber optic,Month-to-month,51,No,0
Female,0,Yes,26,No,Yes,DSL,Two year,30,No,1
Male,0,No,41,No,Yes,DSL,Two year,51,No,1
Male,0,No,22,Yes,Yes,DSL,Month-to-month,20,No,1
Male,0,Yes,35,Yes,Yes,Fiber optic,Month-to-month,90,No,2
Male,0,Yes,37,Yes,Yes,Fiber optic,Two year,20,No,1
Female,0,No,55,Yes,No,Fiber optic,Month-to-month,104,No,2
Female,0,No,38,Yes,Yes,Fiber optic,Month-to-month,66,No,0
Female,0,Yes,32,No,Yes,Fiber optic,One year,35,No,1
Female,0,Yes,14,Yes,No,DSL,Month-to-month,86,No,0
Male,0,Yes,62,Yes,No,Fiber optic,Month-to-month,104,No,2
Female,0,No,14,Yes,Yes,DSL,Two year,86,Yes,0
Male,0,Yes,29,Yes,No,DSL,One year,89,Yes,0
Male,0,No,54,Yes,Yes,Fiber optic,One year,90,No,2
Female,0,Yes,71,Yes,No,Fiber optic,One year,95,No,2
Male,0,No,47,Yes,No,Fiber optic,Month-to-month,95,No,2
Male,1,No,2,Yes,Yes,Fiber optic,Month-to-month,95,Yes,3
Female,0,Yes,45,No,No,DSL,Two year,51,No,1
Male,0,No,70,Yes,Yes,DSL,Two year,76,No,2
Female,0,Yes,4,Yes,Yes,Fiber optic,Month-to-month,20,Yes,1
Male,0,Yes,33,Yes,No,DSL,Month-to-month,82,No,2
Male,1,Yes,20,Yes,No,DSL,Month-to-month,94,No,3
Male,0,Yes,56,Yes,No,DSL,One year,24,No,1
Female,0,No,12,Yes,No,DSL,Month-to-month,100,Yes,0
Male,0,Yes,1,Yes,No,Fiber optic,Month-to-month,20,No,1
Female,1,No,38,Yes,Yes,Fiber optic,One year,57,Yes,3
Female,0,Yes,12,Yes,No,Fiber optic,Month-to-month,58,No,0
Male,0,No,1,Yes,No,Fiber optic,Month-to-month,20,Yes,1
Male,0,No,28,Yes,No,DSL,Two year,18,No,1
Female,0,Yes,43,Yes,No,Fiber optic,One year,50,No,1
Female,0,No,61,Yes,Yes,DSL,Two year,107,Yes,2
Male,0,No,16,Yes,No,Fiber optic,Two year,55,No,0
Male,0,No,10,Yes,Yes,Fiber optic,Month-to-month,70,Yes,0
Male,0,Yes,63,Yes,No,DSL,One year,80,No,2
Male,0,No,62,Yes,No,Fiber optic,Two year,24,No,1
Male,0,No,46,No,Yes,Fiber optic,One year,40,No,1
Male,0,Yes,1,Yes,Yes,Fiber optic,Two year,20,No,1
Female,0,Yes,9,Yes,No,DSL,Month-to-month,55,No,0
Male,0,No,2,Yes,Yes,Fiber optic,Month-to-month,96,Yes,0
Male,0,Yes,35,Yes,Yes,Fiber optic,One year,69,No,2
Male,0,Yes,69,Yes,No,DSL,Month-to-month,82,No,2
Male,0,No,33,Yes,No,DSL,Month-to-month,80,No,0
Female,0,No,46,Yes,Yes,Fiber optic,Month-to-month,21,No,1
Female,1,No,1,Yes,Yes,Fiber optic,Month-to-month,70,Yes,3
Female,0,No,1,Yes,Yes,Fiber optic,Month-to-month,76,No,0
Female,0,Yes,65,Yes,No,DSL,One year,26,No,1
Female,0,No,15,Yes,Yes,Fiber optic,Month-to-month,59,No,0
Male,0,No,7,Yes,Yes,DSL,Month-to-month,69,No,0
Male,0,No,19,Yes,No,DSL,Month-to-month,78,Yes,0
Male,0,Yes,25,Yes,No,Fiber optic,Month-to-month,76,No,0
Male,0,No,38,Yes,No,Fiber optic,Month-to-month,70,No,0
Female,0,No,53,Yes,No,DSL,Two year,19,No,1
Male,0,No,1,Yes,No,DSL,Month-to-month,45,Yes,0
Female,0,Yes,1,Yes,Yes,Fiber optic,Month-to-month,69,Yes,0
Male,0,Yes,52,Yes,Yes,Fiber optic,Month-to-month,21,No,1
Female,0,No,43,Yes,No,DSL,Month-to-month,79,No,2
Male,0,Yes,23,Yes,No,Fiber optic,One year,54,No,1
Female,0,No,2,Yes,Yes,Fiber optic,Two year,81,Yes,0
Female,0,No,34,Yes,No,Fiber optic,One year,50,No,1
Male,0,Yes,6,Yes,Yes,Fiber optic,One year,45,Yes,1
Male,0,No,26,Yes,No,DSL,Two year,52,No,0
Male,0,No,2,Yes,No,Fiber optic,Month-to-month,45,No,0
Female,0,Yes,11,Yes,No,DSL,Month-to-month,20,No,1
Male,0,No,1,Yes,No,DSL,Month-to-month,50,Yes,0
Male,0,No,53,Yes,Yes,Fiber optic,Month-to-month,98,No,2
Male,0,No,1,Yes,No,Fiber optic,Month-to-month,20,No,1
Male,0,No,14,Yes,Yes,DSL,Two year,76,No,0
Female,1,No,22,Yes,Yes,Fiber optic,Month-to-month,26,No,3
Male,0,No,64,Yes,No,DSL,Two year,84,No,2
Female,0,No,62,Yes,No,DSL,Two year,72,No,2
Male,0,No,36,Yes,Yes,Fiber optic,Month-to-month,65,Yes,0
Male,0,No,4,Yes,No,Fiber optic,Two year,81,Yes,0
Male,0,Yes,38,Yes,Yes,Fiber optic,Month-to-month,85,No,2
Male,0,No,32,Yes,Yes,DSL,Two year,86,No,0
Female,0,Yes,61,No,No,DSL,Two year,51,No,2
Female,0,No,70,Yes,No,Fiber optic,Month-to-month,26,No,1
Male,1,No,31,Yes,No,DSL,Two year,89,No,3
Male,0,No,9,Yes,No,Fiber optic,Month-to-month,19,Yes,1
Female,0,No,66,Yes,No,DSL,Two year,90,No,2
Female,0,No,10,Yes,No,DSL,Month-to-month,20,No,1
Female,0,Yes,30,Yes,No,Fiber optic,Month-to-month,64,No,0
Male,0,Yes,5,Yes,Yes,Fiber optic,Month-to-month,90,No,0
Male,0,Yes,54,Yes,Yes,Fiber optic,Month-to-month,24,No,1
Male,0,No,59,No,No,DSL,Month-to-month,41,Yes,1
Male,0,Yes,40,Yes,No,DSL,One year,25,No,1
Male,0,No,35,Yes,No,DSL,Two year,109,No,2
Female,0,No,12,Yes,No,DSL,One year,62,Yes,0
Male,0,No,42,Yes,Yes,Fiber optic,Month-to-month,95,Yes,2
Female,0,No,72,Yes,Yes,DSL,Two year,108,No,2
Male,0,Yes,63,No,No,DSL,Month-to-month,39,No,1
Male,0,No,4,Yes,No,DSL,Month-to-month,20,No,1
Female,1,Yes,68,No,No,DSL,Two year,53,No,3
Male,0,No,32,Yes,No,Fiber optic,One year,65,No,0
Male,0,Yes,5,Yes,Yes,DSL,One year,80,Yes,0
Female,0,No,72,Yes,No,DSL,Month-to-month,109,No,2
Male,0,No,1,Yes,Yes,Fiber optic,Month-to-month,76,Yes,0
Female,1,No,1,Yes,No,DSL,One year,56,Yes,3
Female,0,Yes,71,Yes,Yes,Fiber optic,One year,91,No,2
Female,0,Yes,46,Yes,Yes,Fiber optic,Month-to-month,19,No,1
Female,0,No,13,No,No,DSL,One year,24,Yes,1
Female,0,No,41,Yes,Yes,Fiber optic,Two year,81,No,2
Male,1,No,30,Yes,Yes,Fiber optic,Month-to-month,75,No,3
Female,0,No,1,Yes,Yes,DSL,Two year,69,Yes,0
Female,0,Yes,22,No,No,DSL,Month-to-month,49,No,1
Male,0,Yes,1,Yes,Yes,DSL,Two year,20,No,1
Female,0,No,10,Yes,Yes,Fiber optic,Two year,78,No,0
Female,0,No,19,No,Yes,Fiber optic,Two year,45,Yes,1
Male,0,Yes,27,Yes,Yes,Fiber optic,One year,56,No,1
Female,0,No,14,Yes,No,DSL,Month-to-month,70,No,0
Male,0,No,59,Yes,No,DSL,One year,114,No,2
Male,0,No,2,Yes,Yes,Fiber optic,Two year,76,Yes,0
Male,0,Yes,12,Yes,No,DSL,One year,21,No,1
Male,0,No,4,Yes,Yes,DSL,One year,46,No,0
Male,1,No,65,Yes,No,Fiber optic,Month-to-month,110,No,3
Male,0,Yes,2,Yes,No,Fiber optic,Two year,97,No,0
Female,1,No,71,Yes,Yes,Fiber optic,Month-to-month,106,No,3
Female,1,No,30,Yes,Yes,DSL,Two year,92,Yes,3
Female,0,No,29,Yes,No,DSL,One year,75,No,0
Female,0,Yes,5,Yes,No,DSL,Two year,99,Yes,0
Female,0,No,17,Yes,Yes,Fiber optic,Month-to-month,93,No,0
Female,0,Yes,61,Yes,Yes,DSL,One year,24,No,1
Female,0,Yes,16,Yes,Yes,Fiber optic,Month-to-month,89,Yes,0
Male,0,Yes,47,Yes,Yes,Fiber optic,One year,20,No,1
Male,0,No,37,Yes,No,DSL,Two year,79,No,0
Male,0,No,8,No,No,DSL,One year,25,No,1
Female,0,Yes,64,No,Yes,DSL,Two year,55,No,2
Female,0,Yes,40,Yes,No,DSL,Two year,25,No,1
Female,0,No,10,Yes,No,DSL,One year,21,No,1
Female,0,No,9,Yes,No,DSL,One year,76,Yes,0
Female,1,No,53,Yes,No,DSL,Two year,94,No,3
Female,0,No,1,Yes,No,Fiber optic,Month-to-month,21,No,1
Male,0,No,13,Yes,Yes,DSL,One year,20,No,1
Female,0,No,34,Yes,No,DSL,Month-to-month,55,No,0
Male,0,Yes,21,Yes,No,DSL,Two year,25,No,1
Male,0,Yes,0,Yes,No,DSL,Month-to-month,20,No,1
Female,0,No,25,Yes,No,DSL,Two year,76,No,0
Male,0,Yes,1,Yes,No,DSL,Month-to-month,70,No,0
Female,1,No,2,Yes,No,DSL,Two year,75,Yes,3
Female,0,Yes,47,Yes,No,DSL,Two year,21,No,1
Female,0,No,72,Yes,Yes,DSL,Two year,94,No,2
Female,1,No,31,Yes,Yes,Fiber optic,Month-to-month,100,Yes,3
Female,0,Yes,0,Yes,No,Fiber optic,Month-to-month,20,No,1
Male,0,No,47,Yes,Yes,Fiber optic,Month-to-month,20,No,1
Male,0,No,72,Yes,No,DSL,Month-to-month,25,No,1
Male,0,No,1,Yes,No,DSL,One year,21,No,1
Male,0,No,9,No,No,DSL,Month-to-month,35,Yes,1
Male,0,No,4,No,Yes,DSL,One year,30,No,1
Male,1,No,19,Yes,Yes,Fiber optic,Month-to-month,87,No,3
Male,0,No,43,Yes,Yes,Fiber optic,One year,75,Yes,2
Female,0,Yes,43,Yes,No,DSL,One year,75,No,2
Male,0,Yes,18,Yes,Yes,Fiber optic,One year,46,No,1
Female,1,No,39,Yes,No,DSL,Month-to-month,100,No,3
Male,1,No,11,Yes,No,DSL,Two year,111,No,3
Male,0,No,1,No,Yes,Fiber optic,One year,36,Yes,1
Female,0,No,1,Yes,Yes,Fiber optic,Month-to-month,69,Yes,0
Female,0,No,43,No,Yes,Fiber optic,Month-to-month,34,No,1
Male,0,Yes,12,Yes,Yes,Fiber optic,Month-to-month,26,No,1
Male,0,Yes,52,Yes,No,DSL,Month-to-month,85,No,2
Male,0,No,71,Yes,No,Fiber optic,Two year,83,No,2
Female,0,No,71,Yes,No,DSL,One year,109,No,2
Male,0,No,30,Yes,No,DSL,Month-to-month,94,No,0
Female,0,Yes,39,Yes,No,DSL,Month-to-month,24,No,1
Female,0,Yes,3,Yes,No,Fiber optic,Month-to-month,55,Yes,0
Male,0,No,3,Yes,No,Fiber optic,Month-to-month,21,No,1
Male,0,Yes,68,Yes,No,Fiber optic,Month-to-month,76,Yes,2
Female,0,Yes,41,Yes,Yes,DSL,One year,19,No,1
Female,0,No,8,Yes,Yes,DSL,Month-to-month,87,Yes,0
Female,0,No,72,Yes,No,DSL,Two year,24,No,1
Male,0,No,10,Yes,Yes,Fiber optic,Month-to-month,80,Yes,0
Male,0,Yes,12,Yes,Yes,Fiber optic,Month-to-month,54,Yes,0
Female,0,No,72,Yes,No,DSL,One year,110,No,2
Female,1,No,17,Yes,No,DSL,Two year,85,Yes,3
Female,0,Yes,68,Yes,No,DSL,One year,78,No,2
Female,0,No,57,Yes,No,DSL,One year,104,Yes,2
Female,1,No,37,Yes,Yes,Fiber optic,One year,107,Yes,3
Male,0,Yes,1,Yes,No,Fiber optic,Month-to-month,49,Yes,0
Female,0,No,53,Yes,No,DSL,Two year,107,Yes,2
Female,0,No,34,Yes,Yes,DSL,Month-to-month,80,No,0
Female,0,No,49,Yes,Yes,DSL,One year,60,Yes,2
Female,0,No,70,Yes,Yes,Fiber optic,Two year,86,No,2
Male,1,No,67,Yes,Yes,Fiber optic,Two year,65,No,3
Female,0,No,51,Yes,No,DSL,Month-to-month,25,No,1
Female,0,No,3,Yes,No,DSL,Month-to-month,70,No,0
Female,0,No,1,Yes,No,Fiber optic,Month-to-month,71,No,0
Male,0,Yes,56,Yes,Yes,Fiber optic,Month-to-month,76,No,2
Male,0,No,12,Yes,No,Fiber optic,Month-to-month,113,Yes,0
Male,0,Yes,27,Yes,Yes,DSL,One year,101,No,0
Female,0,Yes,58,Yes,No,Fiber optic,Month-to-month,105,No,2
Female,0,No,6,Yes,Yes,DSL,Month-to-month,20,No,1
Female,0,Yes,64,Yes,Yes,Fiber optic,Two year,24,No,1
Female,0,Yes,16,Yes,No,Fiber optic,Month-to-month,80,No,0
Female,0,Yes,44,Yes,No,DSL,Month-to-month,94,No,2
Male,0,Yes,16,Yes,No,DSL,One year,20,No,1
Female,0,No,18,Yes,No,Fiber optic,Month-to-month,20,No,1
Male,0,No,44,Yes,No,DSL,Two year,20,No,1
Male,1,No,30,Yes,No,DSL,One year,102,No,3
Male,0,No,25,Yes,No,DSL,Month-to-month,79,No,0
Female,0,No,14,Yes,No,Fiber optic,Month-to-month,71,Yes,0
Female,0,Yes,4,Yes,Yes,Fiber optic,Month-to-month,51,Yes,0
Female,0,No,42,Yes,Yes,Fiber optic,Month-to-month,99,No,2
Female,0,Yes,7,Yes,No,Fiber optic,Month-to-month,20,No,1
Male,0,No,19,Yes,No,DSL,Month-to-month,85,No,0
Male,1,Yes,7,Yes,No,DSL,Two year,46,No,3
Female,0,Yes,10,Yes,Yes,Fiber optic,One year,66,No,0
Female,0,No,15,Yes,No,DSL,Month-to-month,102,No,0
Male,0,No,12,Yes,No,DSL,One year,107,Yes,0
Female,0,Yes,12,Yes,No,Fiber optic,Month-to-month,19,Yes,1
Female,0,No,8,Yes,No,DSL,Two year,19,No,1
Female,0,Yes,10,Yes,Yes,Fiber optic,Month-to-month,20,No,1
Male,1,No,55,Yes,Yes,Fiber optic,Month-to-month,74,No,3
Female,0,No,69,Yes,Yes,Fiber optic,Month-to-month,82,No,2
Female,0,No,16,Yes,No,DSL,Month-to-month,20,No,1
Male,0,No,51,No,Yes,Fiber optic,Two year,30,No,1
Female,0,No,71,Yes,No,DSL,Two year,90,No,2
Female,0,No,54,Yes,No,DSL,Month-to-month,70,Yes,2
Male,0,No,1,Yes,Yes,DSL,Month-to-month,49,No,0
Female,0,No,26,Yes,No,DSL,Two year,55,No,0
Female,0,No,8,Yes,No,DSL,Month-to-month,20,Yes,1
Female,0,No,12,Yes,No,DSL,Month-to-month,20,No,1
Female,1,No,5,Yes,No,DSL,Month-to-month,74,Yes,3
Female,0,Yes,69,No,No,DSL,Month-to-month,55,No,2
Male,1,No,46,Yes,Yes,Fiber optic,One year,99,No,3
Female,0,No,46,Yes,No,Fiber optic,Month-to-month,96,Yes,2
Male,0,No,9,Yes,Yes,DSL,Two year,96,No,0
Female,0,No,53,Yes,No,DSL,Month-to-month,112,No,2
Female,0,No,41,No,No,DSL,One year,40,No,1
Female,0,No,41,Yes,Yes,Fiber optic,Month-to-month,20,No,1
Female,0,No,68,No,No,DSL,Two year,45,No,2
Female,0,No,36,No,Yes,Fiber optic,One year,31,No,1
Female,0,No,47,Yes,No,DSL,Month-to-month,65,No,2
Male,0,Yes,4,Yes,No,DSL,Two year,49,Yes,0
Male,0,Yes,61,Yes,Yes,Fiber optic,Month-to-month,81,No,2
Male,1,No,36,Yes,No,DSL,One year,84,Yes,3
Female,0,No,1,Yes,No,DSL,Month-to-month,20,No,1
Female,1,No,14,Yes,No,DSL,One year,79,Yes,3
Female,0,No,50,Yes,Yes,Fiber optic,Month-to-month,109,Yes,2
Male,0,Yes,27,Yes,No,Fiber optic,One year,85,No,0
Male,0,No,23,Yes,No,Fiber optic,One year,20,No,1
Male,0,No,3,Yes,No,DSL,Month-to-month,75,Yes,0
Female,0,No,36,Yes,Yes,Fiber optic,One year,105,No,2
Female,0,No,24,Yes,No,Fiber optic,Month-to-month,75,Yes,0
Female,0,Yes,65,Yes,No,DSL,Month-to-month,106,Yes,2
Male,0,No,31,No,No,DSL,One year,50,No,1
Female,0,No,63,Yes,No,DSL,Two year,80,No,2
Female,0,No,67,Yes,Yes,Fiber optic,Month-to-month,60,No,2
Female,0,No,58,Yes,No,DSL,One year,24,No,1
Female,0,No,15,Yes,Yes,Fiber optic,Month-to-month,105,Yes,0
Male,0,No,16,Yes,No,DSL,Month-to-month,81,No,0
Male,0,No,1,Yes,No,DSL,Month-to-month,46,Yes,0
Female,0,No,8,Yes,No,DSL,Two year,66,No,0
Female,0,No,2,Yes,No,DSL,Month-to-month,71,Yes,0
Female,0,Yes,71,Yes,No,DSL,Month-to-month,90,No,2
Male,0,No,4,Yes,Yes,Fiber optic,Month-to-month,20,No,1
Male,0,Yes,68,Yes,No,Fiber optic,One year,83,No,2
Female,0,No,15,Yes,No,Fiber optic,Month-to-month,56,No,0
Male,0,Yes,13,Yes,No,DSL,Two year,52,No,0
Female,0,No,42,Yes,No,Fiber optic,Month-to-month,20,No,1
Male,0,Yes,4,Yes,No,DSL,One year,45,No,1
Female,0,No,50,Yes,No,DSL,One year,110,No,2
Female,0,Yes,4,No,Yes,Fiber optic,Month-to-month,57,No,0
Female,0,Yes,2,Yes,No,DSL,Month-to-month,52,No,0
Female,0,Yes,46,Yes,No,Fiber optic,Month-to-month,19,No,1
Male,0,No,58,Yes,No,DSL,One year,105,Yes,2
Male,0,Yes,17,No,No,Fiber optic,Month-to-month,44,No,1
Male,0,Yes,21,Yes,Yes,Fiber optic,Month-to-month,20,No,1
Female,0,No,2,Yes,Yes,Fiber optic,Month-to-month,95,Yes,0
Female,0,Yes,68,Yes,No,DSL,Month-to-month,85,No,2
Female,1,No,28,Yes,Yes,Fiber optic,Month-to-month,111,No,3
Female,0,Yes,40,Yes,Yes,Fiber optic,Two year,26,No,1
Female,0,No,8,Yes,Yes,Fiber optic,Month-to-month,20,No,1
Male,0,No,35,Yes,No,DSL,Two year,75,Yes,0
Female,0,No,5,Yes,No,DSL,Two year,64,No,0
Male,0,Yes,14,Yes,No,DSL,Month-to-month,20,No,1
Male,0,No,6,Yes,No,DSL,One year,50,No,0
Male,0,No,67,Yes,Yes,DSL,Two year,66,No,2
Male,1,No,63,Yes,No,DSL,One year,84,No,3
Female,0,No,8,Yes,Yes,Fiber optic,Month-to-month,85,Yes,0
Female,0,No,5,Yes,Yes,DSL,Month-to-month,54,No,0
Male,0,No,6,Yes,No,DSL,Month-to-month,83,Yes,0
Male,0,No,49,Yes,Yes,DSL,Two year,94,No,2
Female,0,Yes,61,Yes,Yes,DSL,One year,19,No,1
Female,0,No,1,Yes,Yes,DSL,Two year,70,Yes,0
Male,0,No,10,Yes,No,DSL,One year,20,No,1
Female,0,No,72,Yes,Yes,DSL,One year,117,No,2
Male,0,No,53,Yes,Yes,Fiber optic,Two year,77,No,2
Male,0,No,9,Yes,No,DSL,One year,70,No,0
Female,0,No,1,Yes,No,DSL,Two year,20,Yes,1
Male,0,No,4,Yes,No,DSL,One year,20,No,1
Female,0,Yes,22,Yes,Yes,DSL,Two year,21,No,1
Male,0,No,34,Yes,Yes,Fiber optic,Month-to-month,100,Yes,2
Female,0,No,5,Yes,Yes,DSL,Two year,89,Yes,0
Female,0,No,5,Yes,Yes,DSL,Two year,20,Yes,1
Female,0,No,56,Yes,No,Fiber optic,Month-to-month,24,No,1
Male,1,No,11,Yes,No,Fiber optic,Month-to-month,79,No,3
Female,0,Yes,33,Yes,No,DSL,One year,58,No,1
Male,0,No,58,Yes,No,DSL,Month-to-month,86,No,2
Male,1,No,34,Yes,No,DSL,Month-to-month,76,No,3
Female,0,No,65,Yes,No,DSL,Two year,26,No,1
Male,1,No,2,Yes,Yes,DSL,One year,44,Yes,3
Male,1,No,17,Yes,No,DSL,Month-to-month,82,Yes,3
Male,0,Yes,63,No,No,DSL,Two year,41,No,1
Female,0,Yes,72,Yes,Yes,Fiber optic,Month-to-month,25,No,1
Female,0,Yes,43,Yes,No,DSL,Month-to-month,93,No,2
Male,0,No,72,Yes,Yes,Fiber optic,Two year,113,No,2
Female,0,Yes,6,Yes,Yes,Fiber optic,Month-to-month,20,No,1
Male,0,No,1,Yes,Yes,DSL,Month-to-month,25,No,1
Female,0,Yes,26,Yes,No,DSL,Month-to-month,60,Yes,0
Female,0,Yes,72,Yes,Yes,Fiber optic,One year,95,No,2
Female,1,No,56,Yes,Yes,Fiber optic,Month-to-month,112,Yes,3
Male,0,No,1,Yes,No,DSL,Month-to-month,20,Yes,1
Male,0,No,17,Yes,No,DSL,One year,103,No,0
Female,0,No,1,Yes,No,DSL,Month-to-month,55,No,0
Male,0,Yes,68,Yes,No,Fiber optic,Month-to-month,86,No,2
Female,0,Yes,61,Yes,Yes,DSL,One year,25,No,1
Female,0,No,11,No,No,Fiber optic,Month-to-month,40,No,1
Female,0,No,15,Yes,No,DSL,Month-to-month,49,No,0
Male,0,No,1,Yes,No,DSL,Two year,19,No,1
Female,0,No,34,Yes,No,DSL,Month-to-month,85,No,0
Male,0,No,72,Yes,Yes,Fiber optic,Month-to-month,24,No,1
Male,0,No,26,Yes,Yes,DSL,One year,62,No,0
Male,0,No,66,Yes,Yes,Fiber optic,Month-to-month,95,No,2
Female,0,No,1,Yes,No,DSL,Month-to-month,50,No,0
Female,0,No,64,Yes,No,Fiber optic,Month-to-month,85,No,2
Male,0,No,3,Yes,No,DSL,Two year,61,No,0
Female,0,No,20,Yes,Yes,DSL,Month-to-month,20,No,1
Female,0,Yes,48,Yes,Yes,Fiber optic,Month-to-month,103,Yes,2
Male,0,Yes,43,Yes,No,DSL,Two year,72,No,2
Male,1,No,14,Yes,Yes,Fiber optic,Month-to-month,20,No,3
Female,0,Yes,57,Yes,No,Fiber optic,Month-to-month,20,No,1
Male,0,Yes,72,Yes,No,DSL,One year,66,No,2
Male,0,No,72,Yes,No,Fiber optic,One year,26,No,1
Male,0,Yes,38,Yes,Yes,DSL,Two year,81,No,2
Female,0,No,2,Yes,No,Fiber optic,Month-to-month,50,Yes,0
Female,1,No,4,Yes,Yes,DSL,Month-to-month,95,Yes,3
Female,0,No,26,Yes,Yes,DSL,Month-to-month,70,No,0
Male,0,No,3,No,Yes,Fiber optic,Month-to-month,30,No,1
Male,0,Yes,26,Yes,Yes,Fiber optic,Month-to-month,20,No,1
Female,0,No,15,No,No,DSL,One year,39,No,1
Male,0,Yes,22,Yes,Yes,DSL,One year,100,No,0
Female,0,Yes,13,Yes,No,DSL,One year,25,No,1
Female,1,No,6,No,No,DSL,Two year,44,No,3
Male,1,No,20,Yes,No,Fiber optic,One year,54,No,3
Male,0,Yes,72,Yes,No,DSL,One year,20,No,1
Male,1,No,34,Yes,No,DSL,Month-to-month,100,No,3
Male,0,No,1,Yes,No,DSL,Month-to-month,45,Yes,0
Female,0,No,52,Yes,No,Fiber optic,Month-to-month,21,No,1
Female,0,No,69,Yes,Yes,Fiber optic,One year,25,No,1
Female,0,No,39,Yes,No,DSL,Month-to-month,20,No,1
Male,0,Yes,65,Yes,No,DSL,One year,75,Yes,2
Male,0,No,68,Yes,No,DSL,Two year,25,No,1
Female,0,No,25,Yes,No,DSL,Month-to-month,85,No,0
Male,0,No,6,Yes,No,DSL,Month-to-month,84,Yes,0
Female,1,No,64,Yes,No,DSL,Month-to-month,70,Yes,3
Male,0,Yes,7,Yes,Yes,DSL,Month-to-month,70,Yes,0
Female,0,Yes,32,Yes,No,DSL,Two year,86,No,2
Male,0,No,41,Yes,No,DSL,Month-to-month,20,No,1
Male,0,No,2,Yes,Yes,Fiber optic,Month-to-month,45,Yes,0
Male,0,No,24,No,Yes,DSL,Two year,51,No,1
Female,0,No,1,Yes,Yes,DSL,Two year,19,No,1
Female,0,No,54,No,No,DSL,One year,44,No,1
Female,0,Yes,39,Yes,Yes,Fiber optic,Month-to-month,60,No,2
Female,0,No,14,Yes,Yes,DSL,Two year,80,Yes,0
Male,0,Yes,7,Yes,No,Fiber optic,Month-to-month,70,No,0
Male,0,No,25,Yes,No,DSL,Two year,20,No,1
Male,0,Yes,44,Yes,No,DSL,One year,93,No,2
Male,0,Yes,61,Yes,No,DSL,Month-to-month,100,No,2
Male,0,No,72,Yes,Yes,Fiber optic,One year,114,No,2
Female,0,Yes,43,Yes,No,DSL,Month-to-month,99,No,2
Female,0,No,58,Yes,Yes,DSL,Month-to-month,108,No,2
Female,0,No,71,No,No,Fiber optic,Month-to-month,67,No,2
Male,0,No,22,Yes,Yes,Fiber optic,Month-to-month,95,No,0
Male,1,No,34,Yes,Yes,Fiber optic,Month-to-month,85,No,3
Male,1,No,52,Yes,Yes,DSL,Two year,73,No,3
Female,1,No,64,No,No,Fiber optic,Two year,44,No,3
Male,0,No,44,Yes,No,DSL,Two year,85,No,2
Male,0,Yes,13,Yes,No,DSL,Month-to-month,45,No,1
Male,0,No,24,Yes,Yes,DSL,Month-to-month,91,Yes,0
Male,0,Yes,70,Yes,Yes,DSL,One year,115,No,2
Male,0,No,70,Yes,Yes,Fiber optic,Month-to-month,77,No,2
Female,1,No,1,Yes,No,DSL,Month-to-month,85,Yes,3
Male,0,Yes,72,Yes,No,DSL,Two year,21,No,1
Female,0,No,11,Yes,No,DSL,Two year,76,Yes,0
Male,0,No,12,Yes,No,Fiber optic,Two year,60,Yes,0
Male,0,No,72,Yes,Yes,Fiber optic,Month-to-month,111,No,2
Female,1,No,8,Yes,Yes,Fiber optic,Two year,101,Yes,3
Male,0,No,15,Yes,No,DSL,One year,85,No,0
Female,0,Yes,13,Yes,No,DSL,One year,56,No,0
Female,0,No,68,Yes,No,DSL,Month-to-month,80,No,2
Female,0,No,17,Yes,Yes,Fiber optic,Two year,80,No,0
Female,0,Yes,71,Yes,Yes,Fiber optic,Month-to-month,25,No,1
Male,0,No,6,Yes,No,DSL,Two year,69,No,0
Female,0,Yes,24,Yes,Yes,Fiber optic,One year,20,No,1
Female,0,No,6,Yes,Yes,Fiber optic,Two year,91,Yes,0
Female,0,Yes,47,Yes,No,DSL,One year,19,No,1
Female,0,No,4,Yes,Yes,DSL,Month-to-month,76,No,0
Male,1,No,13,Yes,No,DSL,Month-to-month,94,No,3
Female,0,No,3,Yes,Yes,DSL,Two year,75,No,0
Male,0,No,12,Yes,Yes,DSL,Two year,54,No,0
Female,0,No,17,Yes,Yes,Fiber optic,Month-to-month,80,No,0
Female,0,No,19,Yes,Yes,DSL,One year,58,No,0
Male,0,No,52,Yes,No,Fiber optic,One year,21,No,1
Male,0,No,29,Yes,No,DSL,Two year,90,No,0
Male,0,No,3,Yes,Yes,Fiber optic,Two year,45,No,0
Male,1,No,3,No,No,Fiber optic,One year,36,Yes,3
Male,0,Yes,32,Yes,No,Fiber optic,Month-to-month,84,No,2
Male,0,No,1,Yes,No,DSL,Month-to-month,81,Yes,0
Male,0,No,55,Yes,Yes,Fiber optic,One year,104,Yes,2
Male,0,No,20,Yes,No,DSL,Month-to-month,99,No,0
Male,0,Yes,22,Yes,No,DSL,Month-to-month,20,No,1
Male,1,Yes,60,Yes,Yes,DSL,Two year,81,No,3
Female,1,No,27,Yes,Yes,Fiber optic,Month-to-month,88,Yes,3
Male,0,No,1,Yes,Yes,Fiber optic,One year,74,Yes,0
Female,0,No,4,Yes,No,DSL,One year,94,Yes,0
Male,0,No,3,Yes,Yes,Fiber optic,Month-to-month,85,Yes,0
Male,1,No,12,No,No,Fiber optic,Month-to-month,29,No,3
Male,0,No,17,Yes,Yes,Fiber optic,Month-to-month,52,Yes,0
Female,0,Yes,48,Yes,Yes,Fiber optic,Month-to-month,20,No,1
Female,0,Yes,12,Yes,Yes,Fiber optic,Month-to-month,78,Yes,0
Female,0,Yes,45,Yes,Yes,Fiber optic,Month-to-month,25,No,1
Female,0,Yes,1,Yes,Yes,Fiber optic,Month-to-month,51,No,0
Male,0,No,72,Yes,Yes,Fiber optic,Month-to-month,85,No,2
Male,0,No,28,Yes,Yes,DSL,Two year,100,No,0
Male,0,No,51,Yes,Yes,DSL,Two year,81,No,2
Female,0,Yes,1,Yes,Yes,DSL,Two year,50,No,0
Female,0,No,8,Yes,Yes,Fiber optic,One year,66,No,0
Female,0,Yes,43,Yes,No,DSL,Two year,106,No,2
Female,0,No,22,Yes,No,DSL,Two year,84,Yes,0
Female,0,Yes,18,Yes,No,DSL,Month-to-month,20,No,1
Male,1,No,54,Yes,No,Fiber optic,Month-to-month,65,No,3
Male,0,No,13,Yes,No,DSL,Month-to-month,81,Yes,0
Female,0,No,69,Yes,Yes,Fiber optic,Two year,85,No,2
Male,0,Yes,66,No,No,DSL,Two year,57,No,2
Female,0,No,53,Yes,No,DSL,One year,19,No,1
Male,0,No,3,Yes,No,DSL,Two year,19,No,1
Female,0,No,20,Yes,Yes,Fiber optic,Month-to-month,20,No,1
Male,0,No,1,Yes,No,DSL,Month-to-month,19,Yes,1
Male,0,No,38,Yes,No,DSL,Month-to-month,62,Yes,0
Female,0,No,13,Yes,No,DSL,Two year,20,No,1
Male,1,No,57,Yes,No,DSL,Two year,90,No,3
Male,0,No,67,Yes,Yes,Fiber optic,Two year,20,No,1
Female,1,No,11,Yes,No,DSL,Month-to-month,56,No,3
Female,0,No,14,Yes,No,DSL,Month-to-month,50,No,0
Male,0,Yes,21,Yes,No,Fiber optic,Month-to-month,80,No,0
Male,0,No,1,Yes,No,Fiber optic,Month-to-month,20,Yes,1
Male,0,No,59,Yes,No,DSL,Two year,25,No,1
Male,0,No,43,Yes,Yes,DSL,Month-to-month,101,Yes,2
Male,0,Yes,7,No,Yes,Fiber optic,One year,39,No,1
Female,0,Yes,56,Yes,Yes,Fiber optic,Month-to-month,81,No,2
Male,0,No,13,Yes,No,DSL,Month-to-month,73,No,0
Female,0,Yes,3,No,No,DSL,One year,30,No,1
Male,0,Yes,8,Yes,No,Fiber optic,Month-to-month,76,No,0
Female,0,No,1,Yes,Yes,DSL,One year,70,Yes,0
Female,0,Yes,5,No,No,DSL,One year,34,No,1
Male,0,Yes,19,Yes,No,DSL,Two year,24,No,1
Female,0,Yes,0,No,No,DSL,Two year,53,No,0
Female,0,Yes,71,Yes,Yes,DSL,One year,20,No,1
Male,0,No,9,No,Yes,DSL,Two year,45,Yes,1
Female,0,No,1,Yes,Yes,Fiber optic,Month-to-month,74,Yes,0
Female,0,Yes,24,Yes,No,Fiber optic,Month-to-month,25,No,1
Male,0,No,3,Yes,No,DSL,One year,20,No,1
Female,0,No,39,Yes,No,DSL,Month-to-month,103,Yes,2
Female,0,Yes,69,Yes,Yes,Fiber optic,One year,93,No,2
Female,0,No,33,Yes,No,DSL,Month-to-month,61,No,0
Male,0,No,24,Yes,No,DSL,Month-to-month,51,No,0
Male,0,No,16,Yes,No,DSL,Month-to-month,20,No,1
Female,0,Yes,39,Yes,Yes,DSL,One year,20,No,1
Male,0,No,37,Yes,No,Fiber optic,Month-to-month,20,No,1
Female,0,Yes,71,Yes,Yes,DSL,Two year,91,No,2
Male,1,No,29,Yes,No,DSL,One year,90,No,3
Female,0,No,68,Yes,No,DSL,Month-to-month,92,No,2
Female,0,Yes,52,Yes,Yes,Fiber optic,Two year,101,No,2
Female,0,No,3,Yes,No,DSL,Two year,60,No,0
Male,0,No,1,Yes,No,Fiber optic,Month-to-month,82,Yes,0
Male,0,Yes,72,Yes,No,DSL,Month-to-month,115,No,2
Male,0,No,26,Yes,No,DSL,One year,84,Yes,0
Female,0,No,3,Yes,Yes,Fiber optic,Month-to-month,80,No,0
Male,0,No,3,Yes,No,DSL,Month-to-month,20,No,1
Male,0,No,59,Yes,Yes,DSL,Two year,111,No,2
Female,1,Yes,33,Yes,No,DSL,Two year,105,No,3
Female,1,No,26,Yes,No,DSL,Month-to-month,86,No,3
Male,0,No,30,Yes,No,DSL,Two year,100,No,0
Male,0,No,22,Yes,No,DSL,Month-to-month,79,No,0
Female,0,Yes,72,Yes,No,DSL,Month-to-month,90,No,2
Male,0,No,7,Yes,No,Fiber optic,Month-to-month,25,No,1
Female,1,Yes,66,Yes,No,DSL,Month-to-month,111,No,3
Male,0,Yes,71,Yes,No,DSL,Two year,106,No,2
Female,0,No,8,Yes,Yes,DSL,Month-to-month,75,No,0
Male,0,No,15,Yes,Yes,Fiber optic,Two year,103,No,0
Male,0,Yes,70,Yes,No,DSL,Month-to-month,106,No,2
Female,0,Yes,55,Yes,Yes,Fiber optic,Month-to-month,85,No,2
Male,0,No,1,Yes,No,DSL,Month-to-month,19,No,1
Male,0,No,63,Yes,No,DSL,Month-to-month,102,No,2
Male,0,No,10,Yes,Yes,DSL,Two year,20,No,1
Female,1,No,3,Yes,No,DSL,Month-to-month,74,No,3
Male,0,No,54,Yes,Yes,DSL,One year,20,No,1
Male,0,Yes,72,No,Yes,Fiber optic,Two year,67,No,2
Female,1,No,28,Yes,No,DSL,Two year,26,No,3
Male,1,Yes,65,Yes,Yes,Fiber optic,Month-to-month,86,No,3
Male,0,Yes,70,Yes,Yes,DSL,Month-to-month,20,No,1
Female,0,No,55,Yes,No,Fiber optic,Month-to-month,51,No,2
Female,0,No,68,Yes,No,Fiber optic,Month-to-month,20,No,1
Male,0,Yes,45,Yes,Yes,Fiber optic,Two year,19,No,1
Female,0,No,9,Yes,No,Fiber optic,One year,75,No,0
Female,0,No,72,Yes,Yes,Fiber optic,One year,116,No,2
Male,0,Yes,64,Yes,Yes,Fiber optic,Month-to-month,99,No,2
Female,0,Yes,72,Yes,Yes,Fiber optic,One year,84,No,2
Male,1,Yes,47,Yes,No,Fiber optic,Month-to-month,85,No,3
Male,0,No,1,Yes,Yes,Fiber optic,One year,20,Yes,1
Male,0,Yes,19,Yes,No,DSL,Two year,21,No,1
Female,0,No,6,Yes,No,DSL,Two year,49,Yes,0
Female,0,No,48,Yes,No,Fiber optic,Two year,24,No,1
Female,0,No,1,Yes,Yes,Fiber optic,Month-to-month,20,No,1
Male,0,Yes,63,Yes,No,DSL,Month-to-month,74,No,2
Male,0,No,8,Yes,No,DSL,Month-to-month,75,Yes,0
Female,0,Yes,65,Yes,No,Fiber optic,Month-to-month,104,No,2
Female,0,Yes,43,Yes,No,DSL,Two year,20,No,1
Female,0,Yes,38,Yes,Yes,Fiber optic,Month-to-month,54,No,1
Female,0,No,1,Yes,Yes,DSL,Two year,45,Yes,0
Male,0,Yes,2,Yes,No,Fiber optic,Month-to-month,20,No,1
Male,0,No,4,Yes,Yes,DSL,Two year,80,Yes,0
Male,1,No,69,Yes,No,DSL,Two year,110,No,3
Male,0,No,3,Yes,Yes,Fiber optic,Month-to-month,74,No,0
Female,0,Yes,70,Yes,Yes,Fiber optic,Month-to-month,110,No,2
Male,0,Yes,4,Yes,Yes,Fiber optic,Month-to-month,49,Yes,0
Female,0,No,46,Yes,No,Fiber optic,Month-to-month,103,No,2
Female,0,No,2,No,No,DSL,Month-to-month,45,Yes,0
Male,0,Yes,65,Yes,Yes,Fiber optic,Month-to-month,70,No,2
Female,0,No,19,Yes,Yes,Fiber optic,Month-to-month,97,No,0
Male,0,No,21,Yes,No,DSL,Month-to-month,62,No,0
Male,0,No,48,Yes,No,DSL,Month-to-month,79,No,2
Female,1,No,17,Yes,No,DSL,Two year,89,Yes,3
Male,1,No,64,Yes,No,DSL,Two year,20,No,3
Female,0,No,66,Yes,No,DSL,Two year,92,No,2
Male,0,Yes,70,Yes,Yes,Fiber optic,Month-to-month,78,No,2
Male,0,Yes,29,Yes,No,DSL,Two year,80,No,0
Male,0,No,1,Yes,Yes,Fiber optic,Month-to-month,63,No,0
Female,0,No,47,Yes,No,DSL,Two year,20,No,1
Female,0,No,71,Yes,Yes,Fiber optic,One year,21,No,1
Male,0,Yes,42,Yes,No,Fiber optic,Month-to-month,21,No,1
Female,1,No,62,Yes,No,Fiber optic,Month-to-month,80,No,3
Female,0,No,56,No,Yes,Fiber optic,Month-to-month,45,No,1
Female,0,No,70,Yes,Yes,Fiber optic,Month-to-month,116,Yes,2
Male,0,Yes,43,Yes,No,DSL,Month-to-month,24,No,1
Male,1,No,44,Yes,No,DSL,Month-to-month,88,Yes,3
Male,0,Yes,27,No,No,DSL,One year,46,No,1
Male,0,No,31,Yes,Yes,Fiber optic,Month-to-month,103,Yes,0
Male,0,No,13,Yes,No,Fiber optic,Month-to-month,20,No,1
Female,0,Yes,26,Yes,No,DSL,Month-to-month,91,Yes,0
Female,0,No,59,Yes,Yes,Fiber optic,Month-to-month,18,No,1
Male,0,No,51,Yes,No,DSL,Month-to-month,95,Yes,2
Male,0,No,1,Yes,No,DSL,Month-to-month,85,Yes,0
Female,0,No,48,Yes,Yes,Fiber optic,Month-to-month,107,Yes,2
Female,0,Yes,70,Yes,Yes,DSL,Two year,81,No,2
Female,0,No,16,Yes,Yes,Fiber optic,Two year,20,No,1
Male,1,No,67,Yes,No,DSL,Month-to-month,103,No,3
Male,0,No,28,No,Yes,Fiber optic,Month-to-month,30,No,1
Male,0,No,4,Yes,No,DSL,Month-to-month,66,No,0
Male,0,No,72,Yes,No,DSL,One year,19,No,1
Male,0,No,25,No,Yes,DSL,Two year,38,No,1
Male,0,No,48,Yes,No,Fiber optic,Month-to-month,97,No,2
Male,0,No,72,Yes,Yes,Fiber optic,Month-to-month,106,No,2
Female,0,No,2,Yes,Yes,Fiber optic,Two year,86,Yes,0
Male,0,No,56,Yes,Yes,Fiber optic,Month-to-month,86,No,2
Male,0,No,69,Yes,Yes,Fiber optic,Month-to-month,19,No,1
Male,0,No,9,Yes,Yes,Fiber optic,Month-to-month,45,Yes,0
Female,0,No,37,Yes,Yes,DSL,One year,80,No,0
Female,0,No,51,No,No,DSL,Month-to-month,56,No,2
Male,0,Yes,70,Yes,No,DSL,Two year,25,No,1
Female,0,No,38,Yes,Yes,Fiber optic,Month-to-month,104,No,2
Male,0,No,23,Yes,No,DSL,Two year,91,Yes,0
Male,0,Yes,44,Yes,No,Fiber optic,Month-to-month,20,No,1
Male,0,Yes,5,Yes,No,DSL,One year,20,No,1
Female,1,No,67,Yes,Yes,Fiber optic,Month-to-month,105,No,3
Female,0,Yes,72,Yes,Yes,Fiber optic,Month-to-month,21,No,1
Female,0,No,7,Yes,No,Fiber optic,One year,94,No,0
Male,0,Yes,54,Yes,Yes,DSL,Two year,80,No,2
Female,0,No,41,Yes,No,DSL,Month-to-month,81,No,2
Female,0,No,63,Yes,No,DSL,Two year,109,No,2
Male,0,No,1,Yes,No,Fiber optic,One year,70,Yes,0
Male,0,Yes,59,Yes,No,Fiber optic,Month-to-month,100,No,2
Female,0,No,50,Yes,No,Fiber optic,Month-to-month,110,Yes,2
Female,0,No,3,Yes,No,Fiber optic,Month-to-month,95,Yes,0
Female,1,No,71,Yes,Yes,DSL,Two year,99,No,3
Male,0,No,57,Yes,No,DSL,Month-to-month,21,No,1
Male,1,No,15,Yes,Yes,Fiber optic,One year,80,Yes,3
Male,0,Yes,72,No,No,Fiber optic,Month-to-month,55,No,2
Female,1,No,42,Yes,No,DSL,Month-to-month,74,Yes,3
Female,0,No,72,Yes,Yes,Fiber optic,Month-to-month,98,No,2
Female,0,Yes,18,Yes,Yes,Fiber optic,Month-to-month,25,No,1
Female,0,Yes,70,Yes,Yes,DSL,Two year,65,No,2
Male,0,Yes,26,Yes,No,Fiber optic,Month-to-month,84,Yes,0
Male,1,No,64,Yes,No,Fiber optic,Month-to-month,26,No,3
Male,1,Yes,8,Yes,No,DSL,One year,80,Yes,3
Male,0,Yes,68,Yes,No,DSL,Month-to-month,113,Yes,2
Male,1,No,22,Yes,No,Fiber optic,One year,90,No,3
Female,0,Yes,72,Yes,No,DSL,Month-to-month,85,No,2
Female,0,Yes,23,Yes,Yes,Fiber optic,Month-to-month,20,No,1
Male,0,No,24,No,No,DSL,Two year,29,No,1
Male,0,No,16,Yes,No,DSL,Month-to-month,94,Yes,0
Female,0,No,63,Yes,No,DSL,Month-to-month,108,No,2
Female,0,Yes,72,Yes,No,Fiber optic,One year,107,No,2
Male,0,No,6,Yes,No,DSL,Month-to-month,85,Yes,0
Female,0,No,62,Yes,No,Fiber optic,One year,94,No,2
Female,0,No,9,Yes,Yes,DSL,One year,19,No,1
Female,0,No,71,Yes,Yes,DSL,One year,25,No,1
Male,0,No,18,Yes,Yes,DSL,One year,56,No,0
Male,1,No,9,Yes,No,DSL,Month-to-month,74,No,3
Female,1,No,48,Yes,No,DSL,Month-to-month,117,Yes,3
Female,0,Yes,33,Yes,No,DSL,Two year,20,No,1
Female,0,No,27,Yes,No,Fiber optic,Month-to-month,102,No,0
Female,0,No,70,Yes,No,DSL,Month-to-month,104,No,2
Female,0,No,17,Yes,No,DSL,Month-to-month,20,No,1
Male,0,No,41,Yes,Yes,Fiber optic,Two year,56,No,1
Female,1,No,7,Yes,No,DSL,Two year,48,No,3
Male,0,No,26,Yes,Yes,Fiber optic,Month-to-month,80,Yes,0
Male,0,No,10,Yes,Yes,Fiber optic,One year,52,No,0
Male,0,No,57,No,Yes,Fiber optic,Month-to-month,53,No,2
Male,0,No,35,Yes,Yes,Fiber optic,Two year,61,No,0
Female,0,No,28,Yes,No,DSL,Two year,81,No,0
Male,1,No,72,Yes,Yes,Fiber optic,Two year,110,No,3
Male,1,No,27,Yes,No,Fiber optic,One year,85,No,3
Male,0,Yes,67,Yes,Yes,Fiber optic,Month-to-month,21,No,1
Male,0,No,11,Yes,No,DSL,Two year,20,No,1
Male,0,No,69,Yes,Yes,Fiber optic,Month-to-month,105,Yes,2
Female,0,Yes,52,Yes,No,Fiber optic,Month-to-month,98,No,2
Male,0,No,52,Yes,Yes,DSL,One year,81,No,2
Female,0,No,24,Yes,No,Fiber optic,Month-to-month,20,No,1
Female,0,No,12,Yes,No,DSL,One year,20,No,1
Female,0,Yes,1,Yes,No,Fiber optic,Month-to-month,44,Yes,1
Male,0,Yes,15,Yes,Yes,DSL,Month-to-month,19,No,1
Female,0,No,9,Yes,No,DSL,One year,94,Yes,0
Female,0,No,18,Yes,No,DSL,Month-to-month,89,No,0
Female,0,No,66,Yes,Yes,Fiber optic,Month-to-month,25,No,1
Male,0,Yes,46,Yes,No,Fiber optic,One year,57,No,2
Female,0,No,2,Yes,No,DSL,Month-to-month,74,Yes,0
Male,0,No,17,Yes,No,Fiber optic,Month-to-month,87,No,0
Male,0,Yes,47,No,Yes,Fiber optic,Two year,40,No,1
Male,1,No,63,Yes,Yes,Fiber optic,Two year,108,No,3
Female,0,No,1,Yes,Yes,Fiber optic,Month-to-month,20,Yes,1
Female,0,Yes,70,Yes,No,DSL,Month-to-month,66,No,2
Female,0,Yes,38,Yes,Yes,DSL,Two year,20,No,1
Female,0,Yes,58,Yes,No,Fiber optic,One year,24,No,1
Female,0,No,60,Yes,No,DSL,Two year,65,No,2
Female,0,No,68,Yes,No,DSL,One year,88,No,2
Female,0,No,48,Yes,No,DSL,Two year,61,No,2
Female,0,Yes,35,Yes,No,DSL,Month-to-month,107,No,2
Male,0,No,71,Yes,No,DSL,Month-to-month,80,No,2
Female,0,No,55,Yes,Yes,Fiber optic,Two year,57,No,2
Male,0,No,42,Yes,No,DSL,Month-to-month,100,No,2
Male,0,Yes,56,Yes,Yes,Fiber optic,One year,97,No,2
Male,0,No,40,No,No,Fiber optic,One year,62,No,1
Male,1,No,72,Yes,No,DSL,One year,85,No,3
Female,0,Yes,32,Yes,No,DSL,Month-to-month,91,Yes,2
Female,0,No,35,Yes,No,DSL,Two year,85,Yes,0
Female,0,No,58,Yes,Yes,Fiber optic,Month-to-month,102,Yes,2
Female,0,No,45,Yes,Yes,Fiber optic,Month-to-month,74,No,2
Female,0,No,20,Yes,No,DSL,Month-to-month,82,Yes,0
Male,0,No,3,Yes,No,DSL,Month-to-month,70,No,0
Female,0,Yes,68,Yes,Yes,DSL,Two year,89,No,2
Female,0,No,9,Yes,No,Fiber optic,Month-to-month,75,Yes,0
Female,1,No,36,Yes,No,DSL,Two year,75,No,3
Female,0,No,37,No,No,Fiber optic,One year,40,No,1
Male,1,No,1,Yes,Yes,Fiber optic,Month-to-month,71,Yes,3
Male,0,Yes,72,Yes,Yes,Fiber optic,Month-to-month,104,No,2
Female,0,No,1,Yes,No,Fiber optic,Month-to-month,80,Yes,0
Female,0,Yes,55,Yes,Yes,Fiber optic,Month-to-month,56,No,2
Male,0,No,28,Yes,No,DSL,One year,54,No,0
Female,0,No,52,No,Yes,Fiber optic,Month-to-month,59,No,2
Male,1,No,1,Yes,No,DSL,One year,44,No,3
Male,0,No,42,Yes,Yes,Fiber optic,Month-to-month,80,No,2
Female,0,Yes,49,Yes,Yes,Fiber optic,Month-to-month,95,No,2
Female,0,No,26,Yes,No,DSL,Month-to-month,96,No,0
Female,0,Yes,35,Yes,Yes,Fiber optic,Month-to-month,20,No,1
Male,1,No,1,Yes,Yes,Fiber optic,Month-to-month,45,No,3
Female,1,No,52,Yes,Yes,Fiber optic,One year,108,No,3
Female,0,No,72,Yes,No,Fiber optic,One year,111,No,2
Male,0,No,45,Yes,Yes,Fiber optic,One year,85,No,2
Male,0,No,41,Yes,Yes,DSL,Two year,105,Yes,2
Male,0,No,54,Yes,No,DSL,Two year,87,No,2
Male,1,Yes,22,No,No,DSL,Month-to-month,40,Yes,3
Female,0,No,72,Yes,Yes,DSL,Two year,92,No,2
Female,0,Yes,14,Yes,No,DSL,Month-to-month,80,No,0
Male,0,No,63,Yes,No,DSL,Month-to-month,19,No,1
Male,0,No,7,Yes,No,DSL,Month-to-month,19,No,1
Male,0,No,72,Yes,No,DSL,Two year,109,No,2
Male,0,Yes,7,Yes,No,Fiber optic,Month-to-month,49,Yes,1
Male,0,No,1,Yes,No,DSL,Month-to-month,45,No,0
Male,0,No,16,Yes,No,DSL,One year,75,No,0
Female,0,Yes,14,Yes,Yes,Fiber optic,Month-to-month,60,No,0
Female,0,No,1,Yes,Yes,Fiber optic,One year,71,Yes,0
Female,0,No,60,No,Yes,DSL,Month-to-month,44,No,1
Female,1,Yes,1,Yes,Yes,DSL,One year,71,Yes,3
Male,1,No,45,Yes,No,Fiber optic,Month-to-month,75,No,3
Male,0,No,1,Yes,Yes,Fiber optic,Month-to-month,46,Yes,0
Female,0,No,72,Yes,Yes,Fiber optic,One year,109,Yes,2
Male,0,Yes,6,Yes,Yes,Fiber optic,Month-to-month,19,No,1
Male,0,No,1,Yes,Yes,DSL,One year,55,No,0
Female,0,No,19,Yes,Yes,DSL,Two year,56,No,0
Female,0,Yes,24,Yes,No,DSL,One year,64,No,0
Male,0,No,64,Yes,No,Fiber optic,Month-to-month,76,No,2
Male,0,No,17,Yes,No,Fiber optic,Month-to-month,91,No,0
Female,0,No,8,Yes,No,DSL,Month-to-month,44,No,0
Female,1,No,24,Yes,No,DSL,One year,20,No,3
Male,0,No,11,Yes,No,DSL,Month-to-month,20,No,1
Female,0,No,40,Yes,Yes,Fiber optic,Two year,57,No,0
Male,0,Yes,36,Yes,No,DSL,Month-to-month,25,No,1
Male,0,No,71,Yes,Yes,Fiber optic,Month-to-month,108,Yes,2
Male,0,No,7,Yes,No,DSL,One year,19,No,1
Male,0,No,3,Yes,Yes,Fiber optic,Month-to-month,77,No,0
Female,0,No,38,Yes,No,DSL,Two year,20,No,1
Male,0,Yes,0,Yes,Yes,Fiber optic,Month-to-month,26,No,1
Female,0,Yes,1,Yes,Yes,Fiber optic,Month-to-month,75,Yes,0
Male,0,No,25,Yes,Yes,Fiber optic,Month-to-month,71,Yes,0
Male,0,Yes,69,Yes,No,DSL,Month-to-month,20,No,1
Female,1,No,36,Yes,Yes,DSL,Two year,92,No,3
Male,0,No,63,Yes,Yes,Fiber optic,Month-to-month,100,No,2
Male,0,No,12,Yes,Yes,Fiber optic,Month-to-month,96,Yes,0
Male,0,Yes,19,Yes,No,Fiber optic,Month-to-month,20,No,1
Male,0,Yes,18,Yes,No,DSL,Month-to-month,88,No,0
Male,0,No,32,Yes,No,DSL,Two year,79,No,0
Male,0,No,56,Yes,No,Fiber optic,Month-to-month,105,No,2
Female,0,No,6,Yes,No,DSL,Two year,20,Yes,1
Male,0,No,9,No,No,DSL,Month-to-month,51,No,0
Male,0,Yes,32,No,No,DSL,One year,36,No,1
Female,1,No,58,Yes,Yes,Fiber optic,One year,100,No,3
Male,0,No,8,Yes,Yes,Fiber optic,Month-to-month,59,No,0
Male,0,No,17,Yes,Yes,Fiber optic,Month-to-month,65,No,0
Male,1,No,27,Yes,Yes,Fiber optic,Month-to-month,71,No,3
Female,0,No,13,Yes,No,DSL,Month-to-month,86,No,0
Male,0,No,49,No,No,DSL,Month-to-month,50,No,1
Female,0,No,21,Yes,No,DSL,Two year,21,No,1
Male,0,No,36,No,No,DSL,Month-to-month,35,No,1
Female,1,No,1,Yes,No,DSL,Month-to-month,76,Yes,3
Female,0,Yes,42,Yes,Yes,DSL,One year,20,No,1
Female,0,Yes,16,Yes,Yes,Fiber optic,Month-to-month,80,No,0
Female,0,Yes,49,Yes,No,Fiber optic,Month-to-month,108,Yes,2
Male,1,No,64,Yes,Yes,Fiber optic,Month-to-month,102,No,3
Female,0,No,2,Yes,No,Fiber optic,Month-to-month,45,No,0
Male,0,Yes,72,Yes,No,DSL,One year,89,No,2
Female,0,No,1,No,No,DSL,Two year,25,Yes,1
Male,0,No,1,Yes,Yes,DSL,One year,95,Yes,0
Female,0,Yes,23,Yes,Yes,Fiber optic,One year,91,No,0
Male,0,Yes,12,Yes,No,DSL,Month-to-month,21,No,1
Male,1,No,12,Yes,Yes,Fiber optic,Month-to-month,99,Yes,3
Male,0,No,26,Yes,No,Fiber optic,Two year,20,No,1
